district_id,match_2001_status,match_2011_status,matched_in_both,matched_in_2001_only,matched_in_2011_only,unresolved_in_both,requires_manual_review
IND_ANDAMAN_AND_NICOBAR_ISLANDS_ANDAMAN_AND_NICOBAR_ISLANDS,fuzzy_candidate_only,fuzzy_candidate_only,False,False,False,True,True
IND_ANDAMAN_AND_NICOBAR_ISLANDS_NICOBARS,matched_exact_unique,fuzzy_candidate_only,False,True,False,False,True
IND_ANDAMAN_AND_NICOBAR_ISLANDS_NORTH_AND_MIDDLE_ANDAMAN,fuzzy_candidate_only,matched_exact_unique,False,False,True,False,True
IND_ANDAMAN_AND_NICOBAR_ISLANDS_SOUTH_ANDAMANS,fuzzy_candidate_only,fuzzy_candidate_only,False,False,False,True,True
IND_ANDHRA_PRADESH_ADILABAD,matched_exact_unique,matched_exact_unique,True,False,False,False,False
IND_ANDHRA_PRADESH_ANANTAPUR,matched_exact_unique,matched_exact_unique,True,False,False,False,False
IND_ANDHRA_PRADESH_CHITTOOR,matched_exact_unique,matched_exact_unique,True,False,False,False,False
IND_ANDHRA_PRADESH_EAST_GODAVARI,matched_exact_unique,matched_exact_unique,True,False,False,False,False
IND_ANDHRA_PRADESH_GUNTUR,matched_exact_unique,matched_exact_unique,True,False,False,False,False
IND_ANDHRA_PRADESH_HYDERABAD,matched_exact_unique,matched_exact_unique,True,False,False,False,False
IND_ANDHRA_PRADESH_KADAPA,fuzzy_candidate_only,fuzzy_candidate_only,False,False,False,True,True
IND_ANDHRA_PRADESH_KARIMNAGAR,matched_exact_unique,matched_exact_unique,True,False,False,False,False
IND_ANDHRA_PRADESH_KHAMMAM,matched_exact_unique,matched_exact_unique,True,False,False,False,False
IND_ANDHRA_PRADESH_KRISHNA,matched_exact_unique,matched_exact_unique,True,False,False,False,False
IND_ANDHRA_PRADESH_KURNOOL,matched_exact_unique,matched_exact_unique,True,False,False,False,False
IND_ANDHRA_PRADESH_MAHBUBNAGAR,matched_exact_unique,matched_exact_unique,True,False,False,False,False
IND_ANDHRA_PRADESH_MEDAK,matched_exact_unique,matched_exact_unique,True,False,False,False,False
IND_ANDHRA_PRADESH_NALGONDA,matched_exact_unique,matched_exact_unique,True,False,False,False,False
IND_ANDHRA_PRADESH_NIZAMABAD,matched_exact_unique,matched_exact_unique,True,False,False,False,False
IND_ANDHRA_PRADESH_PRAKASAM,matched_exact_unique,matched_exact_unique,True,False,False,False,False
IND_ANDHRA_PRADESH_RANGAREDDI,matched_exact_unique,fuzzy_candidate_only,False,True,False,False,True
IND_ANDHRA_PRADESH_SPSR_NELLORE,fuzzy_candidate_only,fuzzy_candidate_only,False,False,False,True,True
IND_ANDHRA_PRADESH_SRIKAKULAM,matched_exact_unique,matched_exact_unique,True,False,False,False,False
IND_ANDHRA_PRADESH_VISAKHAPATANAM,fuzzy_candidate_only,fuzzy_candidate_only,False,False,False,True,True
IND_ANDHRA_PRADESH_VIZIANAGARAM,matched_exact_unique,matched_exact_unique,True,False,False,False,False
IND_ANDHRA_PRADESH_WARANGAL,matched_exact_unique,matched_exact_unique,True,False,False,False,False
IND_ANDHRA_PRADESH_WEST_GODAVARI,matched_exact_unique,matched_exact_unique,True,False,False,False,False
IND_ARUNACHAL_PRADESH_ANJAW,fuzzy_candidate_only,matched_exact_unique,False,False,True,False,True
IND_ARUNACHAL_PRADESH_CHANGLANG,matched_exact_unique,matched_exact_unique,True,False,False,False,False
IND_ARUNACHAL_PRADESH_DIBANG_VALLEY,matched_exact_unique,matched_exact_unique,True,False,False,False,False
IND_ARUNACHAL_PRADESH_EAST_KAMENG,matched_exact_unique,matched_exact_unique,True,False,False,False,False
IND_ARUNACHAL_PRADESH_EAST_SIANG,matched_exact_unique,matched_exact_unique,True,False,False,False,False
IND_ARUNACHAL_PRADESH_KURUNG_KUMEY,fuzzy_candidate_only,matched_exact_unique,False,False,True,False,True
IND_ARUNACHAL_PRADESH_LOHIT,matched_exact_unique,matched_exact_unique,True,False,False,False,False
IND_ARUNACHAL_PRADESH_LONGDING,fuzzy_candidate_only,fuzzy_candidate_only,False,False,False,True,True
IND_ARUNACHAL_PRADESH_LOWER_DIBANG_VALLEY,fuzzy_candidate_only,matched_exact_unique,False,False,True,False,True
IND_ARUNACHAL_PRADESH_LOWER_SUBANSIRI,matched_exact_unique,matched_exact_unique,True,False,False,False,False
IND_ARUNACHAL_PRADESH_NAMSAI,fuzzy_candidate_only,fuzzy_candidate_only,False,False,False,True,True
IND_ARUNACHAL_PRADESH_PAPUM_PARE,matched_exact_unique,matched_exact_unique,True,False,False,False,False
IND_ARUNACHAL_PRADESH_TAWANG,matched_exact_unique,matched_exact_unique,True,False,False,False,False
IND_ARUNACHAL_PRADESH_TIRAP,matched_exact_unique,matched_exact_unique,True,False,False,False,False
IND_ARUNACHAL_PRADESH_UPPER_SIANG,matched_exact_unique,matched_exact_unique,True,False,False,False,False
IND_ARUNACHAL_PRADESH_UPPER_SUBANSIRI,matched_exact_unique,matched_exact_unique,True,False,False,False,False
IND_ARUNACHAL_PRADESH_WEST_KAMENG,matched_exact_unique,matched_exact_unique,True,False,False,False,False
IND_ARUNACHAL_PRADESH_WEST_SIANG,matched_exact_unique,matched_exact_unique,True,False,False,False,False
IND_ASSAM_BAKSA,fuzzy_candidate_only,matched_exact_unique,False,False,True,False,True
IND_ASSAM_BARPETA,matched_exact_unique,matched_exact_unique,True,False,False,False,False
IND_ASSAM_BONGAIGAON,matched_exact_unique,matched_exact_unique,True,False,False,False,False
IND_ASSAM_CACHAR,matched_exact_unique,matched_exact_unique,True,False,False,False,False
IND_ASSAM_CHIRANG,fuzzy_candidate_only,matched_exact_unique,False,False,True,False,True
IND_ASSAM_DARRANG,matched_exact_unique,matched_exact_unique,True,False,False,False,False
IND_ASSAM_DHEMAJI,matched_exact_unique,matched_exact_unique,True,False,False,False,False
IND_ASSAM_DHUBRI,matched_exact_unique,matched_exact_unique,True,False,False,False,False
IND_ASSAM_DIBRUGARH,matched_exact_unique,matched_exact_unique,True,False,False,False,False
IND_ASSAM_DIMA_HASAO,fuzzy_candidate_only,matched_exact_unique,False,False,True,False,True
IND_ASSAM_GOALPARA,matched_exact_unique,matched_exact_unique,True,False,False,False,False
IND_ASSAM_GOLAGHAT,matched_exact_unique,matched_exact_unique,True,False,False,False,False
IND_ASSAM_HAILAKANDI,matched_exact_unique,matched_exact_unique,True,False,False,False,False
IND_ASSAM_JORHAT,matched_exact_unique,matched_exact_unique,True,False,False,False,False
IND_ASSAM_KAMRUP,matched_exact_unique,matched_exact_unique,True,False,False,False,False
IND_ASSAM_KAMRUP_METRO,fuzzy_candidate_only,fuzzy_candidate_only,False,False,False,True,True
IND_ASSAM_KARBI_ANGLONG,matched_exact_unique,matched_exact_unique,True,False,False,False,False
IND_ASSAM_KARIMGANJ,matched_exact_unique,matched_exact_unique,True,False,False,False,False
IND_ASSAM_KOKRAJHAR,matched_exact_unique,matched_exact_unique,True,False,False,False,False
IND_ASSAM_LAKHIMPUR,matched_exact_unique,matched_exact_unique,True,False,False,False,False
IND_ASSAM_MARIGAON,matched_exact_unique,matched_exact_unique,True,False,False,False,False
IND_ASSAM_NAGAON,matched_exact_unique,matched_exact_unique,True,False,False,False,False
IND_ASSAM_NALBARI,matched_exact_unique,matched_exact_unique,True,False,False,False,False
IND_ASSAM_SIVASAGAR,fuzzy_candidate_only,matched_exact_unique,False,False,True,False,True
IND_ASSAM_SONITPUR,matched_exact_unique,matched_exact_unique,True,False,False,False,False
IND_ASSAM_TINSUKIA,matched_exact_unique,matched_exact_unique,True,False,False,False,False
IND_ASSAM_UDALGURI,fuzzy_candidate_only,matched_exact_unique,False,False,True,False,True
IND_BIHAR_ARARIA,matched_exact_unique,matched_exact_unique,True,False,False,False,False
IND_BIHAR_ARWAL,fuzzy_candidate_only,matched_exact_unique,False,False,True,False,True
IND_BIHAR_AURANGABAD,matched_exact_unique,matched_exact_unique,True,False,False,False,False
IND_BIHAR_BANKA,matched_exact_unique,matched_exact_unique,True,False,False,False,False
IND_BIHAR_BEGUSARAI,matched_exact_unique,matched_exact_unique,True,False,False,False,False
IND_BIHAR_BHAGALPUR,matched_exact_unique,matched_exact_unique,True,False,False,False,False
IND_BIHAR_BHOJPUR,matched_exact_unique,matched_exact_unique,True,False,False,False,False
IND_BIHAR_BOKARO,fuzzy_candidate_only,fuzzy_candidate_only,False,False,False,True,True
IND_BIHAR_BUXAR,matched_exact_unique,matched_exact_unique,True,False,False,False,False
IND_BIHAR_CHATRA,fuzzy_candidate_only,fuzzy_candidate_only,False,False,False,True,True
IND_BIHAR_DARBHANGA,matched_exact_unique,matched_exact_unique,True,False,False,False,False
IND_BIHAR_DEOGHAR,fuzzy_candidate_only,fuzzy_candidate_only,False,False,False,True,True
IND_BIHAR_DHANBAD,fuzzy_candidate_only,fuzzy_candidate_only,False,False,False,True,True
IND_BIHAR_DUMKA,fuzzy_candidate_only,fuzzy_candidate_only,False,False,False,True,True
IND_BIHAR_EAST_SINGHBUM,fuzzy_candidate_only,fuzzy_candidate_only,False,False,False,True,True
IND_BIHAR_GARHWA,fuzzy_candidate_only,fuzzy_candidate_only,False,False,False,True,True
IND_BIHAR_GAYA,matched_exact_unique,matched_exact_unique,True,False,False,False,False
IND_BIHAR_GIRIDIH,fuzzy_candidate_only,fuzzy_candidate_only,False,False,False,True,True
IND_BIHAR_GODDA,fuzzy_candidate_only,fuzzy_candidate_only,False,False,False,True,True
IND_BIHAR_GOPALGANJ,matched_exact_unique,matched_exact_unique,True,False,False,False,False
IND_BIHAR_GUMLA,fuzzy_candidate_only,fuzzy_candidate_only,False,False,False,True,True
IND_BIHAR_HAZARIBAGH,fuzzy_candidate_only,fuzzy_candidate_only,False,False,False,True,True
IND_BIHAR_JAMUI,matched_exact_unique,matched_exact_unique,True,False,False,False,False
IND_BIHAR_JEHANABAD,matched_exact_unique,matched_exact_unique,True,False,False,False,False
IND_BIHAR_KAIMUR_BHABUA,matched_exact_unique,matched_exact_unique,True,False,False,False,False
IND_BIHAR_KATIHAR,matched_exact_unique,matched_exact_unique,True,False,False,False,False
IND_BIHAR_KHAGARIA,matched_exact_unique,matched_exact_unique,True,False,False,False,False
IND_BIHAR_KISHANGANJ,matched_exact_unique,matched_exact_unique,True,False,False,False,False
IND_BIHAR_KODERMA,fuzzy_candidate_only,fuzzy_candidate_only,False,False,False,True,True
IND_BIHAR_LAKHISARAI,matched_exact_unique,matched_exact_unique,True,False,False,False,False
IND_BIHAR_LOHARDAGA,fuzzy_candidate_only,fuzzy_candidate_only,False,False,False,True,True
IND_BIHAR_MADHEPURA,matched_exact_unique,matched_exact_unique,True,False,False,False,False
IND_BIHAR_MADHUBANI,matched_exact_unique,matched_exact_unique,True,False,False,False,False
IND_BIHAR_MUNGER,matched_exact_unique,matched_exact_unique,True,False,False,False,False
IND_BIHAR_MUZAFFARPUR,matched_exact_unique,matched_exact_unique,True,False,False,False,False
IND_BIHAR_NALANDA,matched_exact_unique,matched_exact_unique,True,False,False,False,False
IND_BIHAR_NAWADA,matched_exact_unique,matched_exact_unique,True,False,False,False,False
IND_BIHAR_PAKUR,fuzzy_candidate_only,fuzzy_candidate_only,False,False,False,True,True
IND_BIHAR_PALAMU,fuzzy_candidate_only,fuzzy_candidate_only,False,False,False,True,True
IND_BIHAR_PASHCHIM_CHAMPARAN,matched_exact_unique,matched_exact_unique,True,False,False,False,False
IND_BIHAR_PATNA,matched_exact_unique,matched_exact_unique,True,False,False,False,False
IND_BIHAR_PURBI_CHAMPARAN,fuzzy_candidate_only,fuzzy_candidate_only,False,False,False,True,True
IND_BIHAR_PURNIA,matched_exact_unique,matched_exact_unique,True,False,False,False,False
IND_BIHAR_RANCHI,fuzzy_candidate_only,fuzzy_candidate_only,False,False,False,True,True
IND_BIHAR_ROHTAS,matched_exact_unique,matched_exact_unique,True,False,False,False,False
IND_BIHAR_SAHARSA,matched_exact_unique,matched_exact_unique,True,False,False,False,False
IND_BIHAR_SAHEBGANJ,fuzzy_candidate_only,fuzzy_candidate_only,False,False,False,True,True
IND_BIHAR_SAMASTIPUR,matched_exact_unique,matched_exact_unique,True,False,False,False,False
IND_BIHAR_SARAN,matched_exact_unique,fuzzy_candidate_only,False,True,False,False,True
IND_BIHAR_SHEIKHPURA,matched_exact_unique,matched_exact_unique,True,False,False,False,False
IND_BIHAR_SHEOHAR,matched_exact_unique,matched_exact_unique,True,False,False,False,False
IND_BIHAR_SITAMARHI,matched_exact_unique,matched_exact_unique,True,False,False,False,False
IND_BIHAR_SIWAN,matched_exact_unique,matched_exact_unique,True,False,False,False,False
IND_BIHAR_SUPAUL,matched_exact_unique,matched_exact_unique,True,False,False,False,False
IND_BIHAR_VAISHALI,matched_exact_unique,matched_exact_unique,True,False,False,False,False
IND_BIHAR_WEST_SINGHBHUM,fuzzy_candidate_only,fuzzy_candidate_only,False,False,False,True,True
IND_CHANDIGARH_CHANDIGARH,matched_exact_unique,matched_exact_unique,True,False,False,False,False
IND_CHHATTISGARH_BALOD,fuzzy_candidate_only,fuzzy_candidate_only,False,False,False,True,True
IND_CHHATTISGARH_BALODA_BAZAR,fuzzy_candidate_only,fuzzy_candidate_only,False,False,False,True,True
IND_CHHATTISGARH_BALRAMPUR,fuzzy_candidate_only,fuzzy_candidate_only,False,False,False,True,True
IND_CHHATTISGARH_BASTAR,matched_exact_unique,matched_exact_unique,True,False,False,False,False
IND_CHHATTISGARH_BEMETARA,fuzzy_candidate_only,fuzzy_candidate_only,False,False,False,True,True
IND_CHHATTISGARH_BIJAPUR,fuzzy_candidate_only,matched_exact_unique,False,False,True,False,True
IND_CHHATTISGARH_BILASPUR,matched_exact_unique,matched_exact_unique,True,False,False,False,False
IND_CHHATTISGARH_DANTEWADA,matched_exact_unique,fuzzy_candidate_only,False,True,False,False,True
IND_CHHATTISGARH_DHAMTARI,matched_exact_unique,matched_exact_unique,True,False,False,False,False
IND_CHHATTISGARH_DURG,matched_exact_unique,matched_exact_unique,True,False,False,False,False
IND_CHHATTISGARH_GARIYABAND,fuzzy_candidate_only,fuzzy_candidate_only,False,False,False,True,True
IND_CHHATTISGARH_JANJGIR_CHAMPA,matched_exact_unique,matched_exact_unique,True,False,False,False,False
IND_CHHATTISGARH_JASHPUR,matched_exact_unique,matched_exact_unique,True,False,False,False,False
IND_CHHATTISGARH_KABIRDHAM,fuzzy_candidate_only,fuzzy_candidate_only,False,False,False,True,True
IND_CHHATTISGARH_KANKER,matched_exact_unique,fuzzy_candidate_only,False,True,False,False,True
IND_CHHATTISGARH_KONDAGAON,fuzzy_candidate_only,fuzzy_candidate_only,False,False,False,True,True
IND_CHHATTISGARH_KORBA,matched_exact_unique,matched_exact_unique,True,False,False,False,False
IND_CHHATTISGARH_KOREA,fuzzy_candidate_only,fuzzy_candidate_only,False,False,False,True,True
IND_CHHATTISGARH_MAHASAMUND,matched_exact_unique,matched_exact_unique,True,False,False,False,False
IND_CHHATTISGARH_MUNGELI,fuzzy_candidate_only,fuzzy_candidate_only,False,False,False,True,True
IND_CHHATTISGARH_NARAYANPUR,fuzzy_candidate_only,matched_exact_unique,False,False,True,False,True
IND_CHHATTISGARH_RAIGARH,matched_exact_unique,matched_exact_unique,True,False,False,False,False
IND_CHHATTISGARH_RAIPUR,matched_exact_unique,matched_exact_unique,True,False,False,False,False
IND_CHHATTISGARH_RAJNANDGAON,matched_exact_unique,matched_exact_unique,True,False,False,False,False
IND_CHHATTISGARH_SUKMA,fuzzy_candidate_only,fuzzy_candidate_only,False,False,False,True,True
IND_CHHATTISGARH_SURAJPUR,fuzzy_candidate_only,fuzzy_candidate_only,False,False,False,True,True
IND_CHHATTISGARH_SURGUJA,matched_exact_unique,matched_exact_unique,True,False,False,False,False
IND_DADRA_AND_NAGAR_HAVELI_DADRA_AND_NAGAR_HAVELI,matched_exact_unique,matched_exact_unique,True,False,False,False,False
IND_DAMAN_AND_DIU_DAMAN,matched_exact_unique,matched_exact_unique,True,False,False,False,False
IND_DAMAN_AND_DIU_DAMAN_AND_DIU,fuzzy_candidate_only,fuzzy_candidate_only,False,False,False,True,True
IND_DAMAN_AND_DIU_DIU,matched_exact_unique,matched_exact_unique,True,False,False,False,False
IND_DELHI_DELHI,fuzzy_candidate_only,fuzzy_candidate_only,False,False,False,True,True
IND_DELHI_DELHI_TOTAL,fuzzy_candidate_only,fuzzy_candidate_only,False,False,False,True,True
IND_GOA_GOA,fuzzy_candidate_only,fuzzy_candidate_only,False,False,False,True,True
IND_GOA_NORTH_GOA,matched_exact_unique,matched_exact_unique,True,False,False,False,False
IND_GOA_SOUTH_GOA,matched_exact_unique,matched_exact_unique,True,False,False,False,False
IND_GUJARAT_AHMADABAD,matched_exact_unique,matched_exact_unique,True,False,False,False,False
IND_GUJARAT_AMRELI,matched_exact_unique,matched_exact_unique,True,False,False,False,False
IND_GUJARAT_ANAND,matched_exact_unique,matched_exact_unique,True,False,False,False,False
IND_GUJARAT_ARAVALLI,fuzzy_candidate_only,fuzzy_candidate_only,False,False,False,True,True
IND_GUJARAT_BANAS_KANTHA,matched_exact_unique,matched_exact_unique,True,False,False,False,False
IND_GUJARAT_BHARUCH,matched_exact_unique,matched_exact_unique,True,False,False,False,False
IND_GUJARAT_BHAVNAGAR,matched_exact_unique,matched_exact_unique,True,False,False,False,False
IND_GUJARAT_BOTAD,fuzzy_candidate_only,fuzzy_candidate_only,False,False,False,True,True
IND_GUJARAT_CHHOTAUDEPUR,fuzzy_candidate_only,fuzzy_candidate_only,False,False,False,True,True
IND_GUJARAT_DANG,fuzzy_candidate_only,fuzzy_candidate_only,False,False,False,True,True
IND_GUJARAT_DEVBHUMI_DWARKA,fuzzy_candidate_only,fuzzy_candidate_only,False,False,False,True,True
IND_GUJARAT_DOHAD,matched_exact_unique,matched_exact_unique,True,False,False,False,False
IND_GUJARAT_GANDHINAGAR,matched_exact_unique,matched_exact_unique,True,False,False,False,False
IND_GUJARAT_GIR_SOMNATH,fuzzy_candidate_only,fuzzy_candidate_only,False,False,False,True,True
IND_GUJARAT_JAMNAGAR,matched_exact_unique,matched_exact_unique,True,False,False,False,False
IND_GUJARAT_JUNAGADH,matched_exact_unique,matched_exact_unique,True,False,False,False,False
IND_GUJARAT_KACHCHH,matched_exact_unique,matched_exact_unique,True,False,False,False,False
IND_GUJARAT_KHEDA,matched_exact_unique,matched_exact_unique,True,False,False,False,False
IND_GUJARAT_MAHESANA,matched_exact_unique,matched_exact_unique,True,False,False,False,False
IND_GUJARAT_MAHISAGAR,fuzzy_candidate_only,fuzzy_candidate_only,False,False,False,True,True
IND_GUJARAT_MORBI,fuzzy_candidate_only,fuzzy_candidate_only,False,False,False,True,True
IND_GUJARAT_NARMADA,matched_exact_unique,matched_exact_unique,True,False,False,False,False
IND_GUJARAT_NAVSARI,matched_exact_unique,matched_exact_unique,True,False,False,False,False
IND_GUJARAT_PANCH_MAHALS,matched_exact_unique,matched_exact_unique,True,False,False,False,False
IND_GUJARAT_PATAN,matched_exact_unique,matched_exact_unique,True,False,False,False,False
IND_GUJARAT_PORBANDAR,matched_exact_unique,matched_exact_unique,True,False,False,False,False
IND_GUJARAT_RAJKOT,matched_exact_unique,matched_exact_unique,True,False,False,False,False
IND_GUJARAT_SABAR_KANTHA,matched_exact_unique,matched_exact_unique,True,False,False,False,False
IND_GUJARAT_SURAT,matched_exact_unique,matched_exact_unique,True,False,False,False,False
IND_GUJARAT_SURENDRANAGAR,matched_exact_unique,matched_exact_unique,True,False,False,False,False
IND_GUJARAT_TAPI,fuzzy_candidate_only,matched_exact_unique,False,False,True,False,True
IND_GUJARAT_VADODARA,matched_exact_unique,matched_exact_unique,True,False,False,False,False
IND_GUJARAT_VALSAD,matched_exact_unique,matched_exact_unique,True,False,False,False,False
IND_HARYANA_AMBALA,matched_exact_unique,matched_exact_unique,True,False,False,False,False
IND_HARYANA_BHIWANI,matched_exact_unique,matched_exact_unique,True,False,False,False,False
IND_HARYANA_CHARKI_DADRI,fuzzy_candidate_only,fuzzy_candidate_only,False,False,False,True,True
IND_HARYANA_FARIDABAD,matched_exact_unique,matched_exact_unique,True,False,False,False,False
IND_HARYANA_FATEHABAD,matched_exact_unique,matched_exact_unique,True,False,False,False,False
IND_HARYANA_GURGAON,matched_exact_unique,matched_exact_unique,True,False,False,False,False
IND_HARYANA_HISAR,matched_exact_unique,matched_exact_unique,True,False,False,False,False
IND_HARYANA_JHAJJAR,matched_exact_unique,matched_exact_unique,True,False,False,False,False
IND_HARYANA_JIND,matched_exact_unique,matched_exact_unique,True,False,False,False,False
IND_HARYANA_KAITHAL,matched_exact_unique,matched_exact_unique,True,False,False,False,False
IND_HARYANA_KARNAL,matched_exact_unique,matched_exact_unique,True,False,False,False,False
IND_HARYANA_KURUKSHETRA,matched_exact_unique,matched_exact_unique,True,False,False,False,False
IND_HARYANA_MAHENDRAGARH,matched_exact_unique,matched_exact_unique,True,False,False,False,False
IND_HARYANA_MEWAT,fuzzy_candidate_only,matched_exact_unique,False,False,True,False,True
IND_HARYANA_PALWAL,fuzzy_candidate_only,matched_exact_unique,False,False,True,False,True
IND_HARYANA_PANCHKULA,matched_exact_unique,matched_exact_unique,True,False,False,False,False
IND_HARYANA_PANIPAT,matched_exact_unique,matched_exact_unique,True,False,False,False,False
IND_HARYANA_REWARI,matched_exact_unique,matched_exact_unique,True,False,False,False,False
IND_HARYANA_ROHTAK,matched_exact_unique,matched_exact_unique,True,False,False,False,False
IND_HARYANA_SIRSA,matched_exact_unique,matched_exact_unique,True,False,False,False,False
IND_HARYANA_SONIPAT,matched_exact_unique,matched_exact_unique,True,False,False,False,False
IND_HARYANA_YAMUNANAGAR,matched_exact_unique,matched_exact_unique,True,False,False,False,False
IND_HIMACHAL_PRADESH_BILASPUR,matched_exact_unique,matched_exact_unique,True,False,False,False,False
IND_HIMACHAL_PRADESH_CHAMBA,matched_exact_unique,matched_exact_unique,True,False,False,False,False
IND_HIMACHAL_PRADESH_HAMIRPUR,matched_exact_unique,matched_exact_unique,True,False,False,False,False
IND_HIMACHAL_PRADESH_KANGRA,matched_exact_unique,matched_exact_unique,True,False,False,False,False
IND_HIMACHAL_PRADESH_KINNAUR,matched_exact_unique,matched_exact_unique,True,False,False,False,False
IND_HIMACHAL_PRADESH_KULLU,matched_exact_unique,matched_exact_unique,True,False,False,False,False
IND_HIMACHAL_PRADESH_LAHUL_AND_SPITI,matched_exact_unique,matched_exact_unique,True,False,False,False,False
IND_HIMACHAL_PRADESH_MANDI,matched_exact_unique,matched_exact_unique,True,False,False,False,False
IND_HIMACHAL_PRADESH_SHIMLA,matched_exact_unique,matched_exact_unique,True,False,False,False,False
IND_HIMACHAL_PRADESH_SIRMAUR,matched_exact_unique,matched_exact_unique,True,False,False,False,False
IND_HIMACHAL_PRADESH_SOLAN,matched_exact_unique,matched_exact_unique,True,False,False,False,False
IND_HIMACHAL_PRADESH_UNA,matched_exact_unique,matched_exact_unique,True,False,False,False,False
IND_JAMMU_AND_KASHMIR_ANANTNAG,matched_exact_unique,matched_exact_unique,True,False,False,False,False
IND_JAMMU_AND_KASHMIR_BADGAM,matched_exact_unique,matched_exact_unique,True,False,False,False,False
IND_JAMMU_AND_KASHMIR_BANDIPORA,fuzzy_candidate_only,fuzzy_candidate_only,False,False,False,True,True
IND_JAMMU_AND_KASHMIR_BARAMULLA,fuzzy_candidate_only,fuzzy_candidate_only,False,False,False,True,True
IND_JAMMU_AND_KASHMIR_DODA,matched_exact_unique,matched_exact_unique,True,False,False,False,False
IND_JAMMU_AND_KASHMIR_GANDERBAL,fuzzy_candidate_only,matched_exact_unique,False,False,True,False,True
IND_JAMMU_AND_KASHMIR_JAMMU,matched_exact_unique,matched_exact_unique,True,False,False,False,False
IND_JAMMU_AND_KASHMIR_KARGIL,matched_exact_unique,matched_exact_unique,True,False,False,False,False
IND_JAMMU_AND_KASHMIR_KATHUA,matched_exact_unique,matched_exact_unique,True,False,False,False,False
IND_JAMMU_AND_KASHMIR_KISHTWAR,fuzzy_candidate_only,matched_exact_unique,False,False,True,False,True
IND_JAMMU_AND_KASHMIR_KULGAM,fuzzy_candidate_only,matched_exact_unique,False,False,True,False,True
IND_JAMMU_AND_KASHMIR_KUPWARA,matched_exact_unique,matched_exact_unique,True,False,False,False,False
IND_JAMMU_AND_KASHMIR_LEH_LADAKH,matched_exact_unique,matched_exact_unique,True,False,False,False,False
IND_JAMMU_AND_KASHMIR_POONCH,fuzzy_candidate_only,fuzzy_candidate_only,False,False,False,True,True
IND_JAMMU_AND_KASHMIR_PULWAMA,matched_exact_unique,matched_exact_unique,True,False,False,False,False
IND_JAMMU_AND_KASHMIR_RAJAURI,matched_exact_unique,fuzzy_candidate_only,False,True,False,False,True
IND_JAMMU_AND_KASHMIR_RAMBAN,fuzzy_candidate_only,matched_exact_unique,False,False,True,False,True
IND_JAMMU_AND_KASHMIR_REASI,fuzzy_candidate_only,matched_exact_unique,False,False,True,False,True
IND_JAMMU_AND_KASHMIR_SAMBA,fuzzy_candidate_only,matched_exact_unique,False,False,True,False,True
IND_JAMMU_AND_KASHMIR_SHOPIAN,fuzzy_candidate_only,fuzzy_candidate_only,False,False,False,True,True
IND_JAMMU_AND_KASHMIR_SRINAGAR,matched_exact_unique,matched_exact_unique,True,False,False,False,False
IND_JAMMU_AND_KASHMIR_UDHAMPUR,matched_exact_unique,matched_exact_unique,True,False,False,False,False
IND_JHARKHAND_BOKARO,matched_exact_unique,matched_exact_unique,True,False,False,False,False
IND_JHARKHAND_CHATRA,matched_exact_unique,matched_exact_unique,True,False,False,False,False
IND_JHARKHAND_DEOGHAR,matched_exact_unique,matched_exact_unique,True,False,False,False,False
IND_JHARKHAND_DHANBAD,matched_exact_unique,matched_exact_unique,True,False,False,False,False
IND_JHARKHAND_DUMKA,matched_exact_unique,matched_exact_unique,True,False,False,False,False
IND_JHARKHAND_EAST_SINGHBUM,fuzzy_candidate_only,fuzzy_candidate_only,False,False,False,True,True
IND_JHARKHAND_GARHWA,matched_exact_unique,matched_exact_unique,True,False,False,False,False
IND_JHARKHAND_GIRIDIH,matched_exact_unique,matched_exact_unique,True,False,False,False,False
IND_JHARKHAND_GODDA,matched_exact_unique,matched_exact_unique,True,False,False,False,False
IND_JHARKHAND_GUMLA,matched_exact_unique,matched_exact_unique,True,False,False,False,False
IND_JHARKHAND_HAZARIBAGH,matched_exact_unique,matched_exact_unique,True,False,False,False,False
IND_JHARKHAND_JAMTARA,fuzzy_candidate_only,matched_exact_unique,False,False,True,False,True
IND_JHARKHAND_KHUNTI,fuzzy_candidate_only,matched_exact_unique,False,False,True,False,True
IND_JHARKHAND_KODERMA,fuzzy_candidate_only,fuzzy_candidate_only,False,False,False,True,True
IND_JHARKHAND_LATEHAR,fuzzy_candidate_only,matched_exact_unique,False,False,True,False,True
IND_JHARKHAND_LOHARDAGA,matched_exact_unique,matched_exact_unique,True,False,False,False,False
IND_JHARKHAND_PAKUR,fuzzy_candidate_only,matched_exact_unique,False,False,True,False,True
IND_JHARKHAND_PALAMU,matched_exact_unique,matched_exact_unique,True,False,False,False,False
IND_JHARKHAND_RAMGARH,fuzzy_candidate_only,matched_exact_unique,False,False,True,False,True
IND_JHARKHAND_RANCHI,matched_exact_unique,matched_exact_unique,True,False,False,False,False
IND_JHARKHAND_SAHEBGANJ,fuzzy_candidate_only,fuzzy_candidate_only,False,False,False,True,True
IND_JHARKHAND_SARAIKELA_KHARSAWAN,fuzzy_candidate_only,matched_exact_unique,False,False,True,False,True
IND_JHARKHAND_SIMDEGA,fuzzy_candidate_only,matched_exact_unique,False,False,True,False,True
IND_JHARKHAND_WEST_SINGHBHUM,fuzzy_candidate_only,fuzzy_candidate_only,False,False,False,True,True
IND_KARNATAKA_BAGALKOT,matched_exact_unique,matched_exact_unique,True,False,False,False,False
IND_KARNATAKA_BANGALORE_RURAL,matched_exact_unique,matched_exact_unique,True,False,False,False,False
IND_KARNATAKA_BELGAUM,matched_exact_unique,matched_exact_unique,True,False,False,False,False
IND_KARNATAKA_BELLARY,matched_exact_unique,matched_exact_unique,True,False,False,False,False
IND_KARNATAKA_BENGALURU_URBAN,fuzzy_candidate_only,fuzzy_candidate_only,False,False,False,True,True
IND_KARNATAKA_BIDAR,matched_exact_unique,matched_exact_unique,True,False,False,False,False
IND_KARNATAKA_BIJAPUR,matched_exact_unique,matched_exact_unique,True,False,False,False,False
IND_KARNATAKA_CHAMARAJANAGAR,matched_exact_unique,fuzzy_candidate_only,False,True,False,False,True
IND_KARNATAKA_CHIKBALLAPUR,fuzzy_candidate_only,fuzzy_candidate_only,False,False,False,True,True
IND_KARNATAKA_CHIKMAGALUR,matched_exact_unique,matched_exact_unique,True,False,False,False,False
IND_KARNATAKA_CHITRADURGA,matched_exact_unique,matched_exact_unique,True,False,False,False,False
IND_KARNATAKA_DAKSHIN_KANNAD,fuzzy_candidate_only,fuzzy_candidate_only,False,False,False,True,True
IND_KARNATAKA_DAVANGERE,fuzzy_candidate_only,fuzzy_candidate_only,False,False,False,True,True
IND_KARNATAKA_DHARWAD,matched_exact_unique,matched_exact_unique,True,False,False,False,False
IND_KARNATAKA_GADAG,matched_exact_unique,matched_exact_unique,True,False,False,False,False
IND_KARNATAKA_GULBARGA,matched_exact_unique,matched_exact_unique,True,False,False,False,False
IND_KARNATAKA_HASSAN,matched_exact_unique,matched_exact_unique,True,False,False,False,False
IND_KARNATAKA_HAVERI,matched_exact_unique,matched_exact_unique,True,False,False,False,False
IND_KARNATAKA_KODAGU,matched_exact_unique,matched_exact_unique,True,False,False,False,False
IND_KARNATAKA_KOLAR,matched_exact_unique,matched_exact_unique,True,False,False,False,False
IND_KARNATAKA_KOPPAL,matched_exact_unique,matched_exact_unique,True,False,False,False,False
IND_KARNATAKA_MANDYA,matched_exact_unique,matched_exact_unique,True,False,False,False,False
IND_KARNATAKA_MYSORE,matched_exact_unique,matched_exact_unique,True,False,False,False,False
IND_KARNATAKA_RAICHUR,matched_exact_unique,matched_exact_unique,True,False,False,False,False
IND_KARNATAKA_RAMANAGARA,fuzzy_candidate_only,matched_exact_unique,False,False,True,False,True
IND_KARNATAKA_SHIMOGA,matched_exact_unique,matched_exact_unique,True,False,False,False,False
IND_KARNATAKA_TUMKUR,matched_exact_unique,matched_exact_unique,True,False,False,False,False
IND_KARNATAKA_UDUPI,matched_exact_unique,matched_exact_unique,True,False,False,False,False
IND_KARNATAKA_UTTAR_KANNAD,fuzzy_candidate_only,fuzzy_candidate_only,False,False,False,True,True
IND_KARNATAKA_YADGIR,fuzzy_candidate_only,matched_exact_unique,False,False,True,False,True
IND_KERALA_ALAPPUZHA,matched_exact_unique,matched_exact_unique,True,False,False,False,False
IND_KERALA_ERNAKULAM,matched_exact_unique,matched_exact_unique,True,False,False,False,False
IND_KERALA_IDUKKI,matched_exact_unique,matched_exact_unique,True,False,False,False,False
IND_KERALA_KANNUR,matched_exact_unique,matched_exact_unique,True,False,False,False,False
IND_KERALA_KASARAGOD,matched_exact_unique,matched_exact_unique,True,False,False,False,False
IND_KERALA_KOLLAM,matched_exact_unique,matched_exact_unique,True,False,False,False,False
IND_KERALA_KOTTAYAM,matched_exact_unique,matched_exact_unique,True,False,False,False,False
IND_KERALA_KOZHIKODE,matched_exact_unique,matched_exact_unique,True,False,False,False,False
IND_KERALA_MALAPPURAM,matched_exact_unique,matched_exact_unique,True,False,False,False,False
IND_KERALA_PALAKKAD,matched_exact_unique,matched_exact_unique,True,False,False,False,False
IND_KERALA_PATHANAMTHITTA,matched_exact_unique,matched_exact_unique,True,False,False,False,False
IND_KERALA_THIRUVANANTHAPURAM,matched_exact_unique,matched_exact_unique,True,False,False,False,False
IND_KERALA_THRISSUR,matched_exact_unique,matched_exact_unique,True,False,False,False,False
IND_KERALA_WAYANAD,matched_exact_unique,matched_exact_unique,True,False,False,False,False
IND_MADHYA_PRADESH_AGAR_MALWA,fuzzy_candidate_only,fuzzy_candidate_only,False,False,False,True,True
IND_MADHYA_PRADESH_ALIRAJPUR,fuzzy_candidate_only,matched_exact_unique,False,False,True,False,True
IND_MADHYA_PRADESH_ANUPPUR,fuzzy_candidate_only,matched_exact_unique,False,False,True,False,True
IND_MADHYA_PRADESH_ASHOKNAGAR,fuzzy_candidate_only,matched_exact_unique,False,False,True,False,True
IND_MADHYA_PRADESH_BALAGHAT,matched_exact_unique,matched_exact_unique,True,False,False,False,False
IND_MADHYA_PRADESH_BARWANI,matched_exact_unique,matched_exact_unique,True,False,False,False,False
IND_MADHYA_PRADESH_BASTAR,fuzzy_candidate_only,fuzzy_candidate_only,False,False,False,True,True
IND_MADHYA_PRADESH_BETUL,matched_exact_unique,matched_exact_unique,True,False,False,False,False
IND_MADHYA_PRADESH_BHIND,matched_exact_unique,matched_exact_unique,True,False,False,False,False
IND_MADHYA_PRADESH_BHOPAL,matched_exact_unique,matched_exact_unique,True,False,False,False,False
IND_MADHYA_PRADESH_BILASPUR,fuzzy_candidate_only,fuzzy_candidate_only,False,False,False,True,True
IND_MADHYA_PRADESH_BURHANPUR,fuzzy_candidate_only,matched_exact_unique,False,False,True,False,True
IND_MADHYA_PRADESH_CHHATARPUR,matched_exact_unique,matched_exact_unique,True,False,False,False,False
IND_MADHYA_PRADESH_CHHINDWARA,matched_exact_unique,matched_exact_unique,True,False,False,False,False
IND_MADHYA_PRADESH_DAMOH,matched_exact_unique,matched_exact_unique,True,False,False,False,False
IND_MADHYA_PRADESH_DANTEWADA,fuzzy_candidate_only,fuzzy_candidate_only,False,False,False,True,True
IND_MADHYA_PRADESH_DATIA,matched_exact_unique,matched_exact_unique,True,False,False,False,False
IND_MADHYA_PRADESH_DEWAS,matched_exact_unique,matched_exact_unique,True,False,False,False,False
IND_MADHYA_PRADESH_DHAMTARI,fuzzy_candidate_only,fuzzy_candidate_only,False,False,False,True,True
IND_MADHYA_PRADESH_DHAR,matched_exact_unique,matched_exact_unique,True,False,False,False,False
IND_MADHYA_PRADESH_DINDORI,matched_exact_unique,matched_exact_unique,True,False,False,False,False
IND_MADHYA_PRADESH_DURG,fuzzy_candidate_only,fuzzy_candidate_only,False,False,False,True,True
IND_MADHYA_PRADESH_GUNA,matched_exact_unique,matched_exact_unique,True,False,False,False,False
IND_MADHYA_PRADESH_GWALIOR,matched_exact_unique,matched_exact_unique,True,False,False,False,False
IND_MADHYA_PRADESH_HARDA,matched_exact_unique,matched_exact_unique,True,False,False,False,False
IND_MADHYA_PRADESH_HOSHANGABAD,matched_exact_unique,matched_exact_unique,True,False,False,False,False
IND_MADHYA_PRADESH_INDORE,matched_exact_unique,matched_exact_unique,True,False,False,False,False
IND_MADHYA_PRADESH_JABALPUR,matched_exact_unique,matched_exact_unique,True,False,False,False,False
IND_MADHYA_PRADESH_JANJGIR_CHAMPA,fuzzy_candidate_only,fuzzy_candidate_only,False,False,False,True,True
IND_MADHYA_PRADESH_JASHPUR,fuzzy_candidate_only,fuzzy_candidate_only,False,False,False,True,True
IND_MADHYA_PRADESH_JHABUA,matched_exact_unique,matched_exact_unique,True,False,False,False,False
IND_MADHYA_PRADESH_KABIRDHAM,fuzzy_candidate_only,fuzzy_candidate_only,False,False,False,True,True
IND_MADHYA_PRADESH_KANKER,fuzzy_candidate_only,fuzzy_candidate_only,False,False,False,True,True
IND_MADHYA_PRADESH_KATNI,matched_exact_unique,matched_exact_unique,True,False,False,False,False
IND_MADHYA_PRADESH_KHANDWA,fuzzy_candidate_only,fuzzy_candidate_only,False,False,False,True,True
IND_MADHYA_PRADESH_KHARGONE,fuzzy_candidate_only,fuzzy_candidate_only,False,False,False,True,True
IND_MADHYA_PRADESH_KORBA,fuzzy_candidate_only,fuzzy_candidate_only,False,False,False,True,True
IND_MADHYA_PRADESH_KOREA,fuzzy_candidate_only,fuzzy_candidate_only,False,False,False,True,True
IND_MADHYA_PRADESH_MAHASAMUND,fuzzy_candidate_only,fuzzy_candidate_only,False,False,False,True,True
IND_MADHYA_PRADESH_MANDLA,matched_exact_unique,matched_exact_unique,True,False,False,False,False
IND_MADHYA_PRADESH_MANDSAUR,matched_exact_unique,matched_exact_unique,True,False,False,False,False
IND_MADHYA_PRADESH_MORENA,matched_exact_unique,matched_exact_unique,True,False,False,False,False
IND_MADHYA_PRADESH_NARSINGHPUR,fuzzy_candidate_only,fuzzy_candidate_only,False,False,False,True,True
IND_MADHYA_PRADESH_NEEMUCH,matched_exact_unique,matched_exact_unique,True,False,False,False,False
IND_MADHYA_PRADESH_PANNA,matched_exact_unique,matched_exact_unique,True,False,False,False,False
IND_MADHYA_PRADESH_RAIPUR,fuzzy_candidate_only,fuzzy_candidate_only,False,False,False,True,True
IND_MADHYA_PRADESH_RAISEN,matched_exact_unique,matched_exact_unique,True,False,False,False,False
IND_MADHYA_PRADESH_RAJGARH,matched_exact_unique,matched_exact_unique,True,False,False,False,False
IND_MADHYA_PRADESH_RAJNANDGAON,fuzzy_candidate_only,fuzzy_candidate_only,False,False,False,True,True
IND_MADHYA_PRADESH_RATLAM,matched_exact_unique,matched_exact_unique,True,False,False,False,False
IND_MADHYA_PRADESH_REWA,matched_exact_unique,matched_exact_unique,True,False,False,False,False
IND_MADHYA_PRADESH_SAGAR,matched_exact_unique,matched_exact_unique,True,False,False,False,False
IND_MADHYA_PRADESH_SATNA,matched_exact_unique,matched_exact_unique,True,False,False,False,False
IND_MADHYA_PRADESH_SEHORE,matched_exact_unique,matched_exact_unique,True,False,False,False,False
IND_MADHYA_PRADESH_SEONI,matched_exact_unique,matched_exact_unique,True,False,False,False,False
IND_MADHYA_PRADESH_SHAHDOL,matched_exact_unique,matched_exact_unique,True,False,False,False,False
IND_MADHYA_PRADESH_SHAJAPUR,matched_exact_unique,matched_exact_unique,True,False,False,False,False
IND_MADHYA_PRADESH_SHEOPUR,matched_exact_unique,matched_exact_unique,True,False,False,False,False
IND_MADHYA_PRADESH_SHIVPURI,matched_exact_unique,matched_exact_unique,True,False,False,False,False
IND_MADHYA_PRADESH_SIDHI,matched_exact_unique,matched_exact_unique,True,False,False,False,False
IND_MADHYA_PRADESH_SINGRAULI,fuzzy_candidate_only,matched_exact_unique,False,False,True,False,True
IND_MADHYA_PRADESH_SURGUJA,fuzzy_candidate_only,fuzzy_candidate_only,False,False,False,True,True
IND_MADHYA_PRADESH_TIKAMGARH,matched_exact_unique,matched_exact_unique,True,False,False,False,False
IND_MADHYA_PRADESH_UJJAIN,matched_exact_unique,matched_exact_unique,True,False,False,False,False
IND_MADHYA_PRADESH_UMARIA,matched_exact_unique,matched_exact_unique,True,False,False,False,False
IND_MADHYA_PRADESH_VIDISHA,matched_exact_unique,matched_exact_unique,True,False,False,False,False
IND_MAHARASHTRA_AHMEDNAGAR,fuzzy_candidate_only,fuzzy_candidate_only,False,False,False,True,True
IND_MAHARASHTRA_AKOLA,matched_exact_unique,matched_exact_unique,True,False,False,False,False
IND_MAHARASHTRA_AMRAVATI,matched_exact_unique,matched_exact_unique,True,False,False,False,False
IND_MAHARASHTRA_AURANGABAD,matched_exact_unique,matched_exact_unique,True,False,False,False,False
IND_MAHARASHTRA_BEED,fuzzy_candidate_only,fuzzy_candidate_only,False,False,False,True,True
IND_MAHARASHTRA_BHANDARA,matched_exact_unique,matched_exact_unique,True,False,False,False,False
IND_MAHARASHTRA_BULDHANA,fuzzy_candidate_only,fuzzy_candidate_only,False,False,False,True,True
IND_MAHARASHTRA_CHANDRAPUR,matched_exact_unique,matched_exact_unique,True,False,False,False,False
IND_MAHARASHTRA_DHULE,matched_exact_unique,matched_exact_unique,True,False,False,False,False
IND_MAHARASHTRA_GADCHIROLI,matched_exact_unique,fuzzy_candidate_only,False,True,False,False,True
IND_MAHARASHTRA_GONDIA,fuzzy_candidate_only,fuzzy_candidate_only,False,False,False,True,True
IND_MAHARASHTRA_HINGOLI,matched_exact_unique,matched_exact_unique,True,False,False,False,False
IND_MAHARASHTRA_JALGAON,matched_exact_unique,matched_exact_unique,True,False,False,False,False
IND_MAHARASHTRA_JALNA,matched_exact_unique,matched_exact_unique,True,False,False,False,False
IND_MAHARASHTRA_KOLHAPUR,matched_exact_unique,matched_exact_unique,True,False,False,False,False
IND_MAHARASHTRA_LATUR,matched_exact_unique,matched_exact_unique,True,False,False,False,False
IND_MAHARASHTRA_MUMBAI,matched_exact_unique,matched_exact_unique,True,False,False,False,False
IND_MAHARASHTRA_NAGPUR,matched_exact_unique,matched_exact_unique,True,False,False,False,False
IND_MAHARASHTRA_NANDED,matched_exact_unique,matched_exact_unique,True,False,False,False,False
IND_MAHARASHTRA_NANDURBAR,matched_exact_unique,matched_exact_unique,True,False,False,False,False
IND_MAHARASHTRA_NASHIK,matched_exact_unique,matched_exact_unique,True,False,False,False,False
IND_MAHARASHTRA_OSMANABAD,matched_exact_unique,matched_exact_unique,True,False,False,False,False
IND_MAHARASHTRA_PALGHAR,fuzzy_candidate_only,fuzzy_candidate_only,False,False,False,True,True
IND_MAHARASHTRA_PARBHANI,matched_exact_unique,matched_exact_unique,True,False,False,False,False
IND_MAHARASHTRA_PUNE,matched_exact_unique,matched_exact_unique,True,False,False,False,False
IND_MAHARASHTRA_RAIGAD,fuzzy_candidate_only,fuzzy_candidate_only,False,False,False,True,True
IND_MAHARASHTRA_RATNAGIRI,matched_exact_unique,matched_exact_unique,True,False,False,False,False
IND_MAHARASHTRA_SANGLI,matched_exact_unique,matched_exact_unique,True,False,False,False,False
IND_MAHARASHTRA_SATARA,matched_exact_unique,matched_exact_unique,True,False,False,False,False
IND_MAHARASHTRA_SINDHUDURG,matched_exact_unique,matched_exact_unique,True,False,False,False,False
IND_MAHARASHTRA_SOLAPUR,matched_exact_unique,matched_exact_unique,True,False,False,False,False
IND_MAHARASHTRA_THANE,matched_exact_unique,matched_exact_unique,True,False,False,False,False
IND_MAHARASHTRA_WARDHA,matched_exact_unique,matched_exact_unique,True,False,False,False,False
IND_MAHARASHTRA_WASHIM,matched_exact_unique,matched_exact_unique,True,False,False,False,False
IND_MAHARASHTRA_YAVATMAL,matched_exact_unique,matched_exact_unique,True,False,False,False,False
IND_MANIPUR_BISHNUPUR,matched_exact_unique,matched_exact_unique,True,False,False,False,False
IND_MANIPUR_CHANDEL,matched_exact_unique,matched_exact_unique,True,False,False,False,False
IND_MANIPUR_CHURACHANDPUR,matched_exact_unique,matched_exact_unique,True,False,False,False,False
IND_MANIPUR_IMPHAL_EAST,matched_exact_unique,matched_exact_unique,True,False,False,False,False
IND_MANIPUR_IMPHAL_WEST,matched_exact_unique,matched_exact_unique,True,False,False,False,False
IND_MANIPUR_SENAPATI,fuzzy_candidate_only,matched_exact_unique,False,False,True,False,True
IND_MANIPUR_TAMENGLONG,matched_exact_unique,matched_exact_unique,True,False,False,False,False
IND_MANIPUR_THOUBAL,matched_exact_unique,matched_exact_unique,True,False,False,False,False
IND_MANIPUR_UKHRUL,matched_exact_unique,matched_exact_unique,True,False,False,False,False
IND_MEGHALAYA_EAST_GARO_HILLS,matched_exact_unique,matched_exact_unique,True,False,False,False,False
IND_MEGHALAYA_EAST_JAINTIA_HILLS,fuzzy_candidate_only,fuzzy_candidate_only,False,False,False,True,True
IND_MEGHALAYA_EAST_KHASI_HILLS,matched_exact_unique,matched_exact_unique,True,False,False,False,False
IND_MEGHALAYA_NORTH_GARO_HILLS,fuzzy_candidate_only,fuzzy_candidate_only,False,False,False,True,True
IND_MEGHALAYA_RI_BHOI,matched_exact_unique,matched_exact_unique,True,False,False,False,False
IND_MEGHALAYA_SOUTH_GARO_HILLS,matched_exact_unique,matched_exact_unique,True,False,False,False,False
IND_MEGHALAYA_SOUTH_WEST_GARO_HILLS,fuzzy_candidate_only,fuzzy_candidate_only,False,False,False,True,True
IND_MEGHALAYA_SOUTH_WEST_KHASI_HILLS,fuzzy_candidate_only,fuzzy_candidate_only,False,False,False,True,True
IND_MEGHALAYA_WEST_GARO_HILLS,matched_exact_unique,matched_exact_unique,True,False,False,False,False
IND_MEGHALAYA_WEST_JAINTIA_HILLS,fuzzy_candidate_only,fuzzy_candidate_only,False,False,False,True,True
IND_MEGHALAYA_WEST_KHASI_HILLS,matched_exact_unique,matched_exact_unique,True,False,False,False,False
IND_MIZORAM_AIZAWL,matched_exact_unique,matched_exact_unique,True,False,False,False,False
IND_MIZORAM_CHAMPHAI,matched_exact_unique,matched_exact_unique,True,False,False,False,False
IND_MIZORAM_KOLASIB,matched_exact_unique,matched_exact_unique,True,False,False,False,False
IND_MIZORAM_LAWNGTLAI,matched_exact_unique,fuzzy_candidate_only,False,True,False,False,True
IND_MIZORAM_LUNGLEI,matched_exact_unique,matched_exact_unique,True,False,False,False,False
IND_MIZORAM_MAMIT,matched_exact_unique,matched_exact_unique,True,False,False,False,False
IND_MIZORAM_SAIHA,matched_exact_unique,matched_exact_unique,True,False,False,False,False
IND_MIZORAM_SERCHHIP,matched_exact_unique,matched_exact_unique,True,False,False,False,False
IND_NAGALAND_DIMAPUR,matched_exact_unique,matched_exact_unique,True,False,False,False,False
IND_NAGALAND_KIPHIRE,fuzzy_candidate_only,matched_exact_unique,False,False,True,False,True
IND_NAGALAND_KOHIMA,matched_exact_unique,matched_exact_unique,True,False,False,False,False
IND_NAGALAND_LONGLENG,fuzzy_candidate_only,matched_exact_unique,False,False,True,False,True
IND_NAGALAND_MOKOKCHUNG,matched_exact_unique,matched_exact_unique,True,False,False,False,False
IND_NAGALAND_MON,matched_exact_unique,matched_exact_unique,True,False,False,False,False
IND_NAGALAND_PEREN,fuzzy_candidate_only,matched_exact_unique,False,False,True,False,True
IND_NAGALAND_PHEK,matched_exact_unique,matched_exact_unique,True,False,False,False,False
IND_NAGALAND_TUENSANG,matched_exact_unique,matched_exact_unique,True,False,False,False,False
IND_NAGALAND_WOKHA,matched_exact_unique,matched_exact_unique,True,False,False,False,False
IND_NAGALAND_ZUNHEBOTO,matched_exact_unique,matched_exact_unique,True,False,False,False,False
IND_ODISHA_ANUGUL,matched_exact_unique,matched_exact_unique,True,False,False,False,False
IND_ODISHA_BALANGIR,matched_exact_unique,matched_exact_unique,True,False,False,False,False
IND_ODISHA_BALESHWAR,matched_exact_unique,matched_exact_unique,True,False,False,False,False
IND_ODISHA_BARGARH,matched_exact_unique,matched_exact_unique,True,False,False,False,False
IND_ODISHA_BHADRAK,matched_exact_unique,matched_exact_unique,True,False,False,False,False
IND_ODISHA_BOUDH,fuzzy_candidate_only,fuzzy_candidate_only,False,False,False,True,True
IND_ODISHA_CUTTACK,matched_exact_unique,matched_exact_unique,True,False,False,False,False
IND_ODISHA_DEOGARH,fuzzy_candidate_only,fuzzy_candidate_only,False,False,False,True,True
IND_ODISHA_DHENKANAL,matched_exact_unique,matched_exact_unique,True,False,False,False,False
IND_ODISHA_GAJAPATI,matched_exact_unique,matched_exact_unique,True,False,False,False,False
IND_ODISHA_GANJAM,matched_exact_unique,matched_exact_unique,True,False,False,False,False
IND_ODISHA_JAGATSINGHAPUR,matched_exact_unique,matched_exact_unique,True,False,False,False,False
IND_ODISHA_JAJAPUR,matched_exact_unique,matched_exact_unique,True,False,False,False,False
IND_ODISHA_JHARSUGUDA,matched_exact_unique,matched_exact_unique,True,False,False,False,False
IND_ODISHA_KALAHANDI,matched_exact_unique,matched_exact_unique,True,False,False,False,False
IND_ODISHA_KANDHAMAL,matched_exact_unique,matched_exact_unique,True,False,False,False,False
IND_ODISHA_KENDRAPARA,matched_exact_unique,matched_exact_unique,True,False,False,False,False
IND_ODISHA_KENDUJHAR,matched_exact_unique,matched_exact_unique,True,False,False,False,False
IND_ODISHA_KHORDHA,matched_exact_unique,matched_exact_unique,True,False,False,False,False
IND_ODISHA_KORAPUT,matched_exact_unique,matched_exact_unique,True,False,False,False,False
IND_ODISHA_MALKANGIRI,matched_exact_unique,matched_exact_unique,True,False,False,False,False
IND_ODISHA_MAYURBHANJ,matched_exact_unique,matched_exact_unique,True,False,False,False,False
IND_ODISHA_NABARANGPUR,fuzzy_candidate_only,fuzzy_candidate_only,False,False,False,True,True
IND_ODISHA_NAYAGARH,matched_exact_unique,matched_exact_unique,True,False,False,False,False
IND_ODISHA_NUAPADA,matched_exact_unique,matched_exact_unique,True,False,False,False,False
IND_ODISHA_PURI,matched_exact_unique,matched_exact_unique,True,False,False,False,False
IND_ODISHA_RAYAGADA,matched_exact_unique,matched_exact_unique,True,False,False,False,False
IND_ODISHA_SAMBALPUR,matched_exact_unique,matched_exact_unique,True,False,False,False,False
IND_ODISHA_SONEPUR,fuzzy_candidate_only,fuzzy_candidate_only,False,False,False,True,True
IND_ODISHA_SUNDARGARH,matched_exact_unique,matched_exact_unique,True,False,False,False,False
IND_PUDUCHERRY_KARAIKAL,matched_exact_unique,matched_exact_unique,True,False,False,False,False
IND_PUDUCHERRY_MAHE,matched_exact_unique,matched_exact_unique,True,False,False,False,False
IND_PUDUCHERRY_PONDICHERRY,matched_exact_unique,fuzzy_candidate_only,False,True,False,False,True
IND_PUDUCHERRY_YANAM,matched_exact_unique,matched_exact_unique,True,False,False,False,False
IND_PUNJAB_AMRITSAR,matched_exact_unique,matched_exact_unique,True,False,False,False,False
IND_PUNJAB_BARNALA,fuzzy_candidate_only,matched_exact_unique,False,False,True,False,True
IND_PUNJAB_BATHINDA,matched_exact_unique,matched_exact_unique,True,False,False,False,False
IND_PUNJAB_FARIDKOT,matched_exact_unique,matched_exact_unique,True,False,False,False,False
IND_PUNJAB_FATEHGARH_SAHIB,matched_exact_unique,matched_exact_unique,True,False,False,False,False
IND_PUNJAB_FAZILKA,fuzzy_candidate_only,fuzzy_candidate_only,False,False,False,True,True
IND_PUNJAB_FIROZEPUR,fuzzy_candidate_only,fuzzy_candidate_only,False,False,False,True,True
IND_PUNJAB_GURDASPUR,matched_exact_unique,matched_exact_unique,True,False,False,False,False
IND_PUNJAB_HOSHIARPUR,matched_exact_unique,matched_exact_unique,True,False,False,False,False
IND_PUNJAB_JALANDHAR,matched_exact_unique,matched_exact_unique,True,False,False,False,False
IND_PUNJAB_KAPURTHALA,matched_exact_unique,matched_exact_unique,True,False,False,False,False
IND_PUNJAB_LUDHIANA,matched_exact_unique,matched_exact_unique,True,False,False,False,False
IND_PUNJAB_MANSA,matched_exact_unique,matched_exact_unique,True,False,False,False,False
IND_PUNJAB_MOGA,matched_exact_unique,matched_exact_unique,True,False,False,False,False
IND_PUNJAB_MUKTSAR,matched_exact_unique,matched_exact_unique,True,False,False,False,False
IND_PUNJAB_NAWANSHAHR,matched_exact_unique,fuzzy_candidate_only,False,True,False,False,True
IND_PUNJAB_PATHANKOT,fuzzy_candidate_only,fuzzy_candidate_only,False,False,False,True,True
IND_PUNJAB_PATIALA,matched_exact_unique,matched_exact_unique,True,False,False,False,False
IND_PUNJAB_RUPNAGAR,matched_exact_unique,matched_exact_unique,True,False,False,False,False
IND_PUNJAB_S,fuzzy_candidate_only,matched_manual_override,False,False,True,False,True
IND_PUNJAB_SANGRUR,matched_exact_unique,matched_exact_unique,True,False,False,False,False
IND_PUNJAB_S_A_S_NAGAR,fuzzy_candidate_only,matched_alias_unique,False,False,True,False,True
IND_PUNJAB_TARN_TARAN,fuzzy_candidate_only,matched_exact_unique,False,False,True,False,True
IND_RAJASTHAN_AJMER,matched_exact_unique,matched_exact_unique,True,False,False,False,False
IND_RAJASTHAN_ALWAR,matched_exact_unique,matched_exact_unique,True,False,False,False,False
IND_RAJASTHAN_BANSWARA,matched_exact_unique,matched_exact_unique,True,False,False,False,False
IND_RAJASTHAN_BARAN,matched_exact_unique,matched_exact_unique,True,False,False,False,False
IND_RAJASTHAN_BARMER,matched_exact_unique,matched_exact_unique,True,False,False,False,False
IND_RAJASTHAN_BHARATPUR,matched_exact_unique,matched_exact_unique,True,False,False,False,False
IND_RAJASTHAN_BHILWARA,matched_exact_unique,matched_exact_unique,True,False,False,False,False
IND_RAJASTHAN_BIKANER,matched_exact_unique,matched_exact_unique,True,False,False,False,False
IND_RAJASTHAN_BUNDI,matched_exact_unique,matched_exact_unique,True,False,False,False,False
IND_RAJASTHAN_CHITTORGARH,fuzzy_candidate_only,fuzzy_candidate_only,False,False,False,True,True
IND_RAJASTHAN_CHURU,matched_exact_unique,matched_exact_unique,True,False,False,False,False
IND_RAJASTHAN_DAUSA,matched_exact_unique,matched_exact_unique,True,False,False,False,False
IND_RAJASTHAN_DHOLPUR,fuzzy_candidate_only,fuzzy_candidate_only,False,False,False,True,True
IND_RAJASTHAN_DUNGARPUR,matched_exact_unique,matched_exact_unique,True,False,False,False,False
IND_RAJASTHAN_GANGANAGAR,matched_exact_unique,matched_exact_unique,True,False,False,False,False
IND_RAJASTHAN_HANUMANGARH,matched_exact_unique,matched_exact_unique,True,False,False,False,False
IND_RAJASTHAN_JAIPUR,matched_exact_unique,matched_exact_unique,True,False,False,False,False
IND_RAJASTHAN_JAISALMER,matched_exact_unique,matched_exact_unique,True,False,False,False,False
IND_RAJASTHAN_JALORE,fuzzy_candidate_only,fuzzy_candidate_only,False,False,False,True,True
IND_RAJASTHAN_JHALAWAR,matched_exact_unique,matched_exact_unique,True,False,False,False,False
IND_RAJASTHAN_JHUNJHUNU,fuzzy_candidate_only,fuzzy_candidate_only,False,False,False,True,True
IND_RAJASTHAN_JODHPUR,matched_exact_unique,matched_exact_unique,True,False,False,False,False
IND_RAJASTHAN_KARAULI,matched_exact_unique,matched_exact_unique,True,False,False,False,False
IND_RAJASTHAN_KOTA,matched_exact_unique,matched_exact_unique,True,False,False,False,False
IND_RAJASTHAN_NAGAUR,matched_exact_unique,matched_exact_unique,True,False,False,False,False
IND_RAJASTHAN_PALI,matched_exact_unique,matched_exact_unique,True,False,False,False,False
IND_RAJASTHAN_PRATAPGARH,fuzzy_candidate_only,matched_exact_unique,False,False,True,False,True
IND_RAJASTHAN_RAJSAMAND,matched_exact_unique,matched_exact_unique,True,False,False,False,False
IND_RAJASTHAN_SAWAI_MADHOPUR,matched_exact_unique,matched_exact_unique,True,False,False,False,False
IND_RAJASTHAN_SIKAR,matched_exact_unique,matched_exact_unique,True,False,False,False,False
IND_RAJASTHAN_SIROHI,matched_exact_unique,matched_exact_unique,True,False,False,False,False
IND_RAJASTHAN_TONK,matched_exact_unique,matched_exact_unique,True,False,False,False,False
IND_RAJASTHAN_UDAIPUR,matched_exact_unique,matched_exact_unique,True,False,False,False,False
IND_SIKKIM_EAST_DISTRICT,fuzzy_candidate_only,fuzzy_candidate_only,False,False,False,True,True
IND_SIKKIM_NORTH_DISTRICT,fuzzy_candidate_only,fuzzy_candidate_only,False,False,False,True,True
IND_SIKKIM_SOUTH_DISTRICT,fuzzy_candidate_only,fuzzy_candidate_only,False,False,False,True,True
IND_SIKKIM_WEST_DISTRICT,fuzzy_candidate_only,fuzzy_candidate_only,False,False,False,True,True
IND_TAMIL_NADU_ARIYALUR,matched_exact_unique,matched_exact_unique,True,False,False,False,False
IND_TAMIL_NADU_COIMBATORE,matched_exact_unique,matched_exact_unique,True,False,False,False,False
IND_TAMIL_NADU_CUDDALORE,matched_exact_unique,matched_exact_unique,True,False,False,False,False
IND_TAMIL_NADU_DHARMAPURI,matched_exact_unique,matched_exact_unique,True,False,False,False,False
IND_TAMIL_NADU_DINDIGUL,matched_exact_unique,matched_exact_unique,True,False,False,False,False
IND_TAMIL_NADU_ERODE,matched_exact_unique,matched_exact_unique,True,False,False,False,False
IND_TAMIL_NADU_KANCHIPURAM,fuzzy_candidate_only,fuzzy_candidate_only,False,False,False,True,True
IND_TAMIL_NADU_KANNIYAKUMARI,matched_exact_unique,matched_exact_unique,True,False,False,False,False
IND_TAMIL_NADU_KARUR,matched_exact_unique,matched_exact_unique,True,False,False,False,False
IND_TAMIL_NADU_KRISHNAGIRI,fuzzy_candidate_only,matched_exact_unique,False,False,True,False,True
IND_TAMIL_NADU_MADURAI,matched_exact_unique,matched_exact_unique,True,False,False,False,False
IND_TAMIL_NADU_NAGAPATTINAM,matched_exact_unique,fuzzy_candidate_only,False,True,False,False,True
IND_TAMIL_NADU_NAMAKKAL,matched_exact_unique,matched_exact_unique,True,False,False,False,False
IND_TAMIL_NADU_PERAMBALUR,matched_exact_unique,matched_exact_unique,True,False,False,False,False
IND_TAMIL_NADU_PUDUKKOTTAI,matched_exact_unique,matched_exact_unique,True,False,False,False,False
IND_TAMIL_NADU_RAMANATHAPURAM,matched_exact_unique,matched_exact_unique,True,False,False,False,False
IND_TAMIL_NADU_SALEM,matched_exact_unique,matched_exact_unique,True,False,False,False,False
IND_TAMIL_NADU_SIVAGANGA,matched_exact_unique,matched_exact_unique,True,False,False,False,False
IND_TAMIL_NADU_THANJAVUR,matched_exact_unique,matched_exact_unique,True,False,False,False,False
IND_TAMIL_NADU_THENI,matched_exact_unique,matched_exact_unique,True,False,False,False,False
IND_TAMIL_NADU_THE_NILGIRIS,matched_exact_unique,matched_exact_unique,True,False,False,False,False
IND_TAMIL_NADU_THIRUVALLUR,matched_exact_unique,matched_exact_unique,True,False,False,False,False
IND_TAMIL_NADU_THIRUVARUR,matched_exact_unique,matched_exact_unique,True,False,False,False,False
IND_TAMIL_NADU_THOOTHUKUDI,fuzzy_candidate_only,fuzzy_candidate_only,False,False,False,True,True
IND_TAMIL_NADU_TIRUCHIRAPPALLI,matched_exact_unique,matched_exact_unique,True,False,False,False,False
IND_TAMIL_NADU_TIRUNELVELI,matched_exact_unique,matched_exact_unique,True,False,False,False,False
IND_TAMIL_NADU_TIRUPPUR,fuzzy_candidate_only,matched_exact_unique,False,False,True,False,True
IND_TAMIL_NADU_TIRUVANNAMALAI,matched_exact_unique,matched_exact_unique,True,False,False,False,False
IND_TAMIL_NADU_TUTICORIN,fuzzy_candidate_only,fuzzy_candidate_only,False,False,False,True,True
IND_TAMIL_NADU_VELLORE,matched_exact_unique,matched_exact_unique,True,False,False,False,False
IND_TAMIL_NADU_VILLUPURAM,fuzzy_candidate_only,fuzzy_candidate_only,False,False,False,True,True
IND_TAMIL_NADU_VIRUDHUNAGAR,matched_exact_unique,fuzzy_candidate_only,False,True,False,False,True
IND_TELANGANA_ADILABAD,cross_state_historical_candidate,cross_state_historical_candidate,False,False,False,True,True
IND_TELANGANA_HYDERABAD,cross_state_historical_candidate,cross_state_historical_candidate,False,False,False,True,True
IND_TELANGANA_KARIMNAGAR,cross_state_historical_candidate,cross_state_historical_candidate,False,False,False,True,True
IND_TELANGANA_KHAMMAM,cross_state_historical_candidate,cross_state_historical_candidate,False,False,False,True,True
IND_TELANGANA_MAHBUBNAGAR,cross_state_historical_candidate,cross_state_historical_candidate,False,False,False,True,True
IND_TELANGANA_MEDAK,cross_state_historical_candidate,cross_state_historical_candidate,False,False,False,True,True
IND_TELANGANA_NALGONDA,cross_state_historical_candidate,cross_state_historical_candidate,False,False,False,True,True
IND_TELANGANA_NIZAMABAD,cross_state_historical_candidate,cross_state_historical_candidate,False,False,False,True,True
IND_TELANGANA_RANGAREDDI,cross_state_historical_candidate,cross_state_historical_candidate,False,False,False,True,True
IND_TELANGANA_WARANGAL,cross_state_historical_candidate,cross_state_historical_candidate,False,False,False,True,True
IND_TRIPURA_DHALAI,matched_exact_unique,matched_exact_unique,True,False,False,False,False
IND_TRIPURA_GOMATI,fuzzy_candidate_only,fuzzy_candidate_only,False,False,False,True,True
IND_TRIPURA_KHOWAI,fuzzy_candidate_only,fuzzy_candidate_only,False,False,False,True,True
IND_TRIPURA_NORTH_TRIPURA,matched_exact_unique,matched_exact_unique,True,False,False,False,False
IND_TRIPURA_SEPAHIJALA,fuzzy_candidate_only,fuzzy_candidate_only,False,False,False,True,True
IND_TRIPURA_SOUTH_TRIPURA,matched_exact_unique,matched_exact_unique,True,False,False,False,False
IND_TRIPURA_UNAKOTI,fuzzy_candidate_only,fuzzy_candidate_only,False,False,False,True,True
IND_TRIPURA_WEST_TRIPURA,matched_exact_unique,matched_exact_unique,True,False,False,False,False
IND_UTTARAKHAND_ALMORA,matched_exact_unique,matched_exact_unique,True,False,False,False,False
IND_UTTARAKHAND_BAGESHWAR,matched_exact_unique,matched_exact_unique,True,False,False,False,False
IND_UTTARAKHAND_CHAMOLI,matched_exact_unique,matched_exact_unique,True,False,False,False,False
IND_UTTARAKHAND_CHAMPAWAT,matched_exact_unique,matched_exact_unique,True,False,False,False,False
IND_UTTARAKHAND_DEHRADUN,matched_exact_unique,matched_exact_unique,True,False,False,False,False
IND_UTTARAKHAND_HARIDWAR,fuzzy_candidate_only,fuzzy_candidate_only,False,False,False,True,True
IND_UTTARAKHAND_NAINITAL,matched_exact_unique,matched_exact_unique,True,False,False,False,False
IND_UTTARAKHAND_PAURI_GARHWAL,fuzzy_candidate_only,fuzzy_candidate_only,False,False,False,True,True
IND_UTTARAKHAND_PITHORAGARH,matched_exact_unique,matched_exact_unique,True,False,False,False,False
IND_UTTARAKHAND_RUDRA_PRAYAG,matched_exact_unique,matched_exact_unique,True,False,False,False,False
IND_UTTARAKHAND_TEHRI_GARHWAL,matched_exact_unique,matched_exact_unique,True,False,False,False,False
IND_UTTARAKHAND_UDAM_SINGH_NAGAR,fuzzy_candidate_only,fuzzy_candidate_only,False,False,False,True,True
IND_UTTARAKHAND_UTTAR_KASHI,matched_exact_unique,matched_exact_unique,True,False,False,False,False
IND_UTTAR_PRADESH_AGRA,matched_exact_unique,matched_exact_unique,True,False,False,False,False
IND_UTTAR_PRADESH_ALIGARH,matched_exact_unique,matched_exact_unique,True,False,False,False,False
IND_UTTAR_PRADESH_ALLAHABAD,matched_exact_unique,matched_exact_unique,True,False,False,False,False
IND_UTTAR_PRADESH_ALMORA,fuzzy_candidate_only,fuzzy_candidate_only,False,False,False,True,True
IND_UTTAR_PRADESH_AMBEDKAR_NAGAR,matched_exact_unique,matched_exact_unique,True,False,False,False,False
IND_UTTAR_PRADESH_AMETHI,fuzzy_candidate_only,fuzzy_candidate_only,False,False,False,True,True
IND_UTTAR_PRADESH_AMROHA,fuzzy_candidate_only,fuzzy_candidate_only,False,False,False,True,True
IND_UTTAR_PRADESH_AURAIYA,matched_exact_unique,matched_exact_unique,True,False,False,False,False
IND_UTTAR_PRADESH_AZAMGARH,matched_exact_unique,matched_exact_unique,True,False,False,False,False
IND_UTTAR_PRADESH_BAGESHWAR,fuzzy_candidate_only,fuzzy_candidate_only,False,False,False,True,True
IND_UTTAR_PRADESH_BAGHPAT,matched_exact_unique,matched_exact_unique,True,False,False,False,False
IND_UTTAR_PRADESH_BAHRAICH,matched_exact_unique,matched_exact_unique,True,False,False,False,False
IND_UTTAR_PRADESH_BALLIA,matched_exact_unique,matched_exact_unique,True,False,False,False,False
IND_UTTAR_PRADESH_BALRAMPUR,matched_exact_unique,matched_exact_unique,True,False,False,False,False
IND_UTTAR_PRADESH_BANDA,matched_exact_unique,matched_exact_unique,True,False,False,False,False
IND_UTTAR_PRADESH_BARABANKI,matched_exact_unique,matched_exact_unique,True,False,False,False,False
IND_UTTAR_PRADESH_BAREILLY,matched_exact_unique,matched_exact_unique,True,False,False,False,False
IND_UTTAR_PRADESH_BASTI,matched_exact_unique,matched_exact_unique,True,False,False,False,False
IND_UTTAR_PRADESH_BIJNOR,matched_exact_unique,matched_exact_unique,True,False,False,False,False
IND_UTTAR_PRADESH_BUDAUN,matched_exact_unique,matched_exact_unique,True,False,False,False,False
IND_UTTAR_PRADESH_BULANDSHAHR,matched_exact_unique,matched_exact_unique,True,False,False,False,False
IND_UTTAR_PRADESH_CHAMOLI,fuzzy_candidate_only,fuzzy_candidate_only,False,False,False,True,True
IND_UTTAR_PRADESH_CHAMPAWAT,fuzzy_candidate_only,fuzzy_candidate_only,False,False,False,True,True
IND_UTTAR_PRADESH_CHANDAULI,matched_exact_unique,matched_exact_unique,True,False,False,False,False
IND_UTTAR_PRADESH_CHITRAKOOT,matched_exact_unique,matched_exact_unique,True,False,False,False,False
IND_UTTAR_PRADESH_DEHRADUN,fuzzy_candidate_only,fuzzy_candidate_only,False,False,False,True,True
IND_UTTAR_PRADESH_DEORIA,matched_exact_unique,matched_exact_unique,True,False,False,False,False
IND_UTTAR_PRADESH_ETAH,matched_exact_unique,matched_exact_unique,True,False,False,False,False
IND_UTTAR_PRADESH_ETAWAH,matched_exact_unique,matched_exact_unique,True,False,False,False,False
IND_UTTAR_PRADESH_FAIZABAD,matched_exact_unique,matched_exact_unique,True,False,False,False,False
IND_UTTAR_PRADESH_FARRUKHABAD,matched_exact_unique,matched_exact_unique,True,False,False,False,False
IND_UTTAR_PRADESH_FATEHPUR,matched_exact_unique,matched_exact_unique,True,False,False,False,False
IND_UTTAR_PRADESH_FIROZABAD,matched_exact_unique,matched_exact_unique,True,False,False,False,False
IND_UTTAR_PRADESH_GAUTAM_BUDDHA_NAGAR,matched_exact_unique,matched_exact_unique,True,False,False,False,False
IND_UTTAR_PRADESH_GHAZIABAD,matched_exact_unique,matched_exact_unique,True,False,False,False,False
IND_UTTAR_PRADESH_GHAZIPUR,matched_exact_unique,matched_exact_unique,True,False,False,False,False
IND_UTTAR_PRADESH_GONDA,matched_exact_unique,matched_exact_unique,True,False,False,False,False
IND_UTTAR_PRADESH_GORAKHPUR,matched_exact_unique,matched_exact_unique,True,False,False,False,False
IND_UTTAR_PRADESH_HAMIRPUR,matched_exact_unique,matched_exact_unique,True,False,False,False,False
IND_UTTAR_PRADESH_HAPUR,fuzzy_candidate_only,fuzzy_candidate_only,False,False,False,True,True
IND_UTTAR_PRADESH_HARDOI,matched_exact_unique,matched_exact_unique,True,False,False,False,False
IND_UTTAR_PRADESH_HARIDWAR,fuzzy_candidate_only,fuzzy_candidate_only,False,False,False,True,True
IND_UTTAR_PRADESH_HATHRAS,matched_exact_unique,fuzzy_candidate_only,False,True,False,False,True
IND_UTTAR_PRADESH_JALAUN,matched_exact_unique,matched_exact_unique,True,False,False,False,False
IND_UTTAR_PRADESH_JAUNPUR,matched_exact_unique,matched_exact_unique,True,False,False,False,False
IND_UTTAR_PRADESH_JHANSI,matched_exact_unique,matched_exact_unique,True,False,False,False,False
IND_UTTAR_PRADESH_KANNAUJ,matched_exact_unique,matched_exact_unique,True,False,False,False,False
IND_UTTAR_PRADESH_KANPUR_DEHAT,matched_exact_unique,matched_exact_unique,True,False,False,False,False
IND_UTTAR_PRADESH_KANPUR_NAGAR,matched_exact_unique,matched_exact_unique,True,False,False,False,False
IND_UTTAR_PRADESH_KASGANJ,fuzzy_candidate_only,fuzzy_candidate_only,False,False,False,True,True
IND_UTTAR_PRADESH_KAUSHAMBI,matched_exact_unique,matched_exact_unique,True,False,False,False,False
IND_UTTAR_PRADESH_KHERI,matched_exact_unique,matched_exact_unique,True,False,False,False,False
IND_UTTAR_PRADESH_KUSHI_NAGAR,matched_exact_unique,matched_exact_unique,True,False,False,False,False
IND_UTTAR_PRADESH_LALITPUR,matched_exact_unique,matched_exact_unique,True,False,False,False,False
IND_UTTAR_PRADESH_LUCKNOW,matched_exact_unique,matched_exact_unique,True,False,False,False,False
IND_UTTAR_PRADESH_MAHARAJGANJ,fuzzy_candidate_only,matched_exact_unique,False,False,True,False,True
IND_UTTAR_PRADESH_MAHOBA,matched_exact_unique,matched_exact_unique,True,False,False,False,False
IND_UTTAR_PRADESH_MAINPURI,matched_exact_unique,matched_exact_unique,True,False,False,False,False
IND_UTTAR_PRADESH_MATHURA,matched_exact_unique,matched_exact_unique,True,False,False,False,False
IND_UTTAR_PRADESH_MAU,matched_exact_unique,matched_exact_unique,True,False,False,False,False
IND_UTTAR_PRADESH_MEERUT,matched_exact_unique,matched_exact_unique,True,False,False,False,False
IND_UTTAR_PRADESH_MIRZAPUR,matched_exact_unique,matched_exact_unique,True,False,False,False,False
IND_UTTAR_PRADESH_MORADABAD,matched_exact_unique,matched_exact_unique,True,False,False,False,False
IND_UTTAR_PRADESH_MUZAFFARNAGAR,matched_exact_unique,matched_exact_unique,True,False,False,False,False
IND_UTTAR_PRADESH_NAINITAL,fuzzy_candidate_only,fuzzy_candidate_only,False,False,False,True,True
IND_UTTAR_PRADESH_PAURI_GARHWAL,fuzzy_candidate_only,fuzzy_candidate_only,False,False,False,True,True
IND_UTTAR_PRADESH_PILIBHIT,matched_exact_unique,matched_exact_unique,True,False,False,False,False
IND_UTTAR_PRADESH_PITHORAGARH,fuzzy_candidate_only,fuzzy_candidate_only,False,False,False,True,True
IND_UTTAR_PRADESH_PRATAPGARH,matched_exact_unique,matched_exact_unique,True,False,False,False,False
IND_UTTAR_PRADESH_RAE_BARELI,matched_exact_unique,matched_exact_unique,True,False,False,False,False
IND_UTTAR_PRADESH_RAMPUR,matched_exact_unique,matched_exact_unique,True,False,False,False,False
IND_UTTAR_PRADESH_RUDRA_PRAYAG,fuzzy_candidate_only,fuzzy_candidate_only,False,False,False,True,True
IND_UTTAR_PRADESH_SAHARANPUR,matched_exact_unique,matched_exact_unique,True,False,False,False,False
IND_UTTAR_PRADESH_SAMBHAL,fuzzy_candidate_only,fuzzy_candidate_only,False,False,False,True,True
IND_UTTAR_PRADESH_SANT_KABEER_NAGAR,fuzzy_candidate_only,fuzzy_candidate_only,False,False,False,True,True
IND_UTTAR_PRADESH_SANT_RAVIDAS_NAGAR,fuzzy_candidate_only,fuzzy_candidate_only,False,False,False,True,True
IND_UTTAR_PRADESH_SHAHJAHANPUR,matched_exact_unique,matched_exact_unique,True,False,False,False,False
IND_UTTAR_PRADESH_SHAMLI,fuzzy_candidate_only,fuzzy_candidate_only,False,False,False,True,True
IND_UTTAR_PRADESH_SHRAVASTI,fuzzy_candidate_only,fuzzy_candidate_only,False,False,False,True,True
IND_UTTAR_PRADESH_SIDDHARTH_NAGAR,matched_exact_unique,matched_exact_unique,True,False,False,False,False
IND_UTTAR_PRADESH_SITAPUR,matched_exact_unique,matched_exact_unique,True,False,False,False,False
IND_UTTAR_PRADESH_SONBHADRA,matched_exact_unique,matched_exact_unique,True,False,False,False,False
IND_UTTAR_PRADESH_SULTANPUR,matched_exact_unique,matched_exact_unique,True,False,False,False,False
IND_UTTAR_PRADESH_TEHRI_GARHWAL,fuzzy_candidate_only,fuzzy_candidate_only,False,False,False,True,True
IND_UTTAR_PRADESH_UDAM_SINGH_NAGAR,fuzzy_candidate_only,fuzzy_candidate_only,False,False,False,True,True
IND_UTTAR_PRADESH_UNNAO,matched_exact_unique,matched_exact_unique,True,False,False,False,False
IND_UTTAR_PRADESH_UTTAR_KASHI,fuzzy_candidate_only,fuzzy_candidate_only,False,False,False,True,True
IND_UTTAR_PRADESH_VARANASI,matched_exact_unique,matched_exact_unique,True,False,False,False,False
IND_WEST_BENGAL_24_PARAGANAS_NORTH,fuzzy_candidate_only,fuzzy_candidate_only,False,False,False,True,True
IND_WEST_BENGAL_24_PARAGANAS_SOUTH,fuzzy_candidate_only,fuzzy_candidate_only,False,False,False,True,True
IND_WEST_BENGAL_ALIPURDUAR,fuzzy_candidate_only,fuzzy_candidate_only,False,False,False,True,True
IND_WEST_BENGAL_BANKURA,matched_exact_unique,matched_exact_unique,True,False,False,False,False
IND_WEST_BENGAL_BARDHAMAN,fuzzy_candidate_only,fuzzy_candidate_only,False,False,False,True,True
IND_WEST_BENGAL_BIRBHUM,matched_exact_unique,matched_exact_unique,True,False,False,False,False
IND_WEST_BENGAL_COOCHBEHAR,fuzzy_candidate_only,fuzzy_candidate_only,False,False,False,True,True
IND_WEST_BENGAL_DARJEELING,fuzzy_candidate_only,fuzzy_candidate_only,False,False,False,True,True
IND_WEST_BENGAL_DINAJPUR_DAKSHIN,fuzzy_candidate_only,fuzzy_candidate_only,False,False,False,True,True
IND_WEST_BENGAL_DINAJPUR_UTTAR,fuzzy_candidate_only,fuzzy_candidate_only,False,False,False,True,True
IND_WEST_BENGAL_HOOGHLY,fuzzy_candidate_only,fuzzy_candidate_only,False,False,False,True,True
IND_WEST_BENGAL_HOWRAH,fuzzy_candidate_only,fuzzy_candidate_only,False,False,False,True,True
IND_WEST_BENGAL_JALPAIGURI,matched_exact_unique,matched_exact_unique,True,False,False,False,False
IND_WEST_BENGAL_MALDAH,matched_exact_unique,matched_exact_unique,True,False,False,False,False
IND_WEST_BENGAL_MEDINIPUR_EAST,fuzzy_candidate_only,fuzzy_candidate_only,False,False,False,True,True
IND_WEST_BENGAL_MEDINIPUR_WEST,fuzzy_candidate_only,fuzzy_candidate_only,False,False,False,True,True
IND_WEST_BENGAL_MURSHIDABAD,matched_exact_unique,matched_exact_unique,True,False,False,False,False
IND_WEST_BENGAL_NADIA,matched_exact_unique,matched_exact_unique,True,False,False,False,False
IND_WEST_BENGAL_PURBA_BARDHAMAN,fuzzy_candidate_only,fuzzy_candidate_only,False,False,False,True,True
IND_WEST_BENGAL_PURULIA,fuzzy_candidate_only,fuzzy_candidate_only,False,False,False,True,True
