canonical_crop_row_id,district_id,data_split,canonical_state_name,canonical_district_name,Crop_canonical,Season_canonical,Crop_Year,Area_corrected,latitude,longitude,rain_sum_mm,rain_mean_mm,rainy_days_ge1mm,dry_days_lt1mm,heavy_rain_days_ge20mm,longest_dry_spell_days,longest_wet_spell_days,temp_mean_c,temp_max_mean_c,temp_min_mean_c,temp_max_absolute_c,temp_min_absolute_c,hot_days_tmax_ge35c,cold_days_tmin_lt10c,humidity_mean_pct,solar_radiation_mean,wind_speed_mean,first_25pct_rain_sum_mm,first_25pct_temp_mean_c,first_25pct_longest_dry_spell_days,last_25pct_rain_sum_mm,last_25pct_temp_mean_c,last_25pct_heavy_rain_days,lag_yield_1y,lag_available,lag_source_crop_year,lag_source_canonical_crop_row_id,target_yield
CCR_5D94AF28B47F3DB3E0C7,IND_ANDHRA_PRADESH_ADILABAD,train,Andhra Pradesh,ADILABAD,Arhar/Tur,Kharif,1998,35900.0,19.29892001,79.08081669,1036.9099999999987,5.1845499999999936,107,93,16,32,39,29.180650000000014,33.642100000000084,25.20294999999991,48.91,15.16,53,0,70.76865000000022,18.096149999999977,2.2557999999999963,59.00999999999976,36.884399999999985,32,138.29000000000042,24.956000000000202,1,0.034161490683229816,1,1997,CCR_6D2BD3D83F2196FA5E3F,0.35376044568245124
CCR_1815ABD167B80AAC2950,IND_ANDHRA_PRADESH_ADILABAD,train,Andhra Pradesh,ADILABAD,Castor seed,Kharif,1998,2100.0,19.29892001,79.08081669,991.6699999999985,5.509277777777769,100,80,16,32,39,29.801333333333353,34.24266666666675,25.804166666666575,48.91,18.01,53,0,69.196777777778,18.154111111111096,2.324666666666661,18.95999999999958,37.74044444444448,32,196.86000000000035,26.079555555555757,2,0.2692307692307692,1,1997,CCR_D86964D867CF0E15322E,0.19047619047619047
CCR_CF719F4F4EBD5BED48E4,IND_ANDHRA_PRADESH_ADILABAD,train,Andhra Pradesh,ADILABAD,Cotton(lint),Kharif,1998,162100.0,19.29892001,79.08081669,1039.8199999999986,4.9515238095238026,108,102,16,32,39,28.796857142857153,33.3328571428572,24.765285714285625,48.91,13.61,53,0,71.13790476190498,18.022285714285694,2.228428571428569,71.80999999999972,36.44264150943398,32,96.87000000000012,24.014339622641618,0,0.45893719806763283,1,1997,CCR_7CDF0D8BCB7204708276,0.9524984577421345
CCR_6CDE9D96B76F88A785AE,IND_ANDHRA_PRADESH_ADILABAD,train,Andhra Pradesh,ADILABAD,Dry chillies,Kharif,1998,6000.0,19.29892001,79.08081669,1029.339999999999,5.71855555555555,104,76,16,28,39,28.778833333333356,33.03016666666675,25.060499999999905,48.91,18.01,38,0,73.7483333333336,17.53627777777775,2.2538333333333287,78.28999999999996,35.48111111111114,28,136.27000000000044,25.365777777778,1,0.5636363636363636,1,1997,CCR_08DE66F182D00ADAD111,0.5833333333333334
CCR_1EB43529DA4668B837E0,IND_ANDHRA_PRADESH_ADILABAD,train,Andhra Pradesh,ADILABAD,Dry chillies,Rabi,1998,700.0,19.29892001,79.08081669,147.68000000000052,0.8204444444444473,26,154,1,79,6,23.972833333333316,31.813222222222308,16.93733333333329,42.29,8.07,47,7,53.42822222222207,19.66727777777773,1.5200000000000033,135.74000000000046,24.928222222222395,5,0.17000000000007276,29.77311111111113,0,2.2857142857142856,1,1997,CCR_D6D891C1D61DD3EBE411,2.2857142857142856
CCR_BC0C897760194D8E0EA1,IND_ANDHRA_PRADESH_ADILABAD,train,Andhra Pradesh,ADILABAD,Gram,Rabi,1998,2900.0,19.29892001,79.08081669,71.08000000000038,0.5467692307692337,16,114,0,79,3,21.871153846153764,29.797461538461608,15.158538461538424,37.59,8.07,12,7,59.45853846153835,18.59853846153843,1.5375384615384675,63.90000000000009,23.694242424242532,5,6.960000000000036,25.195454545454236,0,0.125,1,1997,CCR_41C6EBE8E23D8106EDFD,0.13793103448275862
CCR_C03A7A60995B2F5EBE69,IND_ANDHRA_PRADESH_ADILABAD,train,Andhra Pradesh,ADILABAD,Groundnut,Rabi,1998,5300.0,19.29892001,79.08081669,140.5500000000004,1.1712500000000035,23,97,1,73,6,21.658583333333322,28.865333333333396,15.71674999999994,33.96,8.07,0,7,67.16583333333317,18.00658333333331,1.480333333333338,98.22000000000003,25.46833333333367,4,0.11000000000012733,20.272333333333155,0,0.8918918918918919,1,1997,CCR_2491F9555E89DEDA89FA,1.3018867924528301
CCR_72ECE1C7A6D18527E796,IND_ANDHRA_PRADESH_ADILABAD,train,Andhra Pradesh,ADILABAD,Horse-gram,Rabi,1998,3200.0,19.29892001,79.08081669,140.5500000000004,1.2777272727272764,23,87,1,63,6,21.545363636363685,28.506454545454602,15.870181818181747,31.13,8.07,0,7,69.88709090909086,17.816090909090896,1.4947272727272776,92.6400000000001,25.687857142857474,4,0.11000000000012733,18.870357142857106,0,0.09375,1,1997,CCR_5501193994AAB0CD6986,0.1875
CCR_5B7B4250CAC7D99ECFAA,IND_ANDHRA_PRADESH_ADILABAD,train,Andhra Pradesh,ADILABAD,Jowar,Kharif,1998,49800.0,19.29892001,79.08081669,789.2599999999984,6.5771666666666535,73,47,14,28,39,30.342166666666632,34.78100000000001,26.420166666666592,48.91,23.14,38,0,67.60675000000025,17.669749999999947,2.58266666666666,13.409999999999854,38.290666666666766,28,276.03,26.652666666666605,4,0.5412371134020618,1,1997,CCR_A21F9C2FA9D31C5A81CA,1.21285140562249
CCR_830E774A5481E9994A88,IND_ANDHRA_PRADESH_ADILABAD,train,Andhra Pradesh,ADILABAD,Jowar,Rabi,1998,93500.0,19.29892001,79.08081669,140.5500000000004,1.1712500000000035,23,97,1,73,6,21.658583333333322,28.865333333333396,15.71674999999994,33.96,8.07,0,7,67.16583333333317,18.00658333333331,1.480333333333338,98.22000000000003,25.46833333333367,4,0.11000000000012733,20.272333333333155,0,0.3485952133194589,1,1997,CCR_F6DF33A9E93D7CC25E4E,0.4374331550802139
CCR_99710B3DEE10B8C41241,IND_ANDHRA_PRADESH_ADILABAD,train,Andhra Pradesh,ADILABAD,Maize,Kharif,1998,24900.0,19.29892001,79.08081669,789.2599999999984,6.5771666666666535,73,47,14,28,39,30.342166666666632,34.78100000000001,26.420166666666592,48.91,23.14,38,0,67.60675000000025,17.669749999999947,2.58266666666666,13.409999999999854,38.290666666666766,28,276.03,26.652666666666605,4,2.6359832635983262,1,1997,CCR_677EACEC91D37FC6E402,2.389558232931727
CCR_046DF578181B7764DDFA,IND_ANDHRA_PRADESH_ADILABAD,train,Andhra Pradesh,ADILABAD,Maize,Rabi,1998,4400.0,19.29892001,79.08081669,140.5500000000004,1.1712500000000035,23,97,1,73,6,21.658583333333322,28.865333333333396,15.71674999999994,33.96,8.07,0,7,67.16583333333317,18.00658333333331,1.480333333333338,98.22000000000003,25.46833333333367,4,0.11000000000012733,20.272333333333155,0,2.9782608695652173,1,1997,CCR_81F2FDAE3C5CBA3CC980,4.181818181818182
CCR_B8C9E02D88A167AECC88,IND_ANDHRA_PRADESH_ADILABAD,train,Andhra Pradesh,ADILABAD,Moong(Green Gram),Kharif,1998,18200.0,19.29892001,79.08081669,513.2299999999984,5.702555555555538,47,43,10,28,21,31.571999999999974,36.44233333333343,27.17944444444438,48.91,23.46,38,0,60.693777777778045,18.308999999999934,2.8287777777777694,1.8899999999998727,38.8639130434783,23,218.26999999999884,27.538695652173967,4,0.17475728155339806,1,1997,CCR_DEADB7141EAE1DDFF6BB,0.29120879120879123
CCR_98BEE715D7B321A7CF81,IND_ANDHRA_PRADESH_ADILABAD,train,Andhra Pradesh,ADILABAD,Moong(Green Gram),Rabi,1998,3900.0,19.29892001,79.08081669,140.44000000000028,1.5604444444444476,23,67,1,43,6,22.120666666666715,28.408111111111268,17.006888888888817,31.13,9.48,0,2,75.0508888888889,17.59644444444441,1.5014444444444457,91.08000000000015,25.801739130435042,4,0.0,18.718695652173864,0,0.125,1,1997,CCR_E52E4A5407CFEA74CE98,0.1282051282051282
CCR_D60E07499122F5F923AD,IND_ANDHRA_PRADESH_ADILABAD,train,Andhra Pradesh,ADILABAD,Other Kharif pulses,Kharif,1998,1200.0,19.29892001,79.08081669,1034.2699999999988,5.171349999999994,106,94,16,28,39,27.949900000000007,32.40805000000004,24.06924999999992,48.91,10.27,38,0,73.99345000000022,17.538749999999954,2.199249999999996,182.22000000000003,34.76580000000002,28,86.50000000000023,23.00699999999997,0,0.13333333333333333,1,1997,CCR_79050BF32BFE1A6265E0,0.08333333333333333
CCR_3CB057600DE1082A473E,IND_ANDHRA_PRADESH_ADILABAD,train,Andhra Pradesh,ADILABAD,Other Rabi pulses,Rabi,1998,2000.0,19.29892001,79.08081669,147.94000000000074,0.6978301886792487,26,186,1,81,6,25.60674528301889,33.682783018867994,18.126320754716932,46.67,8.07,79,7,47.3890094339622,20.72806603773579,1.593962264150947,140.44000000000028,24.390000000000175,6,0.2600000000002183,33.49169811320771,0,0.13043478260869565,1,1997,CCR_4865F10B40EDA837526C,0.15
CCR_C8A765F41AB9E6ABF888,IND_ANDHRA_PRADESH_ADILABAD,train,Andhra Pradesh,ADILABAD,Rice,Kharif,1998,66400.0,19.29892001,79.08081669,947.7699999999986,6.318466666666658,89,61,16,28,39,29.597533333333352,33.84453333333338,25.8403999999999,48.91,22.65,38,0,71.37453333333363,17.647466666666624,2.3749999999999925,66.25999999999999,36.36473684210532,28,182.12000000000035,26.604210526316006,2,0.9509803921568627,1,1997,CCR_57A67A5ABAE04366555C,2.2936746987951806
CCR_0908420CFD9E67841F3E,IND_ANDHRA_PRADESH_ADILABAD,train,Andhra Pradesh,ADILABAD,Rice,Rabi,1998,12200.0,19.29892001,79.08081669,147.51000000000045,0.9834000000000029,26,124,1,79,6,22.611266666666634,30.135266666666745,16.164999999999964,38.92,8.07,17,7,60.81866666666664,18.726533333333293,1.4975333333333372,109.58000000000061,25.291315789473867,5,6.960000000000036,25.785789473683938,0,2.3846153846153846,1,1997,CCR_A694AEA54180EF2EA32B,2.7459016393442623
CCR_2F3D68A83E5CEFC85DCE,IND_ANDHRA_PRADESH_ADILABAD,train,Andhra Pradesh,ADILABAD,Sesamum,Kharif,1998,12400.0,19.29892001,79.08081669,633.9499999999985,6.339499999999984,57,43,12,28,31,31.103599999999986,35.80500000000007,26.874099999999927,48.91,23.25,38,0,63.32240000000031,18.00759999999993,2.702199999999991,1.8899999999998727,38.75520000000004,25,242.9999999999991,26.998799999999974,3,0.04608294930875576,1,1997,CCR_BC526C7DAD02475FEDA3,0.1935483870967742
CCR_B1355506ED789035EC5F,IND_ANDHRA_PRADESH_ADILABAD,train,Andhra Pradesh,ADILABAD,Sesamum,Rabi,1998,3100.0,19.29892001,79.08081669,140.5500000000004,1.4055000000000042,23,77,1,53,6,21.81440000000006,28.431300000000082,16.42019999999993,31.13,8.73,0,4,72.64459999999991,17.67299999999999,1.4952000000000043,92.22000000000003,25.75600000000035,4,0.11000000000012733,18.959600000000066,0,0.10256410256410256,1,1997,CCR_53CC398C3F3366399D0F,0.2903225806451613
CCR_6DD9278BCAD7FF73755F,IND_ANDHRA_PRADESH_ADILABAD,train,Andhra Pradesh,ADILABAD,Sunflower,Kharif,1998,3800.0,19.29892001,79.08081669,707.6199999999983,6.432909090909075,66,44,12,28,39,30.706363636363594,35.26990909090911,26.648090909090833,48.91,23.25,38,0,65.60790909090937,17.928090909090844,2.6395454545454475,1.9099999999998545,38.53714285714295,28,242.11999999999944,26.82249999999996,2,0.4423076923076923,1,1997,CCR_600E0FC02B9633D93CC4,0.7368421052631579
CCR_D7B474CA0C75EAB13486,IND_ANDHRA_PRADESH_ADILABAD,train,Andhra Pradesh,ADILABAD,Sunflower,Rabi,1998,700.0,19.29892001,79.08081669,140.5500000000004,1.2777272727272764,23,87,1,63,6,21.545363636363685,28.506454545454602,15.870181818181747,31.13,8.07,0,7,69.88709090909086,17.816090909090896,1.4947272727272776,92.6400000000001,25.687857142857474,4,0.11000000000012733,18.870357142857106,0,0.375,1,1997,CCR_625C4D51DA55EAE9673B,0.42857142857142855
CCR_E21DE595D3ADDD950B10,IND_ANDHRA_PRADESH_ADILABAD,train,Andhra Pradesh,ADILABAD,Urad,Kharif,1998,16900.0,19.29892001,79.08081669,595.5599999999986,6.2690526315789326,52,43,12,28,26,31.30663157894734,36.084000000000074,27.012842105263093,48.91,23.25,38,0,62.138210526316065,18.06526315789467,2.7924210526315716,1.8899999999998727,38.82208333333339,24,274.07999999999925,27.018749999999955,5,0.3384615384615385,1,1997,CCR_54163E013182890EB0E0,0.3609467455621302
CCR_5B27FF17EE7433765529,IND_ANDHRA_PRADESH_ADILABAD,train,Andhra Pradesh,ADILABAD,Urad,Rabi,1998,700.0,19.29892001,79.08081669,140.44000000000028,1.4783157894736871,23,72,1,48,6,21.929157894736885,28.402210526315894,16.65821052631572,31.13,8.73,0,4,73.58852631578944,17.627368421052598,1.488105263157896,91.08000000000015,25.771666666666988,4,0.0,18.69291666666656,0,0.16666666666666666,1,1997,CCR_4CE367B50E60C147A9F6,0.42857142857142855
CCR_2208566DA7AB32FE3422,IND_ANDHRA_PRADESH_ADILABAD,train,Andhra Pradesh,ADILABAD,Wheat,Rabi,1998,2800.0,19.29892001,79.08081669,71.25000000000045,0.47500000000000303,16,134,0,79,3,22.94259999999995,31.03666666666674,15.840666666666621,41.04,8.07,32,7,53.970933333333235,19.31039999999996,1.499933333333341,64.01000000000022,23.490526315789555,6,5.980000000000018,28.271315789473718,0,0.5555555555555556,1,1997,CCR_DBD236CB9C9E94A3404A,0.5714285714285714
CCR_D7D15D287C40B7A028A1,IND_ANDHRA_PRADESH_ANANTAPUR,train,Andhra Pradesh,ANANTAPUR,Arhar/Tur,Kharif,1998,27400.0,14.45698852,77.50944784,684.299999999999,3.421499999999995,85,115,5,11,24,27.102849999999954,32.18614999999989,22.89555000000004,42.51,16.88,46,0,71.23155000000003,19.003300000000028,3.506650000000004,47.759999999999536,32.02019999999997,11,176.94999999999982,24.15799999999985,0,0.12149532710280374,1,1997,CCR_EFFF1C1B1D1170B97981,0.33211678832116787
CCR_05A16B44AC3F2F48FE3E,IND_ANDHRA_PRADESH_ANANTAPUR,train,Andhra Pradesh,ANANTAPUR,Bajra,Kharif,1998,2600.0,14.45698852,77.50944784,373.14999999999964,3.7314999999999965,39,61,5,11,9,28.303199999999926,33.65069999999991,23.88580000000007,42.51,21.41,31,0,65.43230000000011,19.35990000000009,4.6200000000000045,18.879999999999768,32.54959999999985,11,209.87,25.695999999999984,3,0.35714285714285715,1,1997,CCR_648F5C8224FAFB8CFAE6,0.7307692307692307
CCR_BCC5185827415AC4CD01,IND_ANDHRA_PRADESH_ANANTAPUR,train,Andhra Pradesh,ANANTAPUR,Castor seed,Kharif,1998,3200.0,14.45698852,77.50944784,649.0699999999993,3.6059444444444404,78,102,5,11,24,27.47211111111108,32.58461111111101,23.20222222222225,42.51,16.88,46,0,69.8283888888889,19.224222222222256,3.6645555555555576,45.46999999999957,32.2551111111111,11,207.12999999999988,24.762222222222167,0,0.1,1,1997,CCR_351A1DE34A1604D6D1B7,0.3125
CCR_7313694522955B86D3CE,IND_ANDHRA_PRADESH_ANANTAPUR,train,Andhra Pradesh,ANANTAPUR,Cotton(lint),Kharif,1998,14000.0,14.45698852,77.50944784,686.4299999999989,3.268714285714281,86,124,5,11,24,26.913904761904693,32.05538095238085,22.658285714285746,42.51,15.28,46,0,71.38961904761912,19.009904761904796,3.4128571428571486,47.939999999999486,31.790943396226382,11,133.5499999999995,23.877735849056407,0,1.2876712328767124,1,1997,CCR_00983C7D15F67986DE81,0.9214285714285714
CCR_4A1EC195E653799787E6,IND_ANDHRA_PRADESH_ANANTAPUR,train,Andhra Pradesh,ANANTAPUR,Dry chillies,Kharif,1998,4000.0,14.45698852,77.50944784,656.6699999999992,3.648166666666662,81,99,5,11,24,26.742833333333277,31.702444444444325,22.733666666666714,42.51,16.88,31,0,73.18500000000003,18.624555555555595,3.6617222222222257,25.74999999999966,30.827333333333204,11,174.77999999999975,24.258222222222077,0,1.9189189189189189,1,1997,CCR_6D34D96D4F7B5F90648C,2.5
CCR_E6D746875C69FC17933A,IND_ANDHRA_PRADESH_ANANTAPUR,train,Andhra Pradesh,ANANTAPUR,Dry chillies,Rabi,1998,200.0,14.45698852,77.50944784,160.3999999999994,0.8911111111111079,28,152,0,58,15,24.45788888888879,31.81883333333331,18.166888888888842,41.3,11.78,39,0,60.956500000000155,20.620833333333383,2.3744444444444435,147.24999999999955,24.18177777777766,8,0.0,29.01333333333314,0,1.0,1,1997,CCR_E2D2012BD19C879221C5,1.0
CCR_BB665CD7D737A4F16618,IND_ANDHRA_PRADESH_ANANTAPUR,train,Andhra Pradesh,ANANTAPUR,Gram,Rabi,1998,26200.0,14.45698852,77.50944784,50.129999999999654,0.385615384615382,13,117,0,58,3,22.97930769230759,30.330769230769146,16.91592307692306,35.81,11.78,4,0,66.78853846153848,19.89746153846151,2.361230769230773,36.98999999999978,23.822121212120802,8,6.309999999999945,24.923333333333368,0,0.5285714285714286,1,1997,CCR_4D336B89921F5B059983,0.9885496183206107
CCR_303FEC809C10BC6AFEDE,IND_ANDHRA_PRADESH_ANANTAPUR,train,Andhra Pradesh,ANANTAPUR,Groundnut,Kharif,1998,755200.0,14.45698852,77.50944784,416.47999999999956,3.4706666666666632,47,73,5,11,10,27.834166666666626,33.05141666666655,23.55975000000006,42.51,20.95,31,0,68.09150000000002,19.217083333333417,4.387833333333343,20.009999999999764,32.02999999999993,11,173.17000000000007,25.51066666666678,2,0.35095267363245236,1,1997,CCR_7AD9F7CB2C588D5B5B29,1.1490995762711864
CCR_63E46A585DA98B7374D8,IND_ANDHRA_PRADESH_ANANTAPUR,train,Andhra Pradesh,ANANTAPUR,Groundnut,Rabi,1998,25900.0,14.45698852,77.50944784,154.08999999999946,1.2840833333333288,26,94,0,48,15,22.64024999999991,29.295999999999882,17.39458333333335,33.63,11.78,0,0,73.34033333333342,18.54033333333329,2.139416666666661,112.23999999999955,24.354999999999865,8,0.03999999999996362,21.85633333333353,0,1.0742574257425743,1,1997,CCR_F496ABCAABAC44E3B46C,1.3822393822393821
CCR_173DBA06C3CD03BE5493,IND_ANDHRA_PRADESH_ANANTAPUR,train,Andhra Pradesh,ANANTAPUR,Horse-gram,Kharif,1998,2300.0,14.45698852,77.50944784,386.4199999999996,3.5129090909090874,44,66,5,11,10,28.048818181818124,33.294727272727144,23.72390909090915,42.51,21.38,31,0,66.96272727272735,19.23227272727282,4.45363636363637,19.3299999999997,32.22142857142847,11,166.47000000000003,25.581071428571445,2,0.30303030303030304,1,1997,CCR_A343C793CDCCEDD25991,0.391304347826087
CCR_6D2BD3D83F2196FA5E3F,IND_ANDHRA_PRADESH_ADILABAD,train,Andhra Pradesh,ADILABAD,Arhar/Tur,Kharif,1997,32200.0,19.29892001,79.08081669,851.1200000000001,4.2556,86,114,10,31,16,28.359099999999966,33.39810000000002,23.902399999999997,45.86,16.2,47,0,68.494,18.713399999999975,2.423449999999998,114.87000000000003,34.425399999999975,31,82.71000000000004,25.463199999999944,0,,0,,,0.034161490683229816
CCR_D86964D867CF0E15322E,IND_ANDHRA_PRADESH_ADILABAD,train,Andhra Pradesh,ADILABAD,Castor seed,Kharif,1997,2600.0,19.29892001,79.08081669,804.0300000000001,4.466833333333334,79,101,10,31,16,28.73599999999997,33.64700000000001,24.341444444444445,45.86,19.18,47,0,67.82661111111112,18.90994444444442,2.537777777777776,40.69,34.95355555555554,31,69.36000000000001,25.97755555555549,0,,0,,,0.2692307692307692
CCR_7CDF0D8BCB7204708276,IND_ANDHRA_PRADESH_ADILABAD,train,Andhra Pradesh,ADILABAD,Cotton(lint),Kharif,1997,144900.0,19.29892001,79.08081669,861.9800000000001,4.104666666666668,89,121,10,31,16,28.165238095238063,33.223000000000035,23.727619047619054,45.86,16.2,47,0,68.969,18.543047619047595,2.372666666666665,155.30000000000004,34.08886792452828,31,74.88000000000011,25.16169811320749,0,,0,,,0.45893719806763283
CCR_08DE66F182D00ADAD111,IND_ANDHRA_PRADESH_ADILABAD,train,Andhra Pradesh,ADILABAD,Dry chillies,Kharif,1997,5500.0,19.29892001,79.08081669,804.5600000000003,4.46977777777778,79,101,10,24,16,28.071388888888862,32.942555555555565,23.82811111111111,45.86,16.2,32,0,70.57666666666667,18.344277777777748,2.524555555555554,184.85000000000008,33.585999999999984,24,59.68000000000018,25.509999999999955,0,,0,,,0.5636363636363636
CCR_D6D891C1D61DD3EBE411,IND_ANDHRA_PRADESH_ADILABAD,train,Andhra Pradesh,ADILABAD,Dry chillies,Rabi,1997,700.0,19.29892001,79.08081669,207.0799999999998,1.1504444444444435,34,146,1,36,6,24.694999999999993,31.991833333333428,18.42755555555555,42.51,10.33,31,0,61.02822222222223,16.8808333333333,1.6801111111111071,56.55000000000007,25.436222222222163,20,11.170000000000073,27.487777777777755,0,,0,,,2.2857142857142856
CCR_41C6EBE8E23D8106EDFD,IND_ANDHRA_PRADESH_ADILABAD,train,Andhra Pradesh,ADILABAD,Gram,Rabi,1997,4000.0,19.29892001,79.08081669,195.16999999999985,1.5013076923076911,31,99,1,32,6,23.519076923076934,30.491846153846296,17.869076923076914,34.19,10.33,0,0,67.78284615384618,15.208076923076911,1.6170769230769224,68.34000000000015,25.06848484848483,13,60.81999999999982,23.554848484848524,1,,0,,,0.125
CCR_2491F9555E89DEDA89FA,IND_ANDHRA_PRADESH_ADILABAD,train,Andhra Pradesh,ADILABAD,Groundnut,Rabi,1997,3700.0,19.29892001,79.08081669,137.75999999999988,1.147999999999999,26,94,0,32,6,23.77949999999999,30.32325000000013,18.544583333333353,34.03,10.33,0,0,71.06041666666667,15.098999999999963,1.5280833333333297,40.62000000000012,25.58966666666659,20,2.8999999999999773,22.47466666666666,0,,0,,,0.8918918918918919
CCR_5501193994AAB0CD6986,IND_ANDHRA_PRADESH_ADILABAD,train,Andhra Pradesh,ADILABAD,Horse-gram,Rabi,1997,3200.0,19.29892001,79.08081669,135.13999999999987,1.2285454545454535,25,85,0,23,6,23.847727272727255,30.31481818181829,18.692727272727304,34.03,10.33,0,0,72.52027272727275,15.303272727272674,1.4567272727272687,36.97000000000003,25.649999999999928,20,3.5599999999999454,22.39999999999996,0,,0,,,0.09375
CCR_A21F9C2FA9D31C5A81CA,IND_ANDHRA_PRADESH_ADILABAD,train,Andhra Pradesh,ADILABAD,Jowar,Kharif,1997,58200.0,19.29892001,79.08081669,711.1400000000001,5.926166666666668,63,57,10,24,16,29.247749999999982,33.869000000000014,25.178499999999968,45.86,21.73,32,0,67.70558333333332,18.671249999999986,3.098416666666666,17.159999999999997,35.97166666666666,24,180.76999999999975,26.026333333333334,2,,0,,,0.5412371134020618
CCR_F6DF33A9E93D7CC25E4E,IND_ANDHRA_PRADESH_ADILABAD,train,Andhra Pradesh,ADILABAD,Jowar,Rabi,1997,96100.0,19.29892001,79.08081669,137.75999999999988,1.147999999999999,26,94,0,32,6,23.77949999999999,30.32325000000013,18.544583333333353,34.03,10.33,0,0,71.06041666666667,15.098999999999963,1.5280833333333297,40.62000000000012,25.58966666666659,20,2.8999999999999773,22.47466666666666,0,,0,,,0.3485952133194589
CCR_677EACEC91D37FC6E402,IND_ANDHRA_PRADESH_ADILABAD,train,Andhra Pradesh,ADILABAD,Maize,Kharif,1997,23900.0,19.29892001,79.08081669,711.1400000000001,5.926166666666668,63,57,10,24,16,29.247749999999982,33.869000000000014,25.178499999999968,45.86,21.73,32,0,67.70558333333332,18.671249999999986,3.098416666666666,17.159999999999997,35.97166666666666,24,180.76999999999975,26.026333333333334,2,,0,,,2.6359832635983262
CCR_81F2FDAE3C5CBA3CC980,IND_ANDHRA_PRADESH_ADILABAD,train,Andhra Pradesh,ADILABAD,Maize,Rabi,1997,4600.0,19.29892001,79.08081669,137.75999999999988,1.147999999999999,26,94,0,32,6,23.77949999999999,30.32325000000013,18.544583333333353,34.03,10.33,0,0,71.06041666666667,15.098999999999963,1.5280833333333297,40.62000000000012,25.58966666666659,20,2.8999999999999773,22.47466666666666,0,,0,,,2.9782608695652173
CCR_DEADB7141EAE1DDFF6BB,IND_ANDHRA_PRADESH_ADILABAD,train,Andhra Pradesh,ADILABAD,Moong(Green Gram),Kharif,1997,20600.0,19.29892001,79.08081669,530.3700000000003,5.893000000000004,46,44,8,24,16,30.32155555555553,35.33066666666668,25.825222222222198,45.86,22.63,32,0,61.66388888888887,19.851555555555553,3.1979999999999995,1.4300000000000068,36.41260869565217,23,226.53000000000026,26.612608695652142,4,,0,,,0.17475728155339806
CCR_E52E4A5407CFEA74CE98,IND_ANDHRA_PRADESH_ADILABAD,train,Andhra Pradesh,ADILABAD,Moong(Green Gram),Rabi,1997,4800.0,19.29892001,79.08081669,134.8599999999999,1.4984444444444434,25,65,0,20,6,24.214444444444435,30.215222222222312,19.44022222222226,34.03,11.65,0,0,75.15477777777774,15.317888888888834,1.4053333333333273,17.16999999999996,25.890869565217304,20,27.619999999999777,21.826521739130484,0,,0,,,0.125
CCR_79050BF32BFE1A6265E0,IND_ANDHRA_PRADESH_ADILABAD,train,Andhra Pradesh,ADILABAD,Other Kharif pulses,Kharif,1997,1500.0,19.29892001,79.08081669,864.9400000000002,4.324700000000001,91,109,10,24,16,27.71659999999997,32.62340000000004,23.504300000000004,45.86,16.2,32,0,71.36524999999997,17.937849999999973,2.3949999999999987,217.53000000000014,33.03759999999999,24,101.34000000000015,24.979599999999973,0,,0,,,0.13333333333333333
CCR_4865F10B40EDA837526C,IND_ANDHRA_PRADESH_ADILABAD,train,Andhra Pradesh,ADILABAD,Other Rabi pulses,Rabi,1997,2300.0,19.29892001,79.08081669,218.33000000000004,1.029858490566038,35,177,1,40,6,26.23042452830188,33.59009433962272,19.73141509433961,45.13,10.33,63,0,55.768632075471686,18.031084905660347,1.8217452830188654,70.98000000000002,25.193207547169756,20,21.82000000000039,32.884150943396236,0,,0,,,0.13043478260869565
CCR_57A67A5ABAE04366555C,IND_ANDHRA_PRADESH_ADILABAD,train,Andhra Pradesh,ADILABAD,Rice,Kharif,1997,30600.0,19.29892001,79.08081669,763.6,5.0906666666666665,74,76,10,24,16,28.628933333333304,33.21726666666668,24.554933333333317,45.86,19.18,32,0,69.96553333333333,18.51786666666665,2.7457333333333325,131.77000000000004,34.55131578947367,24,90.70999999999981,26.11868421052625,0,,0,,,0.9509803921568627
CCR_A694AEA54180EF2EA32B,IND_ANDHRA_PRADESH_ADILABAD,train,Andhra Pradesh,ADILABAD,Rice,Rabi,1997,5200.0,19.29892001,79.08081669,195.9599999999997,1.306399999999998,31,119,1,32,6,23.829733333333326,30.74400000000011,18.1334,36.64,10.33,1,0,67.29913333333334,15.763266666666642,1.5809999999999975,41.670000000000186,25.54789473684205,20,60.81999999999982,23.834210526315807,1,,0,,,2.3846153846153846
CCR_BC526C7DAD02475FEDA3,IND_ANDHRA_PRADESH_ADILABAD,train,Andhra Pradesh,ADILABAD,Sesamum,Kharif,1997,21700.0,19.29892001,79.08081669,600.6500000000003,6.0065000000000035,53,47,9,24,16,29.897499999999972,34.731600000000014,25.614499999999975,45.86,22.63,32,0,64.01369999999997,19.39779999999999,3.198399999999999,2.799999999999997,36.427599999999984,24,235.04000000000013,26.30799999999992,5,,0,,,0.04608294930875576
CCR_53CC398C3F3366399D0F,IND_ANDHRA_PRADESH_ADILABAD,train,Andhra Pradesh,ADILABAD,Sesamum,Rabi,1997,3900.0,19.29892001,79.08081669,135.13999999999987,1.3513999999999988,25,75,0,20,6,23.9458,30.1554000000001,18.99610000000004,34.03,10.33,0,0,74.0909,15.26939999999994,1.4396999999999947,17.299999999999955,25.78959999999992,20,11.789999999999964,21.924400000000094,0,,0,,,0.10256410256410256
CCR_E6B2B13035DA9598EE1B,IND_ANDHRA_PRADESH_ADILABAD,train,Andhra Pradesh,ADILABAD,Sugarcane,Kharif,1997,200.0,19.29892001,79.08081669,986.5299999999999,2.702821917808219,111,254,11,40,16,27.626958904109568,33.88578082191787,22.06630136986299,45.86,10.33,109,0,60.212520547945175,18.43260273972601,2.2450684931506837,538.9000000000003,30.23521739130432,24,27.75999999999999,31.395760869565176,0,,0,,,77.0
CCR_600E0FC02B9633D93CC4,IND_ANDHRA_PRADESH_ADILABAD,train,Andhra Pradesh,ADILABAD,Sunflower,Kharif,1997,5200.0,19.29892001,79.08081669,672.4800000000002,6.113454545454547,59,51,10,24,16,29.525636363636345,34.237363636363646,25.368909090909053,45.86,21.73,32,0,66.07536363636363,18.89190909090908,3.2293636363636367,7.6499999999999915,36.126428571428555,24,213.40999999999997,26.165357142857115,3,,0,,,0.4423076923076923
CCR_625C4D51DA55EAE9673B,IND_ANDHRA_PRADESH_ADILABAD,train,Andhra Pradesh,ADILABAD,Sunflower,Rabi,1997,1600.0,19.29892001,79.08081669,135.13999999999987,1.2285454545454535,25,85,0,23,6,23.847727272727255,30.31481818181829,18.692727272727304,34.03,10.33,0,0,72.52027272727275,15.303272727272674,1.4567272727272687,36.97000000000003,25.649999999999928,20,3.5599999999999454,22.39999999999996,0,,0,,,0.375
CCR_54163E013182890EB0E0,IND_ANDHRA_PRADESH_ADILABAD,train,Andhra Pradesh,ADILABAD,Urad,Kharif,1997,19500.0,19.29892001,79.08081669,541.8700000000003,5.703894736842109,50,45,8,24,16,30.13863157894734,35.0762105263158,25.734315789473662,45.86,22.63,32,0,62.83357894736839,19.82968421052631,3.165894736842104,1.5,36.439583333333324,24,204.7800000000002,26.57291666666659,4,,0,,,0.3384615384615385
CCR_4CE367B50E60C147A9F6,IND_ANDHRA_PRADESH_ADILABAD,train,Andhra Pradesh,ADILABAD,Urad,Rabi,1997,600.0,19.29892001,79.08081669,135.13999999999987,1.4225263157894723,25,70,0,20,6,24.15705263157895,30.209894736842205,19.343789473684257,34.03,11.65,0,0,74.91821052631579,15.218210526315728,1.4311578947368364,17.209999999999923,25.81416666666659,20,14.909999999999854,22.057083333333406,0,,0,,,0.16666666666666666
CCR_DBD236CB9C9E94A3404A,IND_ANDHRA_PRADESH_ADILABAD,train,Andhra Pradesh,ADILABAD,Wheat,Rabi,1997,3600.0,19.29892001,79.08081669,196.14999999999986,1.3076666666666659,31,119,1,35,6,24.02653333333333,31.306200000000125,17.938466666666663,40.4,10.33,16,0,63.27540000000003,16.006799999999984,1.6867999999999976,70.19000000000017,24.911842105263123,13,51.989999999999895,25.167894736842037,1,,0,,,0.5555555555555556
CCR_EFFF1C1B1D1170B97981,IND_ANDHRA_PRADESH_ANANTAPUR,train,Andhra Pradesh,ANANTAPUR,Arhar/Tur,Kharif,1997,21400.0,14.45698852,77.50944784,425.76999999999987,2.1288499999999995,77,123,2,24,9,27.425099999999983,33.37350000000002,22.535149999999994,41.47,18.76,45,0,65.68145,18.866150000000008,3.9971000000000005,105.71,31.116199999999985,24,87.87,25.86180000000002,0,,0,,,0.12149532710280374
CCR_648F5C8224FAFB8CFAE6,IND_ANDHRA_PRADESH_ANANTAPUR,train,Andhra Pradesh,ANANTAPUR,Bajra,Kharif,1997,1400.0,14.45698852,77.50944784,178.74999999999991,1.7874999999999992,31,69,1,24,6,28.122299999999967,34.07400000000003,23.195000000000007,41.47,20.3,29,0,62.328199999999995,19.34729999999999,5.396699999999998,5.450000000000003,32.174399999999984,24,63.62999999999994,26.175199999999933,0,,0,,,0.35714285714285715
CCR_351A1DE34A1604D6D1B7,IND_ANDHRA_PRADESH_ANANTAPUR,train,Andhra Pradesh,ANANTAPUR,Castor seed,Kharif,1997,1000.0,14.45698852,77.50944784,377.5699999999999,2.0976111111111106,65,115,2,24,9,27.65538888888887,33.62866666666669,22.65933333333332,41.47,18.76,45,0,64.385,19.271166666666677,4.182444444444444,53.94999999999999,31.529333333333323,24,65.99000000000001,26.039333333333342,0,,0,,,0.1
CCR_00983C7D15F67986DE81,IND_ANDHRA_PRADESH_ANANTAPUR,train,Andhra Pradesh,ANANTAPUR,Cotton(lint),Kharif,1997,7300.0,14.45698852,77.50944784,438.06999999999977,2.086047619047618,83,127,2,24,9,27.321047619047608,33.25500000000002,22.474952380952377,41.47,18.76,45,0,66.29147619047619,18.65471428571429,3.910333333333334,106.51999999999998,30.866603773584888,24,81.27999999999986,25.736037735849077,0,,0,,,1.2876712328767124
CCR_6D34D96D4F7B5F90648C,IND_ANDHRA_PRADESH_ANANTAPUR,train,Andhra Pradesh,ANANTAPUR,Dry chillies,Kharif,1997,3700.0,14.45698852,77.50944784,368.9099999999999,2.0494999999999997,66,114,2,24,9,27.19555555555554,33.128388888888914,22.39755555555555,41.47,18.76,31,0,66.78527777777776,18.64161111111112,4.221,92.38,30.17066666666665,24,65.39000000000004,25.999111111111134,0,,0,,,1.9189189189189189
CCR_E2D2012BD19C879221C5,IND_ANDHRA_PRADESH_ANANTAPUR,train,Andhra Pradesh,ANANTAPUR,Dry chillies,Rabi,1997,100.0,14.45698852,77.50944784,147.1899999999997,0.8177222222222207,34,146,1,103,5,26.32461111111114,33.55027777777777,20.31516666666667,41.88,15.32,45,0,60.4438333333334,18.76944444444442,2.4671666666666616,79.69999999999999,25.819555555555578,15,0.0,29.92844444444446,0,,0,,,1.0
CCR_4D336B89921F5B059983,IND_ANDHRA_PRADESH_ANANTAPUR,train,Andhra Pradesh,ANANTAPUR,Gram,Rabi,1997,28000.0,14.45698852,77.50944784,131.74999999999972,1.0134615384615362,30,100,1,68,5,25.13284615384617,32.19607692307688,19.62807692307692,37.56,15.32,10,0,66.86353846153854,17.35353846153844,2.5546153846153787,69.13999999999999,25.668787878787896,7,0.0,26.29303030303025,0,,0,,,0.5285714285714286
CCR_7AD9F7CB2C588D5B5B29,IND_ANDHRA_PRADESH_ANANTAPUR,train,Andhra Pradesh,ANANTAPUR,Groundnut,Kharif,1997,650800.0,14.45698852,77.50944784,277.1999999999999,2.309999999999999,41,79,2,24,7,27.82924999999997,33.73241666666667,22.961499999999994,41.47,20.3,31,0,63.89949999999999,19.126999999999985,5.147416666666666,19.569999999999993,31.737666666666655,24,116.65999999999991,26.25566666666661,1,,0,,,0.35095267363245236
CCR_F496ABCAABAC44E3B46C,IND_ANDHRA_PRADESH_ANANTAPUR,train,Andhra Pradesh,ANANTAPUR,Groundnut,Rabi,1997,20200.0,14.45698852,77.50944784,147.1899999999997,1.226583333333331,34,86,1,43,5,24.991583333333356,31.684999999999977,19.933499999999995,34.72,15.32,0,0,71.16641666666672,16.843333333333323,2.4165833333333304,39.88000000000005,26.08233333333334,15,0.0,24.355666666666668,0,,0,,,1.0742574257425743
CCR_AE3ABF4DDAD581E38AA9,IND_ANDAMAN_AND_NICOBAR_ISLANDS_NICOBARS,validation,Andaman and Nicobar Islands,NICOBARS,Arecanut,Rabi,2011,957.0,7.00040199,93.81029172,1221.1599999999926,5.733145539906069,184,29,5,7,28,27.713427230047184,28.05948356807559,27.312535211267367,29.36,25.74,0,0,80.1733333333327,17.191126760562796,4.078873239436582,348.42999999999665,27.461666666665998,3,184.85999999999694,28.083888888889945,0,1.7055084745762712,1,2010,CCR_787158332B8142B0540F,1.1389759665621735
CCR_B889FDD0274F5072AD2B,IND_ANDAMAN_AND_NICOBAR_ISLANDS_NICOBARS,validation,Andaman and Nicobar Islands,NICOBARS,Banana,Whole Year,2011,620.5,7.00040199,93.81029172,2141.670000000009,5.851557377049206,315,51,10,13,66,27.851475409835626,28.195136612021972,27.450519125683336,29.58,25.74,0,0,80.74308743169328,17.42576502732185,4.758743169398929,567.4200000000055,27.79445652173846,5,481.0900000000074,28.346847826086044,2,5.775716694772344,1,2010,CCR_DC0F8E0F4CA36D6C2309,5.995165189363417
CCR_AA0B225661CA43101954,IND_ANDAMAN_AND_NICOBAR_ISLANDS_NICOBARS,validation,Andaman and Nicobar Islands,NICOBARS,Black pepper,Rabi,2011,23.0,7.00040199,93.81029172,1221.1599999999926,5.733145539906069,184,29,5,7,28,27.713427230047184,28.05948356807559,27.312535211267367,29.36,25.74,0,0,80.1733333333327,17.191126760562796,4.078873239436582,348.42999999999665,27.461666666665998,3,184.85999999999694,28.083888888889945,0,0.3695652173913043,1,2010,CCR_F42E403DF28DEBFA9E1F,0.043478260869565216
CCR_F9B66B56575E0906F180,IND_ANDAMAN_AND_NICOBAR_ISLANDS_NICOBARS,validation,Andaman and Nicobar Islands,NICOBARS,Cashewnut,Rabi,2011,1026.5,7.00040199,93.81029172,1221.1599999999926,5.733145539906069,184,29,5,7,28,27.713427230047184,28.05948356807559,27.312535211267367,29.36,25.74,0,0,80.1733333333327,17.191126760562796,4.078873239436582,348.42999999999665,27.461666666665998,3,184.85999999999694,28.083888888889945,0,0.26036981509245377,1,2010,CCR_548725188EE35C34435F,0.27501217730151
CCR_B7007D9E6727E3B17877,IND_ANDAMAN_AND_NICOBAR_ISLANDS_NICOBARS,validation,Andaman and Nicobar Islands,NICOBARS,Dry chillies,Rabi,2011,12.0,7.00040199,93.81029172,1088.1199999999953,6.011712707182295,155,26,5,7,28,27.62900552486175,27.974143646409683,27.229060773480295,29.36,25.74,0,0,80.5379558011043,16.91790055248546,4.319889502762378,313.2199999999939,27.38978260869487,3,191.6500000000051,27.8736956521727,1,2.0833333333333335,1,2010,CCR_A5F5FCFBA0F99274F791,1.325
CCR_B93F6ECC42E4ED61391B,IND_ANDAMAN_AND_NICOBAR_ISLANDS_NICOBARS,validation,Andaman and Nicobar Islands,NICOBARS,Ginger,Rabi,2011,7.0,7.00040199,93.81029172,1435.2599999999984,5.955435684647297,212,29,7,7,35,27.820207468879723,28.164605809129046,27.420954356846522,29.58,25.74,0,0,80.28016597510333,17.170912863069944,4.238672199170111,404.35999999999694,27.53672131147478,3,351.1200000000026,28.387540983607263,2,1.3771428571428572,1,2010,CCR_21FF67B80C569D2FEC8B,1.5571428571428572
CCR_D9BDFB7998CF67BA2D18,IND_ANDAMAN_AND_NICOBAR_ISLANDS_NICOBARS,validation,Andaman and Nicobar Islands,NICOBARS,Maize,Rabi,2011,4.0,7.00040199,93.81029172,840.919999999991,7.007666666666592,108,12,4,3,28,27.530416666667104,27.865583333333053,27.14541666666555,29.01,25.74,0,0,81.77100000000209,15.574083333332844,4.721999999999965,242.76999999999316,27.362999999997555,3,203.40999999999622,27.366666666668607,1,4.744791666666667,1,2010,CCR_075C7D4E4980BB611822,0.675
CCR_408E908A42C40A6E1015,IND_ANDAMAN_AND_NICOBAR_ISLANDS_NICOBARS,validation,Andaman and Nicobar Islands,NICOBARS,Rice,Autumn,2011,1.5,7.00040199,93.81029172,1006.9700000000194,5.594277777777886,155,25,7,6,32,28.10499999999997,28.44416666666657,27.692833333333933,29.5,26.32,0,0,79.92049999999807,18.28666666666589,4.595555555555742,304.15000000000146,27.724666666667,4,233.5400000000118,27.766444444444883,0,2.857142857142857,1,2010,CCR_6836C73C808F8B97840B,1.6666666666666667
CCR_B58DBD4217CFD35C93C1,IND_ANDAMAN_AND_NICOBAR_ISLANDS_NICOBARS,validation,Andaman and Nicobar Islands,NICOBARS,Sugarcane,Autumn,2011,4.5,7.00040199,93.81029172,2060.7100000000028,5.630355191256839,316,50,9,7,66,27.87538251366116,28.217213114754415,27.469836065574068,29.5,25.74,0,0,80.35325136611873,17.59631147540916,4.652923497267833,406.7700000000041,28.44521739130489,6,456.09000000000015,27.66423913043463,2,3.1156716417910446,1,2010,CCR_63A083FA2E79F3883E68,2.3333333333333335
CCR_F6334373106420926F11,IND_ANDAMAN_AND_NICOBAR_ISLANDS_NICOBARS,validation,Andaman and Nicobar Islands,NICOBARS,Sweet potato,Rabi,2011,23.0,7.00040199,93.81029172,840.919999999991,7.007666666666592,108,12,4,3,28,27.530416666667104,27.865583333333053,27.14541666666555,29.01,25.74,0,0,81.77100000000209,15.574083333332844,4.721999999999965,242.76999999999316,27.362999999997555,3,203.40999999999622,27.366666666668607,1,9.454545454545455,1,2010,CCR_53E004D5E7C280F6660F,10.434782608695652
CCR_F13310E482FBDE8138CE,IND_ANDAMAN_AND_NICOBAR_ISLANDS_NICOBARS,validation,Andaman and Nicobar Islands,NICOBARS,Tapioca,Whole Year,2011,64.0,7.00040199,93.81029172,2141.670000000009,5.851557377049206,315,51,10,13,66,27.851475409835626,28.195136612021972,27.450519125683336,29.58,25.74,0,0,80.74308743169328,17.42576502732185,4.758743169398929,567.4200000000055,27.79445652173846,5,481.0900000000074,28.346847826086044,2,8.333333333333334,1,2010,CCR_CC76011D4530F6ED2830,7.890625
CCR_602BE4FBA5B1B6D09C6E,IND_ANDAMAN_AND_NICOBAR_ISLANDS_NICOBARS,validation,Andaman and Nicobar Islands,NICOBARS,Turmeric,Rabi,2011,2.0,7.00040199,93.81029172,1566.5300000000025,5.780553505535065,229,42,7,13,51,27.868929889298503,28.208819188192514,27.47653136531381,29.58,25.74,0,0,80.49066420664154,17.36564575645707,4.484464944649436,428.29999999999563,27.534705882352736,3,386.2900000000118,28.440441176467765,2,0.25,1,2010,CCR_E53C91F21BB95A2948F1,0.5
CCR_40E62EDC1595C28DBF8A,IND_ANDAMAN_AND_NICOBAR_ISLANDS_NORTH_AND_MIDDLE_ANDAMAN,validation,Andaman and Nicobar Islands,NORTH AND MIDDLE ANDAMAN,Arecanut,Rabi,2011,1338.0,12.61158497,92.83153129,578.0300000000279,2.713755868544732,81,132,4,35,18,27.633849765258397,28.949201877934513,26.474413145541764,32.14,23.44,0,0,74.15920187793498,19.592347417840298,3.6637089201878568,204.61000000001513,27.709259259259042,4,110.15000000000873,29.057777777779307,1,1.7669753086419753,1,2010,CCR_7A079BA2AF4BEE34C3DD,1.8011958146487295
CCR_3361FE0089117235F460,IND_ANDAMAN_AND_NICOBAR_ISLANDS_NORTH_AND_MIDDLE_ANDAMAN,validation,Andaman and Nicobar Islands,NORTH AND MIDDLE ANDAMAN,Arhar/Tur,Rabi,2011,210.0,12.61158497,92.83153129,467.8500000000131,3.1190000000000873,64,86,3,23,18,27.13573333333324,28.334933333333467,26.107333333335312,29.98,23.44,0,0,76.53860000000103,18.228000000000076,4.161533333333427,163.72000000001572,27.724736842106243,3,75.45999999999913,26.472894736842903,1,0.30831918505942274,1,2010,CCR_7C5EF7A3FEB7ED3687DE,0.3019047619047619
CCR_6E2E2F02D843A0EC94C2,IND_ANDAMAN_AND_NICOBAR_ISLANDS_NORTH_AND_MIDDLE_ANDAMAN,validation,Andaman and Nicobar Islands,NORTH AND MIDDLE ANDAMAN,Banana,Whole Year,2011,682.0,12.61158497,92.83153129,3353.7799999999916,9.163333333333311,226,140,66,35,60,27.743852459016395,28.803196721311956,26.818688524591554,32.14,23.44,0,0,78.26743169398956,17.159043715847012,4.677185792349772,1767.389999999963,27.51934782608789,1,1095.2600000000093,28.876304347825403,19,12.127853881278538,1,2010,CCR_A4E2298C931BB98252FF,13.321114369501466
CCR_D0FDADF4CB59556A0A01,IND_ANDAMAN_AND_NICOBAR_ISLANDS_NORTH_AND_MIDDLE_ANDAMAN,validation,Andaman and Nicobar Islands,NORTH AND MIDDLE ANDAMAN,Black pepper,Rabi,2011,169.9,12.61158497,92.83153129,578.0300000000279,2.713755868544732,81,132,4,35,18,27.633849765258397,28.949201877934513,26.474413145541764,32.14,23.44,0,0,74.15920187793498,19.592347417840298,3.6637089201878568,204.61000000001513,27.709259259259042,4,110.15000000000873,29.057777777779307,1,0.08035714285714286,1,2010,CCR_152F5979303D8E3523D7,0.015891701000588582
CCR_DB2AF1260836D3D162B3,IND_ANDAMAN_AND_NICOBAR_ISLANDS_NORTH_AND_MIDDLE_ANDAMAN,validation,Andaman and Nicobar Islands,NORTH AND MIDDLE ANDAMAN,Cashewnut,Rabi,2011,153.5,12.61158497,92.83153129,578.0300000000279,2.713755868544732,81,132,4,35,18,27.633849765258397,28.949201877934513,26.474413145541764,32.14,23.44,0,0,74.15920187793498,19.592347417840298,3.6637089201878568,204.61000000001513,27.709259259259042,4,110.15000000000873,29.057777777779307,1,0.46153846153846156,1,2010,CCR_1D2E8EA5058C66E521EC,0.3485342019543974
CCR_AD3EB75E1699ACE6465C,IND_ANDAMAN_AND_NICOBAR_ISLANDS_NORTH_AND_MIDDLE_ANDAMAN,validation,Andaman and Nicobar Islands,NORTH AND MIDDLE ANDAMAN,Dry chillies,Rabi,2011,246.0,12.61158497,92.83153129,488.78000000002066,2.7004419889503906,68,113,3,35,18,27.274861878452878,28.58254143646426,26.137624309394376,31.26,23.44,0,0,75.08331491712812,19.01668508287311,3.911933701657566,178.68000000001484,27.646956521739334,4,23.04000000000815,27.576304347825022,0,1.5826771653543308,1,2010,CCR_A0415C804081A5817A7C,1.3495934959349594
CCR_25071D8FE4AB2AAC44E4,IND_ANDAMAN_AND_NICOBAR_ISLANDS_NORTH_AND_MIDDLE_ANDAMAN,validation,Andaman and Nicobar Islands,NORTH AND MIDDLE ANDAMAN,Ginger,Rabi,2011,110.5,12.61158497,92.83153129,1060.7500000000364,4.401452282157828,104,137,15,35,18,27.768464730290262,29.034896265560302,26.65203319502274,32.14,23.44,0,0,74.79614107883889,19.1985892116182,3.7629875518672695,221.71000000001368,27.71032786885225,6,572.2400000000125,29.25409836065526,12,9.198545454545455,1,2010,CCR_2EE1F57023D0F280FBD2,9.452488687782806
CCR_8C4CE3D7E2DC63C7F5AA,IND_ANDAMAN_AND_NICOBAR_ISLANDS_NORTH_AND_MIDDLE_ANDAMAN,validation,Andaman and Nicobar Islands,NORTH AND MIDDLE ANDAMAN,Groundnut,Rabi,2011,8.1,12.61158497,92.83153129,395.0400000000154,3.2920000000001286,60,60,2,9,18,27.264416666666513,28.315750000000115,26.357750000002365,29.53,23.44,0,0,77.33583333333469,17.678833333333387,4.249750000000131,153.8000000000029,27.64033333333403,2,28.089999999996508,26.327000000000893,0,1.431578947368421,1,2010,CCR_39DDFD13962BFB58BABD,1.4444444444444446
CCR_E013C9A8AFD2327B8D69,IND_ANDAMAN_AND_NICOBAR_ISLANDS_NORTH_AND_MIDDLE_ANDAMAN,validation,Andaman and Nicobar Islands,NORTH AND MIDDLE ANDAMAN,Maize,Rabi,2011,91.0,12.61158497,92.83153129,395.0400000000154,3.2920000000001286,60,60,2,9,18,27.264416666666513,28.315750000000115,26.357750000002365,29.53,23.44,0,0,77.33583333333469,17.678833333333387,4.249750000000131,153.8000000000029,27.64033333333403,2,28.089999999996508,26.327000000000893,0,1.1118800461361016,1,2010,CCR_3B9D3CE6E830DF2C5AF3,1.5
CCR_598660C82DB36D6530D2,IND_ANDAMAN_AND_NICOBAR_ISLANDS_NORTH_AND_MIDDLE_ANDAMAN,validation,Andaman and Nicobar Islands,NORTH AND MIDDLE ANDAMAN,Moong(Green Gram),Rabi,2011,824.6,12.61158497,92.83153129,366.9500000000189,4.077222222222432,54,36,2,7,18,27.576888888888384,28.523777777778257,26.743777777780714,29.53,24.96,0,0,78.13633333333678,17.35500000000013,4.158777777777949,143.3700000000099,27.550434782610115,2,114.6400000000067,27.28608695652118,2,0.47625363683039534,1,2010,CCR_794CA7713E457AA872DA,0.5972592772253214
CCR_3DA88E5668B44FEC2200,IND_ANDAMAN_AND_NICOBAR_ISLANDS_NORTH_AND_MIDDLE_ANDAMAN,validation,Andaman and Nicobar Islands,NORTH AND MIDDLE ANDAMAN,Rice,Autumn,2011,7314.05,12.61158497,92.83153129,2165.859999999964,12.032555555555357,144,36,46,8,34,27.951333333333604,28.796722222222726,27.199777777777893,30.49,25.33,0,0,81.50361111111253,16.76150000000036,4.819111111111124,262.2499999999927,27.28222222222054,8,888.8599999999788,27.55888888888876,24,2.9624503018701223,1,2010,CCR_D8CC087F547F2CB5609E,1.9371210205016374
CCR_671AC3672B344A85DEF4,IND_ANDAMAN_AND_NICOBAR_ISLANDS_NORTH_AND_MIDDLE_ANDAMAN,validation,Andaman and Nicobar Islands,NORTH AND MIDDLE ANDAMAN,Sugarcane,Autumn,2011,105.0,12.61158497,92.83153129,3074.929999999964,8.401448087431595,230,136,59,35,60,27.635245901639742,28.66262295082036,26.736912568307183,31.26,23.44,0,0,78.91008196721334,17.379289617486396,4.565683060109341,837.8299999999799,28.43043478260971,4,124.68000000000029,27.01706521739138,1,12.126005727533071,1,2010,CCR_CC6D5350C3469494F21E,18.01904761904762
CCR_DBECEBA61CF367C9C36A,IND_ANDAMAN_AND_NICOBAR_ISLANDS_NORTH_AND_MIDDLE_ANDAMAN,validation,Andaman and Nicobar Islands,NORTH AND MIDDLE ANDAMAN,Sweet potato,Rabi,2011,101.0,12.61158497,92.83153129,395.0400000000154,3.2920000000001286,60,60,2,9,18,27.264416666666513,28.315750000000115,26.357750000002365,29.53,23.44,0,0,77.33583333333469,17.678833333333387,4.249750000000131,153.8000000000029,27.64033333333403,2,28.089999999996508,26.327000000000893,0,4.4036697247706424,1,2010,CCR_E189F7898236172DB5B9,4.207920792079208
CCR_6FB8709E9042592503A4,IND_ANDAMAN_AND_NICOBAR_ISLANDS_NORTH_AND_MIDDLE_ANDAMAN,validation,Andaman and Nicobar Islands,NORTH AND MIDDLE ANDAMAN,Tapioca,Whole Year,2011,181.5,12.61158497,92.83153129,3353.7799999999916,9.163333333333311,226,140,66,35,60,27.743852459016395,28.803196721311956,26.818688524591554,32.14,23.44,0,0,78.26743169398956,17.159043715847012,4.677185792349772,1767.389999999963,27.51934782608789,1,1095.2600000000093,28.876304347825403,19,7.265415549597855,1,2010,CCR_3C20996C9F172E6532F1,7.0550964187327825
CCR_7034C20E7545DD4252CC,IND_ANDAMAN_AND_NICOBAR_ISLANDS_NORTH_AND_MIDDLE_ANDAMAN,validation,Andaman and Nicobar Islands,NORTH AND MIDDLE ANDAMAN,Turmeric,Rabi,2011,68.6,12.61158497,92.83153129,1526.8800000000265,5.634243542435522,133,138,21,35,37,27.822804428043998,29.023985239852397,26.768007380075534,32.14,23.44,0,0,75.80177121771335,18.726752767527717,4.164132841328438,253.23000000001048,27.674558823528915,7,986.169999999991,28.717647058822074,17,5.536764705882353,1,2010,CCR_616794A7460800868C49,5.5451895043731785
CCR_A7092D96C856A139DED9,IND_ANDAMAN_AND_NICOBAR_ISLANDS_NORTH_AND_MIDDLE_ANDAMAN,validation,Andaman and Nicobar Islands,NORTH AND MIDDLE ANDAMAN,Urad,Rabi,2011,735.4000000000001,12.61158497,92.83153129,369.98000000001775,3.8945263157896606,56,39,2,7,18,27.56294736842055,28.517894736842536,26.723157894739415,29.53,24.96,0,0,78.23221052631882,17.408842105263428,4.152842105263316,144.68000000000757,27.57000000000092,2,107.02000000001135,27.19041666666696,2,0.43302501179801794,1,2010,CCR_87F5E5181321BA36FDF1,0.5542561871090562
CCR_24CE511486F66D1EC7B2,IND_ANDAMAN_AND_NICOBAR_ISLANDS_SOUTH_ANDAMANS,validation,Andaman and Nicobar Islands,SOUTH ANDAMANS,Arecanut,Rabi,2011,1925.0,10.70434741,92.48893577,581.1899999999841,2.7285915492957002,104,109,4,17,23,27.832159624412736,28.31154929577499,27.2885915492951,30.34,25.33,0,0,76.56347417840084,19.183990610328582,4.070657276995217,153.09999999999127,27.84907407407418,8,110.74999999999272,28.606111111111304,0,0.9937238493723849,1,2010,CCR_68F2D993C158C1863210,1.2727272727272727
CCR_3E4F8F0975A23CA24D08,IND_ANDAMAN_AND_NICOBAR_ISLANDS_SOUTH_ANDAMANS,validation,Andaman and Nicobar Islands,SOUTH ANDAMANS,Banana,Whole Year,2011,378.5,10.70434741,92.48893577,2371.980000000003,6.480819672131156,246,120,31,17,59,27.967377049180083,28.38680327868894,27.489125683059605,30.34,25.33,0,0,79.14540983606406,17.739398907103734,5.1722677595628,1153.780000000006,27.840434782608455,2,722.6400000000103,28.724239130435148,11,15.325,1,2010,CCR_70580FDAA63B6927C5F9,15.138705416116249
CCR_522CADB2F4833DEE2CD4,IND_ANDAMAN_AND_NICOBAR_ISLANDS_SOUTH_ANDAMANS,validation,Andaman and Nicobar Islands,SOUTH ANDAMANS,Black pepper,Rabi,2011,407.1,10.70434741,92.48893577,581.1899999999841,2.7285915492957002,104,109,4,17,23,27.832159624412736,28.31154929577499,27.2885915492951,30.34,25.33,0,0,76.56347417840084,19.183990610328582,4.070657276995217,153.09999999999127,27.84907407407418,8,110.74999999999272,28.606111111111304,0,0.2396088019559902,1,2010,CCR_755D8B6DFDAD3DCBA421,0.06877916973716532
CCR_375B65E9E11F2B88202D,IND_ANDAMAN_AND_NICOBAR_ISLANDS_SOUTH_ANDAMANS,validation,Andaman and Nicobar Islands,SOUTH ANDAMANS,Cashewnut,Rabi,2011,20.0,10.70434741,92.48893577,581.1899999999841,2.7285915492957002,104,109,4,17,23,27.832159624412736,28.31154929577499,27.2885915492951,30.34,25.33,0,0,76.56347417840084,19.183990610328582,4.070657276995217,153.09999999999127,27.84907407407418,8,110.74999999999272,28.606111111111304,0,0.7,1,2010,CCR_EE1C1A74974155801FB1,0.765
CCR_3F80AAA90CFFA478D997,IND_ANDAMAN_AND_NICOBAR_ISLANDS_SOUTH_ANDAMANS,validation,Andaman and Nicobar Islands,SOUTH ANDAMANS,Dry chillies,Rabi,2011,127.0,10.70434741,92.48893577,493.7599999999875,2.7279558011049034,80,101,4,17,23,27.64668508287238,28.127513812155108,27.100165745855897,29.81,25.33,0,0,76.80011049723471,18.73022099447497,4.3394475138120265,125.47999999999229,27.76456521739095,8,40.9900000000016,27.936304347826873,0,1.15625,1,2010,CCR_3A19E3B81EE3FCC4C53A,1.8275590551181102
CCR_DEEB39ABC3A1B3D46E79,IND_ANDAMAN_AND_NICOBAR_ISLANDS_SOUTH_ANDAMANS,validation,Andaman and Nicobar Islands,SOUTH ANDAMANS,Ginger,Rabi,2011,92.5,10.70434741,92.48893577,894.2499999999854,3.7105809128630103,127,114,10,17,23,27.95506224066359,28.42609958506249,27.4178423236509,30.34,25.33,0,0,76.96186721991458,18.784605809128497,4.235269709543481,178.3999999999869,27.89131147540976,8,401.119999999999,28.880983606557702,6,8.81404255319149,1,2010,CCR_F3EB3F1AB46B08333E8B,8.644324324324325
CCR_8DA64C23635FBEB6A35F,IND_ANDAMAN_AND_NICOBAR_ISLANDS_SOUTH_ANDAMANS,validation,Andaman and Nicobar Islands,SOUTH ANDAMANS,Groundnut,Rabi,2011,12.2,10.70434741,92.48893577,372.68999999998414,3.1057499999998677,66,54,2,12,23,27.612249999999282,28.028666666667412,27.13733333333245,29.19,25.33,0,0,78.64341666666344,17.47600000000008,4.823416666666526,113.90999999999258,27.69266666666566,2,41.60000000000218,27.026333333330694,0,0.49032258064516127,1,2010,CCR_D10CC8A34C3BC26F6B27,0.3524590163934426
CCR_C67E801C57D98A293B4D,IND_ANDAMAN_AND_NICOBAR_ISLANDS_NICOBARS,validation,Andaman and Nicobar Islands,NICOBARS,Cowpea(Lobia),Rabi,2011,33.5,7.00040199,93.81029172,685.1499999999905,6.8514999999999056,91,9,3,3,28,27.599500000000408,27.93820000000036,27.215199999999605,29.01,26.3,0,0,81.93090000000258,15.772299999999523,4.78510000000002,198.94999999999345,27.242799999997953,3,200.16999999999098,27.72920000000391,2,,0,,,2.8208955223880596
CCR_B4322F3A07160D58AC6A,IND_ANDAMAN_AND_NICOBAR_ISLANDS_NORTH_AND_MIDDLE_ANDAMAN,validation,Andaman and Nicobar Islands,NORTH AND MIDDLE ANDAMAN,Cowpea(Lobia),Rabi,2011,258.0,12.61158497,92.83153129,370.87000000001717,3.7087000000001717,56,44,2,7,18,27.536699999999545,28.502600000000385,26.6904000000027,29.53,24.96,0,0,78.23940000000177,17.478100000000122,4.169600000000173,145.56000000000495,27.590800000000744,2,107.88000000001193,27.18960000000079,2,,0,,,4.684108527131783
CCR_988B32B748D3AEED3DCB,IND_ANDAMAN_AND_NICOBAR_ISLANDS_NORTH_AND_MIDDLE_ANDAMAN,validation,Andaman and Nicobar Islands,NORTH AND MIDDLE ANDAMAN,Rapeseed &Mustard,Rabi,2011,20.0,12.61158497,92.83153129,372.5500000000102,2.642198581560356,51,90,3,29,9,27.111702127659367,28.39609929078018,26.012836879434673,30.3,23.44,0,0,75.63808510638277,18.533900709219747,4.188085106383085,89.89000000001397,27.71861111111098,4,72.81999999999971,26.78694444444409,1,,0,,,0.26
CCR_86EA5279B451F6E8568D,IND_ANDAMAN_AND_NICOBAR_ISLANDS_NORTH_AND_MIDDLE_ANDAMAN,validation,Andaman and Nicobar Islands,NORTH AND MIDDLE ANDAMAN,Sesamum,Summer,2011,43.5,12.61158497,92.83153129,492.0600000000268,4.871881188119077,37,64,10,25,13,28.571485148514,30.070198019802234,27.215742574258947,32.14,24.1,0,0,71.4587128712867,21.262673267326576,3.026831683168308,12.630000000011933,27.138846153844497,25,395.93000000001484,28.879230769226872,9,,0,,,0.4965517241379311
CCR_BE449AD5CCE0458802E9,IND_ANDAMAN_AND_NICOBAR_ISLANDS_SOUTH_ANDAMANS,validation,Andaman and Nicobar Islands,SOUTH ANDAMANS,Cowpea(Lobia),Rabi,2011,83.5,10.70434741,92.48893577,334.18999999997686,3.3418999999997685,59,41,2,10,23,27.771399999999847,28.1771000000005,27.313599999998406,29.19,26.41,0,0,79.37589999999676,17.42089999999982,4.812899999999863,106.49999999999272,27.616399999998976,2,121.51999999999316,27.55359999999986,2,,0,,,7.500598802395211
CCR_7E4D1574FD8E1891856D,IND_ANDAMAN_AND_NICOBAR_ISLANDS_SOUTH_ANDAMANS,validation,Andaman and Nicobar Islands,SOUTH ANDAMANS,Rapeseed &Mustard,Rabi,2011,1.3,10.70434741,92.48893577,382.9499999999971,2.71595744680849,63,78,4,12,14,27.576595744680354,28.034042553192027,27.05092198581514,29.19,25.33,0,0,77.4129078014137,18.350780141843707,4.629999999999858,51.039999999997235,27.936666666667506,8,89.18000000000757,27.419444444443798,2,,0,,,0.23076923076923075
CCR_18BFF1C34F98B351D95C,IND_ANDAMAN_AND_NICOBAR_ISLANDS_SOUTH_ANDAMANS,validation,Andaman and Nicobar Islands,SOUTH ANDAMANS,Sesamum,Summer,2011,6.5,10.70434741,92.48893577,381.619999999999,3.7784158415841484,52,49,4,17,15,28.48851485148569,29.02079207920798,27.883960396039303,30.34,26.1,0,0,74.46564356435614,20.534851485148124,3.354851485148408,35.43000000000029,27.74076923077071,8,266.0699999999997,28.897692307693294,4,,0,,,0.5230769230769231
CCR_61C94946E8EC8FD2D9E6,IND_ANDHRA_PRADESH_ADILABAD,validation,Andhra Pradesh,ADILABAD,Cowpea(Lobia),Kharif,2011,143.0,19.29892001,79.08081669,555.2400000000071,5.552400000000071,67,33,4,6,24,29.861000000001514,34.49550000000018,25.9091999999994,45.89,22.63,37,0,67.43479999999923,17.926699999999983,2.7770999999999186,63.73000000000138,35.485200000000184,6,198.77999999999702,26.597600000000092,0,,0,,,0.23776223776223776
CCR_B3594EB729BE70E5A285,IND_ANDHRA_PRADESH_ADILABAD,validation,Andhra Pradesh,ADILABAD,Cowpea(Lobia),Rabi,2011,22.0,19.29892001,79.08081669,15.029999999998836,0.15029999999998836,5,95,0,86,3,23.411100000000733,31.597500000000583,16.938399999999238,34.39,11.1,0,0,61.6422999999969,17.769800000000103,1.4932000000000152,10.679999999996653,25.13800000000163,20,4.260000000000218,22.4420000000007,0,,0,,,0.8181818181818182
CCR_8C739787D8CDF967E31E,IND_ANDHRA_PRADESH_ANANTAPUR,validation,Andhra Pradesh,ANANTAPUR,Arhar/Tur,Rabi,2011,17.0,14.45698852,77.50944784,122.01999999999862,0.8134666666666575,24,126,0,59,6,24.555333333331316,32.32886666666678,18.162000000000504,37.94,12.31,19,0,60.47773333333316,19.225866666667084,2.593533333333374,97.20999999999731,25.807894736840115,8,0.0,25.406842105259113,0,,0,,,0.058823529411764705
CCR_A6F3D3107B9ADB3EF779,IND_ANDHRA_PRADESH_ANANTAPUR,validation,Andhra Pradesh,ANANTAPUR,Cowpea(Lobia),Kharif,2011,846.0,14.45698852,77.50944784,332.35999999999876,3.3235999999999875,40,60,5,8,4,27.280500000000174,33.097799999998536,22.676099999999714,39.71,19.78,19,0,67.09729999999982,20.086100000000588,4.997699999999822,125.21999999999935,29.15719999999972,5,89.50999999999658,26.163999999999067,1,,0,,,0.1773049645390071
CCR_691464131640ADE63BD8,IND_ANDHRA_PRADESH_ANANTAPUR,validation,Andhra Pradesh,ANANTAPUR,Cowpea(Lobia),Rabi,2011,15.0,14.45698852,77.50944784,121.97999999999774,1.2197999999999773,24,76,0,31,6,24.402699999999022,31.639100000000326,18.794600000000354,35.13,13.44,1,0,68.24699999999953,17.96840000000011,2.506600000000071,65.5199999999968,26.646799999998183,8,4.920000000001892,23.36359999999986,0,,0,,,0.8
CCR_811BAB64F5FC50DE7803,IND_ANDHRA_PRADESH_ANANTAPUR,validation,Andhra Pradesh,ANANTAPUR,Dry chillies,Rabi,2011,64.0,14.45698852,77.50944784,122.01999999999862,0.6741436464088322,24,157,0,90,6,25.422928176793906,33.37911602209958,18.629281767956172,40.21,12.31,50,0,55.450497237569586,20.235966850829005,2.6015469613260125,97.20999999999731,25.38195652173675,12,0.0,28.792173913042895,0,,0,,,1.296875
CCR_414D0C3587561BAB43AC,IND_ANDHRA_PRADESH_ANANTAPUR,validation,Andhra Pradesh,ANANTAPUR,Other Kharif pulses,Kharif,2011,3.0,14.45698852,77.50944784,490.68999999999323,2.4534499999999664,75,125,5,21,6,26.398749999999126,32.52564999999959,21.60090000000004,39.71,14.2,22,0,69.06415000000067,19.350100000000165,4.003199999999851,140.3100000000013,28.180400000000954,8,68.86999999999898,24.498599999998696,0,,0,,,0.3333333333333333
CCR_2EEC284653F621338AAB,IND_ANDHRA_PRADESH_ANANTAPUR,validation,Andhra Pradesh,ANANTAPUR,Small millets,Rabi,2011,10.0,14.45698852,77.50944784,122.01999999999862,1.162095238095225,24,81,0,31,6,24.408857142855968,31.65733333333351,18.758285714286085,35.13,13.44,1,0,67.78000000000023,17.964952380952447,2.508857142857215,82.97999999999593,26.445925925924072,8,4.960000000002765,23.680740740739836,0,,0,,,0.7
CCR_62EAA45782536ACB25C0,IND_ANDHRA_PRADESH_ANANTAPUR,validation,Andhra Pradesh,ANANTAPUR,other oilseeds,Kharif,2011,50.0,14.45698852,77.50944784,353.8599999999951,2.9488333333332926,47,73,5,8,6,27.074249999999786,32.84733333333255,22.511499999999916,39.71,19.78,19,0,68.19516666666654,19.77375000000029,4.922666666666464,125.22999999999956,28.90099999999996,7,93.42999999999302,26.010333333330344,1,,0,,,20.14
CCR_D43347443716253AC53D,IND_ANDHRA_PRADESH_CHITTOOR,validation,Andhra Pradesh,CHITTOOR,Cowpea(Lobia),Kharif,2011,1078.0,13.30744112,78.98230736,264.130000000001,2.64130000000001,44,56,2,16,8,26.539500000000118,32.33069999999803,21.929199999999984,38.15,19.61,8,0,65.3435999999987,19.606700000000128,4.140200000000041,66.4900000000016,27.65719999999914,3,103.12000000000444,25.529600000001373,1,,0,,,0.32189239332096475
CCR_A1897B9F88E6E1318AFC,IND_ANDHRA_PRADESH_CHITTOOR,validation,Andhra Pradesh,CHITTOOR,Cowpea(Lobia),Rabi,2011,9.0,13.30744112,78.98230736,203.1500000000051,2.031500000000051,31,69,0,19,14,22.24679999999993,28.419400000001186,17.792999999999594,32.34,11.68,0,0,78.74170000000159,16.836000000000205,2.140799999999999,78.63000000000102,24.648400000000837,5,21.76000000000022,20.809599999999627,0,,0,,,0.7777777777777778
CCR_00D14BA3DEDC086F6700,IND_ANDHRA_PRADESH_CHITTOOR,validation,Andhra Pradesh,CHITTOOR,Gram,Rabi,2011,2.0,13.30744112,78.98230736,156.50000000000546,1.2038461538461958,24,106,0,42,14,21.883076923076384,29.124923076923004,16.64969230769146,35.29,10.61,3,0,73.56400000000095,18.197692307692286,2.333153846153828,100.19000000000415,22.519696969698558,12,0.1999999999989086,22.543030303028047,0,,0,,,0.5
CCR_3F7E0FA9904588C92F2E,IND_ANDHRA_PRADESH_CHITTOOR,validation,Andhra Pradesh,CHITTOOR,Linseed,Rabi,2011,11.0,13.30744112,78.98230736,156.50000000000546,1.2038461538461958,24,106,0,42,14,21.883076923076384,29.124923076923004,16.64969230769146,35.29,10.61,3,0,73.56400000000095,18.197692307692286,2.333153846153828,100.19000000000415,22.519696969698558,12,0.1999999999989086,22.543030303028047,0,,0,,,0.18181818181818182
CCR_95D01D47229FD5061C47,IND_ANDHRA_PRADESH_CHITTOOR,validation,Andhra Pradesh,CHITTOOR,Other Rabi pulses,Rabi,2011,17.0,13.30744112,78.98230736,246.6900000000096,1.1581690140845522,44,169,0,78,14,24.106431924882553,31.663004694835685,18.223051643191848,39.78,10.61,60,0,65.65478873239478,20.076384976525635,2.3858215962440816,148.5400000000045,22.95574074074156,18,42.13000000000466,28.590370370371534,0,,0,,,0.29411764705882354
CCR_3AF71ED7A037E261A55D,IND_ANDHRA_PRADESH_EAST_GODAVARI,validation,Andhra Pradesh,EAST GODAVARI,Arecanut,Whole Year,2011,20.0,17.16205937,82.05657923,873.3999999999742,2.3863387978141373,117,249,8,58,16,27.912732240437233,33.84573770491797,23.39691256830586,45.52,13.82,114,0,70.02789617486519,18.044672131147557,2.2018852459016327,520.6099999999842,27.40130434782591,7,223.89999999999418,31.425652173911818,2,,0,,,0.4
CCR_F7DF5F658DCF70B97DBF,IND_ANDHRA_PRADESH_EAST_GODAVARI,validation,Andhra Pradesh,EAST GODAVARI,Bajra,Rabi,2011,6.0,17.16205937,82.05657923,108.21999999999389,1.082199999999939,16,84,1,58,5,25.85440000000119,31.906000000001512,21.242399999999908,34.11,15.29,0,0,71.14729999999923,16.795899999999964,1.9756999999999971,67.70999999999913,27.494400000002933,10,13.019999999996799,24.70560000000056,0,,0,,,0.8333333333333334
CCR_511CB03F97FF358037FB,IND_ANDHRA_PRADESH_EAST_GODAVARI,validation,Andhra Pradesh,EAST GODAVARI,Cowpea(Lobia),Rabi,2011,98.0,17.16205937,82.05657923,108.21999999999389,1.082199999999939,16,84,1,58,5,25.85440000000119,31.906000000001512,21.242399999999908,34.11,15.29,0,0,71.14729999999923,16.795899999999964,1.9756999999999971,67.70999999999913,27.494400000002933,10,13.019999999996799,24.70560000000056,0,,0,,,0.7959183673469388
CCR_DF459C8BF3685B03A881,IND_ANDHRA_PRADESH_EAST_GODAVARI,validation,Andhra Pradesh,EAST GODAVARI,Soyabean,Kharif,2011,50.0,17.16205937,82.05657923,647.8000000000029,5.889090909090935,69,41,8,5,16,28.632363636363614,32.57418181818053,25.608454545455142,40.96,22.99,17,0,78.27409090908954,16.297454545454556,2.6255454545454664,135.57000000000153,30.62107142857089,5,210.89000000000306,26.972500000000373,1,,0,,,1.62
CCR_160211B491360BDAB295,IND_ANDHRA_PRADESH_EAST_GODAVARI,validation,Andhra Pradesh,EAST GODAVARI,other oilseeds,Kharif,2011,7595.0,17.16205937,82.05657923,685.8700000000026,5.715583333333355,75,45,9,5,16,28.48166666666657,32.32933333333203,25.53916666666713,40.96,22.99,17,0,79.16824999999857,16.178583333333396,2.605250000000024,166.29000000000087,30.59833333333372,5,223.0799999999981,26.69566666666748,2,,0,,,17.129953917050692
CCR_FED790BE00505DB71722,IND_ANDHRA_PRADESH_EAST_GODAVARI,validation,Andhra Pradesh,EAST GODAVARI,other oilseeds,Rabi,2011,88.0,17.16205937,82.05657923,120.69999999998981,1.0058333333332485,19,101,1,58,5,25.51875000000097,31.841833333334943,20.73891666666665,34.11,13.82,0,0,69.78566666666642,16.940166666666723,1.9308333333333394,77.84000000000015,27.28133333333438,10,25.129999999993743,24.598000000000077,0,,0,,,21.113636363636363
CCR_EB9D01CBB64DA70229F6,IND_ANDHRA_PRADESH_GUNTUR,validation,Andhra Pradesh,GUNTUR,Ragi,Rabi,2011,114.0,16.28679727,80.18361384,107.28000000000065,0.8940000000000055,20,100,0,58,6,26.023000000000806,33.47833333333377,20.203416666666694,37.0,10.67,15,0,65.16916666666462,17.128916666666434,1.8238333333333534,54.63999999999942,28.15633333333438,5,40.44000000000051,24.35433333333349,0,,0,,,1.5175438596491229
CCR_47AD5C2F911EC0318E31,IND_ANDHRA_PRADESH_GUNTUR,validation,Andhra Pradesh,GUNTUR,other oilseeds,Kharif,2011,7.0,16.28679727,80.18361384,417.03000000000065,3.4752500000000053,61,59,4,10,16,30.222333333334245,35.21333333333411,26.149333333333804,45.42,22.92,61,0,65.06858333333172,18.288333333332897,3.1474166666666252,82.81999999999971,32.82499999999806,10,149.06000000000313,27.81233333333415,0,,0,,,21.285714285714285
CCR_7BCFF2D70360646E8C94,IND_ANDHRA_PRADESH_GUNTUR,validation,Andhra Pradesh,GUNTUR,other oilseeds,Rabi,2011,5.0,16.28679727,80.18361384,107.28000000000065,0.8940000000000055,20,100,0,58,6,26.023000000000806,33.47833333333377,20.203416666666694,37.0,10.67,15,0,65.16916666666462,17.128916666666434,1.8238333333333534,54.63999999999942,28.15633333333438,5,40.44000000000051,24.35433333333349,0,,0,,,1.6
CCR_C6431BAAB319F300921F,IND_ANDHRA_PRADESH_KADAPA,validation,Andhra Pradesh,KADAPA,Cowpea(Lobia),Kharif,2011,465.0,19.29892001,79.08081669,555.2400000000071,5.552400000000071,67,33,4,6,24,29.861000000001514,34.49550000000018,25.9091999999994,45.89,22.63,37,0,67.43479999999923,17.926699999999983,2.7770999999999186,63.73000000000138,35.485200000000184,6,198.77999999999702,26.597600000000092,0,,0,,,0.23655913978494625
CCR_FCA611CCD8257CED9576,IND_ANDHRA_PRADESH_KADAPA,validation,Andhra Pradesh,KADAPA,Cowpea(Lobia),Rabi,2011,409.0,19.29892001,79.08081669,15.029999999998836,0.15029999999998836,5,95,0,86,3,23.411100000000733,31.597500000000583,16.938399999999238,34.39,11.1,0,0,61.6422999999969,17.769800000000103,1.4932000000000152,10.679999999996653,25.13800000000163,20,4.260000000000218,22.4420000000007,0,,0,,,0.7970660146699267
CCR_85A66C30F9EFA878B52B,IND_ANDHRA_PRADESH_KARIMNAGAR,validation,Andhra Pradesh,KARIMNAGAR,Cowpea(Lobia),Kharif,2011,532.0,18.53056102,79.39247751,410.3600000000024,4.103600000000024,63,37,2,8,12,29.969899999999615,34.884699999999135,25.896600000000472,45.73,22.43,38,0,64.83000000000116,18.455499999999738,3.081000000000058,57.05999999999949,34.80760000000126,8,135.88000000000102,26.992399999998742,0,,0,,,0.23684210526315788
CCR_1305290BC1C28B60CBBA,IND_ANDHRA_PRADESH_KARIMNAGAR,validation,Andhra Pradesh,KARIMNAGAR,Cowpea(Lobia),Rabi,2011,4459.0,18.53056102,79.39247751,19.940000000004147,0.19940000000004146,5,95,0,80,2,24.885599999999684,32.96089999999909,18.467900000000082,35.36,13.05,2,0,54.983699999999956,17.822899999999937,1.5210000000000763,16.340000000001965,26.466400000001304,13,2.0100000000020373,23.712799999999117,0,,0,,,0.7979367571204306
CCR_81E30B8776E2DE9054F9,IND_ANDHRA_PRADESH_KARIMNAGAR,validation,Andhra Pradesh,KARIMNAGAR,Dry chillies,Rabi,2011,128.0,18.53056102,79.39247751,20.80000000000655,0.11491712707185939,5,176,0,88,2,25.656740331491527,34.25618784530336,18.187237569061093,41.45,9.25,48,2,43.171049723756376,19.33320441988957,1.6735359116022894,17.93000000000211,25.835869565218278,34,0.010000000000218279,28.90173913043438,0,,0,,,3.2578125
CCR_DC1C006D2960E111862A,IND_ANDAMAN_AND_NICOBAR_ISLANDS_NICOBARS,test,Andaman and Nicobar Islands,NICOBARS,Arecanut,Rabi,2013,890.5,7.00040199,93.81029172,852.7599999999838,4.022452830188603,131,81,3,23,78,27.741933962265012,28.209103773584435,27.23490566037703,30.75,25.74,0,0,77.93688679245254,18.73122641509422,3.979339622641556,294.59999999999127,27.440943396228523,0,89.65999999998894,28.700566037736486,0,1.4200208550573514,1,2012,CCR_122B7960C9ECB515C7B8,0.9500280741156654
CCR_E5DF82D9537CB2DCD30D,IND_ANDAMAN_AND_NICOBAR_ISLANDS_NICOBARS,test,Andaman and Nicobar Islands,NICOBARS,Banana,Whole Year,2013,170.0,7.00040199,93.81029172,1915.3100000000086,5.24742465753427,279,86,7,23,111,27.875150684931725,28.279780821917637,27.419616438355614,30.75,25.74,0,0,79.63687671232947,17.623232876712557,4.608575342465756,669.0499999999956,27.61586956521648,4,460.1100000000224,28.760869565217707,1,8.439834024896266,1,2012,CCR_3B2CF69BFA13009224EC,7.65
CCR_3001F4803A61425DD1F5,IND_ANDAMAN_AND_NICOBAR_ISLANDS_NICOBARS,test,Andaman and Nicobar Islands,NICOBARS,Black pepper,Rabi,2013,7.6,7.00040199,93.81029172,852.7599999999838,4.022452830188603,131,81,3,23,78,27.741933962265012,28.209103773584435,27.23490566037703,30.75,25.74,0,0,77.93688679245254,18.73122641509422,3.979339622641556,294.59999999999127,27.440943396228523,0,89.65999999998894,28.700566037736486,0,0.21304347826086958,1,2012,CCR_72AAEC595418DD25476A,0.19736842105263158
CCR_4A809E11146FAECC5DDC,IND_ANDAMAN_AND_NICOBAR_ISLANDS_NICOBARS,test,Andaman and Nicobar Islands,NICOBARS,Cashewnut,Rabi,2013,1036.9,7.00040199,93.81029172,852.7599999999838,4.022452830188603,131,81,3,23,78,27.741933962265012,28.209103773584435,27.23490566037703,30.75,25.74,0,0,77.93688679245254,18.73122641509422,3.979339622641556,294.59999999999127,27.440943396228523,0,89.65999999998894,28.700566037736486,0,0.2900719424460432,1,2012,CCR_719E500E39455A4D1A0C,0.29154209663419806
CCR_9D6289AAA3B9FFF313F1,IND_ANDAMAN_AND_NICOBAR_ISLANDS_NICOBARS,test,Andaman and Nicobar Islands,NICOBARS,Cowpea(Lobia),Rabi,2013,18.5,7.00040199,93.81029172,715.8399999999929,7.158399999999928,98,2,3,1,78,27.421800000001095,27.76119999999908,27.028299999999582,28.83,25.78,0,0,81.32259999999776,15.258399999999819,4.07890000000003,155.04999999999563,27.206400000004795,0,149.84000000000015,27.526800000000513,1,3.0408163265306123,1,2012,CCR_B83FF1AF7529B67B549B,3.864864864864865
CCR_AD5AB0F583D5FA95FB5E,IND_ANDAMAN_AND_NICOBAR_ISLANDS_NICOBARS,test,Andaman and Nicobar Islands,NICOBARS,Dry chillies,Rabi,2013,5.7,7.00040199,93.81029172,786.1299999999901,4.367388888888834,115,65,3,23,78,27.548166666667385,28.012055555554657,27.052000000000085,29.84,25.74,0,0,78.78622222222201,18.045777777777566,4.329777777777822,231.17999999999302,27.458444444447135,0,44.14999999999418,28.11977777777744,0,1.1428571428571428,1,2012,CCR_E7BD43972C0749270C30,0.9824561403508772
CCR_A6BEE062919249DB14D4,IND_ANDAMAN_AND_NICOBAR_ISLANDS_NICOBARS,test,Andaman and Nicobar Islands,NICOBARS,Ginger,Rabi,2013,5.4,7.00040199,93.81029172,1032.9599999999882,4.3039999999999505,158,82,3,23,78,27.876625000000786,28.331416666666335,27.376624999999695,30.75,25.74,0,0,78.03083333333319,18.42987499999993,3.9138333333333626,353.31999999999243,27.4510000000019,0,246.8299999999981,28.86200000000099,0,5.92,1,2012,CCR_B52913C9A5720249B567,3.0185185185185177
CCR_1A3B70D304CCB1C6321F,IND_ANDAMAN_AND_NICOBAR_ISLANDS_NICOBARS,test,Andaman and Nicobar Islands,NICOBARS,Rice,Autumn,2013,2.65,7.00040199,93.81029172,1239.3699999999953,6.885388888888863,152,28,4,5,116,28.29255555555525,28.653333333333688,27.863833333332312,30.11,26.39,0,0,80.21638888888992,17.153888888888712,4.865833333333326,134.49999999999636,28.741333333333024,5,303.91999999999825,27.690666666667674,0,1.142857142857143,1,2012,CCR_A8110D5D64343AF3CF51,2.3773584905660377
CCR_F8DBBE08FC3D22E9F3FA,IND_ANDAMAN_AND_NICOBAR_ISLANDS_NICOBARS,test,Andaman and Nicobar Islands,NICOBARS,Sugarcane,Autumn,2013,11.0,7.00040199,93.81029172,2214.809999999994,6.06797260273971,287,78,9,23,116,27.822164383561713,28.22241095890401,27.37194520547884,30.11,25.74,0,0,80.08704109589078,17.231616438356028,4.790109589041134,768.2300000000068,28.54228260869517,4,142.04999999999927,27.696304347826377,0,0.5606060606060607,1,2012,CCR_88F36A68478E596BE0A5,33.945454545454545
CCR_280C3DE20CF96CACA2B6,IND_ANDAMAN_AND_NICOBAR_ISLANDS_NICOBARS,test,Andaman and Nicobar Islands,NICOBARS,Sweet potato,Rabi,2013,8.5,7.00040199,93.81029172,738.1999999999898,6.151666666666582,105,15,3,5,78,27.405583333334654,27.76041666666594,27.00174999999969,28.83,25.78,0,0,80.53633333333079,15.821250000000024,4.372916666666606,165.8399999999965,27.311666666671712,0,92.7599999999984,27.334666666667907,0,5.980769230769231,1,2012,CCR_DB8339E323CBF513DAEB,5.964705882352941
CCR_E7A365334D7637F96DBE,IND_ANDAMAN_AND_NICOBAR_ISLANDS_NICOBARS,test,Andaman and Nicobar Islands,NICOBARS,Tapioca,Whole Year,2013,22.0,7.00040199,93.81029172,1915.3100000000086,5.24742465753427,279,86,7,23,111,27.875150684931725,28.279780821917637,27.419616438355614,30.75,25.74,0,0,79.63687671232947,17.623232876712557,4.608575342465756,669.0499999999956,27.61586956521648,4,460.1100000000224,28.760869565217707,1,8.573770491803279,1,2012,CCR_2BADB91F52EB4A04C819,8.877272727272727
CCR_1C701A21555E227B1126,IND_ANDAMAN_AND_NICOBAR_ISLANDS_NORTH_AND_MIDDLE_ANDAMAN,test,Andaman and Nicobar Islands,NORTH AND MIDDLE ANDAMAN,Arecanut,Rabi,2013,1165.4,12.61158497,92.83153129,725.2200000000084,3.420849056603813,65,147,7,106,15,27.55886792452835,28.936367924527936,26.288584905659384,32.92,23.03,0,0,72.59844339622694,19.49735849056598,3.5170283018868296,375.72000000000844,27.677547169813035,4,11.320000000006985,29.499056603772157,0,1.4109701492537314,1,2012,CCR_EF9BFDE981AC4B2B6B48,3.0117556203878495
CCR_9BDFB1A7746D75EE99B8,IND_ANDAMAN_AND_NICOBAR_ISLANDS_NORTH_AND_MIDDLE_ANDAMAN,test,Andaman and Nicobar Islands,NORTH AND MIDDLE ANDAMAN,Arhar/Tur,Rabi,2013,1.0,12.61158497,92.83153129,713.9000000000015,4.759333333333343,62,88,7,53,15,26.89806666666739,28.026866666666077,25.88099999999899,29.93,23.03,0,0,75.70233333333434,17.716199999999954,3.889333333333319,257.06000000000495,27.65289473684281,4,0.42000000000552973,26.117368421050884,0,0.2857142857142857,1,2012,CCR_30A643438FACEBE50DB6,3.0
CCR_E36D300269A6C3702ADC,IND_ANDAMAN_AND_NICOBAR_ISLANDS_NORTH_AND_MIDDLE_ANDAMAN,test,Andaman and Nicobar Islands,NORTH AND MIDDLE ANDAMAN,Banana,Whole Year,2013,1343.5,12.61158497,92.83153129,3006.7400000000343,8.237643835616533,214,151,45,106,56,27.76980821917851,28.866931506849454,26.768246575341838,32.92,23.03,0,0,77.15715068493147,17.992684931507092,4.349561643835677,1553.9000000000087,27.500869565218835,1,738.4500000000189,29.34793478260848,8,10.031738512553293,1,2012,CCR_739FB79BF55634797DF9,6.89527353926312
CCR_E5D32DA32B3EFB2C56F9,IND_ANDAMAN_AND_NICOBAR_ISLANDS_NORTH_AND_MIDDLE_ANDAMAN,test,Andaman and Nicobar Islands,NORTH AND MIDDLE ANDAMAN,Black pepper,Rabi,2013,160.20000000000002,12.61158497,92.83153129,725.2200000000084,3.420849056603813,65,147,7,106,15,27.55886792452835,28.936367924527936,26.288584905659384,32.92,23.03,0,0,72.59844339622694,19.49735849056598,3.5170283018868296,375.72000000000844,27.677547169813035,4,11.320000000006985,29.499056603772157,0,0.2136550912301354,1,2012,CCR_7B2E3468EADBBDACBC1E,0.08614232209737827
CCR_2975AB9FF22E6F0A1907,IND_ANDAMAN_AND_NICOBAR_ISLANDS_NORTH_AND_MIDDLE_ANDAMAN,test,Andaman and Nicobar Islands,NORTH AND MIDDLE ANDAMAN,Cashewnut,Rabi,2013,131.20000000000002,12.61158497,92.83153129,725.2200000000084,3.420849056603813,65,147,7,106,15,27.55886792452835,28.936367924527936,26.288584905659384,32.92,23.03,0,0,72.59844339622694,19.49735849056598,3.5170283018868296,375.72000000000844,27.677547169813035,4,11.320000000006985,29.499056603772157,0,0.44307944307944314,1,2012,CCR_FF0DD02DA7409A3064A2,0.4176829268292683
CCR_A049AC6A592A6B60C38D,IND_ANDAMAN_AND_NICOBAR_ISLANDS_NORTH_AND_MIDDLE_ANDAMAN,test,Andaman and Nicobar Islands,NORTH AND MIDDLE ANDAMAN,Cowpea(Lobia),Rabi,2013,430.0,12.61158497,92.83153129,712.9799999999886,7.129799999999887,62,38,7,8,15,27.25760000000155,28.146699999999544,26.446099999999277,29.93,24.19,0,0,78.24260000000126,16.291100000000153,3.9314000000000306,242.86000000000058,27.408399999998508,2,45.36000000000058,25.946800000001677,0,4.641156462585034,1,2012,CCR_21FCC5B11DA6850E1573,5.630232558139535
CCR_C143BC031BBB92744BD8,IND_ANDAMAN_AND_NICOBAR_ISLANDS_NORTH_AND_MIDDLE_ANDAMAN,test,Andaman and Nicobar Islands,NORTH AND MIDDLE ANDAMAN,Dry chillies,Rabi,2013,206.3,12.61158497,92.83153129,714.3900000000067,3.9688333333333707,62,118,7,83,15,27.092611111111346,28.402555555555026,25.902555555554216,31.58,23.03,0,0,74.01050000000104,18.804999999999886,3.7797777777777606,316.2900000000009,27.69644444444566,4,0.860000000007858,27.620888888887002,0,1.5079681274900398,1,2012,CCR_1EA781480DA3D4605AA6,1.6805622879301987
CCR_D08D8D1406DC2163AB9F,IND_ANDAMAN_AND_NICOBAR_ISLANDS_NORTH_AND_MIDDLE_ANDAMAN,test,Andaman and Nicobar Islands,NORTH AND MIDDLE ANDAMAN,Ginger,Rabi,2013,101.0,12.61158497,92.83153129,992.4600000000282,4.135250000000117,90,150,8,106,23,27.772416666666928,29.109791666666084,26.544041666665848,32.92,23.03,0,0,72.93133333333341,19.40100000000002,3.5393333333334036,606.6100000000079,27.690500000001823,4,278.07000000002154,29.811833333333684,1,9.053275109170304,1,2012,CCR_1772591B54D6B9BCBAEB,9.069306930693068
CCR_3BDD6D8AB01A3D3CD3BF,IND_ANDAMAN_AND_NICOBAR_ISLANDS_NORTH_AND_MIDDLE_ANDAMAN,test,Andaman and Nicobar Islands,NORTH AND MIDDLE ANDAMAN,Groundnut,Rabi,2013,0.5,12.61158497,92.83153129,713.5299999999988,5.946083333333323,62,58,7,23,15,27.053250000001086,28.01791666666613,26.167416666666153,29.93,23.12,0,0,76.64125000000155,16.81016666666692,3.9948333333333417,248.45000000001164,27.487999999999495,2,24.080000000009022,26.069000000001203,0,0.2328767123287671,1,2012,CCR_03F1C4EED49997408D14,1.0
CCR_49395B0F26DE44304B15,IND_ANDAMAN_AND_NICOBAR_ISLANDS_NORTH_AND_MIDDLE_ANDAMAN,test,Andaman and Nicobar Islands,NORTH AND MIDDLE ANDAMAN,Maize,Rabi,2013,75.39999999999999,12.61158497,92.83153129,713.5299999999988,5.946083333333323,62,58,7,23,15,27.053250000001086,28.01791666666613,26.167416666666153,29.93,23.12,0,0,76.64125000000155,16.81016666666692,3.9948333333333417,248.45000000001164,27.487999999999495,2,24.080000000009022,26.069000000001203,0,1.4040816326530612,1,2012,CCR_78A8EADCE44522EC0A8E,2.3355437665782497
CCR_724550CF98F7A3CD271C,IND_ANDAMAN_AND_NICOBAR_ISLANDS_NORTH_AND_MIDDLE_ANDAMAN,test,Andaman and Nicobar Islands,NORTH AND MIDDLE ANDAMAN,Moong(Green Gram),Rabi,2013,305.20000000000005,12.61158497,92.83153129,689.4499999999898,7.660555555555442,59,31,7,7,15,27.381333333334382,28.23022222222191,26.593666666666266,29.93,24.19,0,0,78.59555555555724,16.16799999999995,3.957777777777786,240.94000000000233,27.40999999999843,2,75.59999999999127,26.444782608693576,1,0.47480482611781405,1,2012,CCR_0944E436C6A712C64A23,0.43020969855832236
CCR_6D74030667BD409EE9C8,IND_ANDAMAN_AND_NICOBAR_ISLANDS_NORTH_AND_MIDDLE_ANDAMAN,test,Andaman and Nicobar Islands,NORTH AND MIDDLE ANDAMAN,Rapeseed &Mustard,Rabi,2013,9.2,12.61158497,92.83153129,491.9499999999971,3.5139285714285506,48,92,3,58,15,26.861928571429285,28.064142857142723,25.781928571427123,29.93,23.03,0,0,74.52014285714415,18.28664285714289,3.7219999999999867,149.25,27.830000000002162,4,0.37000000000261934,26.403142857141628,0,0.27322404371584696,1,2012,CCR_F2F5A3512C7D096507D4,0.7065217391304348
CCR_9A0D973628BA34F97A2C,IND_ANDAMAN_AND_NICOBAR_ISLANDS_NORTH_AND_MIDDLE_ANDAMAN,test,Andaman and Nicobar Islands,NORTH AND MIDDLE ANDAMAN,Rice,Autumn,2013,7685.25,12.61158497,92.83153129,2448.850000000013,13.604722222222295,131,49,51,24,106,28.4374444444452,29.505055555556382,27.459944444444005,32.47,25.14,0,0,78.04811111111161,17.781000000000173,4.747888888888863,25.470000000001164,28.775111111109922,24,712.4599999999919,27.616666666667314,14,1.851706254606788,1,2012,CCR_9D3276D8834E0248239E,2.0099801567938584
CCR_8750ABB88470D31A0FE4,IND_ANDAMAN_AND_NICOBAR_ISLANDS_NORTH_AND_MIDDLE_ANDAMAN,test,Andaman and Nicobar Islands,NORTH AND MIDDLE ANDAMAN,Sesamum,Summer,2013,29.5,12.61158497,92.83153129,263.7700000000259,2.637700000000259,25,75,1,66,20,28.933699999999373,30.66329999999929,27.333099999999103,32.92,24.15,0,0,68.76369999999821,22.150699999999926,3.0240000000001235,0.37000000000261934,27.0359999999986,25,252.0800000000163,29.475200000002516,1,0.3289256198347108,1,2012,CCR_B23FAD62FB8C66BF283B,0.2135593220338983
CCR_925ED7B37DCC8523C8C4,IND_ANDAMAN_AND_NICOBAR_ISLANDS_NORTH_AND_MIDDLE_ANDAMAN,test,Andaman and Nicobar Islands,NORTH AND MIDDLE ANDAMAN,Sugarcane,Autumn,2013,201.0,12.61158497,92.83153129,3702.6000000000276,10.144109589041172,224,141,67,85,106,27.683506849315656,28.761150684931447,26.699917808218064,32.47,23.03,0,0,77.63191780821955,17.57690410958926,4.442821917808202,1461.2500000000146,28.98532608695709,13,24.94000000001688,26.858369565216773,0,22.530185004868546,1,2012,CCR_BADD5629270BAE3FD74A,23.405970149253733
CCR_A9F01CE9098B18BAD262,IND_ANDAMAN_AND_NICOBAR_ISLANDS_NORTH_AND_MIDDLE_ANDAMAN,test,Andaman and Nicobar Islands,NORTH AND MIDDLE ANDAMAN,Sweet potato,Rabi,2013,104.4,12.61158497,92.83153129,713.5299999999988,5.946083333333323,62,58,7,23,15,27.053250000001086,28.01791666666613,26.167416666666153,29.93,23.12,0,0,76.64125000000155,16.81016666666692,3.9948333333333417,248.45000000001164,27.487999999999495,2,24.080000000009022,26.069000000001203,0,5.862179487179487,1,2012,CCR_30CAB0CBEB72040A4A51,17.11685823754789
CCR_DAAE19E6266F05DF60EF,IND_ANDAMAN_AND_NICOBAR_ISLANDS_NORTH_AND_MIDDLE_ANDAMAN,test,Andaman and Nicobar Islands,NORTH AND MIDDLE ANDAMAN,Tapioca,Whole Year,2013,184.2,12.61158497,92.83153129,3006.7400000000343,8.237643835616533,214,151,45,106,56,27.76980821917851,28.866931506849454,26.768246575341838,32.92,23.03,0,0,77.15715068493147,17.992684931507092,4.349561643835677,1553.9000000000087,27.500869565218835,1,738.4500000000189,29.34793478260848,8,7.610526315789474,1,2012,CCR_EB46F69A7952B658B499,19.021715526601522
CCR_8288163B8002F32C743A,IND_ANDAMAN_AND_NICOBAR_ISLANDS_NORTH_AND_MIDDLE_ANDAMAN,test,Andaman and Nicobar Islands,NORTH AND MIDDLE ANDAMAN,Turmeric,Rabi,2013,63.4,12.61158497,92.83153129,1441.0100000000311,5.33707407407419,120,150,15,106,53,27.8525185185186,29.111222222222004,26.69751851851804,32.92,23.03,0,0,74.24477777777787,18.882222222222374,3.8031481481482508,615.6999999999971,27.702058823531416,4,722.5100000000093,29.232058823529396,8,6.022388059701493,1,2012,CCR_25BB03419E3C3C23E0CF,8.824921135646688
CCR_B965ED6C1F22A700CFA2,IND_ANDAMAN_AND_NICOBAR_ISLANDS_NORTH_AND_MIDDLE_ANDAMAN,test,Andaman and Nicobar Islands,NORTH AND MIDDLE ANDAMAN,Urad,Rabi,2013,242.3,12.61158497,92.83153129,711.189999999995,7.4862105263157375,61,34,7,8,15,27.312315789475043,28.177473684210074,26.51473684210459,29.93,24.19,0,0,78.38147368421166,16.13957894736852,3.9660000000000046,241.58000000000175,27.407083333331684,2,50.91000000000349,26.156666666665842,0,0.5228984633925882,1,2012,CCR_88A6BFE7393831E3370A,0.46182418489475857
CCR_4B62164C91F1CBDCBBE9,IND_ANDAMAN_AND_NICOBAR_ISLANDS_SOUTH_ANDAMANS,test,Andaman and Nicobar Islands,SOUTH ANDAMANS,Arecanut,Rabi,2013,2235.0,10.70434741,92.48893577,605.9299999999421,2.8581603773582174,72,140,6,71,25,27.78481132075529,28.356603773585345,27.162028301886682,31.39,24.75,0,0,74.65773584906019,19.92113207547176,3.839009433962328,284.25999999996566,27.718113207546576,6,18.609999999993306,29.299056603774794,0,1.4135514018691588,1,2012,CCR_0B75C60167F83F954B05,2.510290827740492
CCR_C67A5BBAB1BB6D5C36F1,IND_ANDAMAN_AND_NICOBAR_ISLANDS_SOUTH_ANDAMANS,test,Andaman and Nicobar Islands,SOUTH ANDAMANS,Banana,Whole Year,2013,304.0,10.70434741,92.48893577,2068.8299999998926,5.66802739725998,218,147,22,71,36,27.938712328767377,28.417753424657484,27.408575342465927,31.39,24.75,0,0,78.24747945205708,18.372273972602912,4.78076712328771,995.5399999999718,27.692500000000543,2,481.3999999999651,29.130978260869437,5,15.132100396301189,1,2012,CCR_AF8B96F8E63863682313,11.44078947368421
CCR_2F2FF8B97D2E061306FA,IND_ANDAMAN_AND_NICOBAR_ISLANDS_SOUTH_ANDAMANS,test,Andaman and Nicobar Islands,SOUTH ANDAMANS,Black pepper,Rabi,2013,405.5,10.70434741,92.48893577,605.9299999999421,2.8581603773582174,72,140,6,71,25,27.78481132075529,28.356603773585345,27.162028301886682,31.39,24.75,0,0,74.65773584906019,19.92113207547176,3.839009433962328,284.25999999996566,27.718113207546576,6,18.609999999993306,29.299056603774794,0,0.21812822402358142,1,2012,CCR_F5267AD59143495E7358,0.15117139334155366
CCR_6ED13994D049E92844A1,IND_ANDAMAN_AND_NICOBAR_ISLANDS_SOUTH_ANDAMANS,test,Andaman and Nicobar Islands,SOUTH ANDAMANS,Cashewnut,Rabi,2013,29.5,10.70434741,92.48893577,605.9299999999421,2.8581603773582174,72,140,6,71,25,27.78481132075529,28.356603773585345,27.162028301886682,31.39,24.75,0,0,74.65773584906019,19.92113207547176,3.839009433962328,284.25999999996566,27.718113207546576,6,18.609999999993306,29.299056603774794,0,0.5988700564971752,1,2012,CCR_74D4F0C6AD0AA0E3455B,0.7389830508474576
CCR_57FA0AC327E75613A750,IND_ANDAMAN_AND_NICOBAR_ISLANDS_SOUTH_ANDAMANS,test,Andaman and Nicobar Islands,SOUTH ANDAMANS,Cowpea(Lobia),Rabi,2013,138.5,10.70434741,92.48893577,585.3299999999581,5.853299999999581,67,33,6,10,25,27.525100000000094,27.921399999999558,27.08099999999977,28.84,25.78,0,0,79.063400000002,17.126900000000315,4.194400000000023,167.8899999999776,27.524400000000604,4,26.78999999998632,26.920800000000746,0,9.244755244755245,1,2012,CCR_01DB368EAD7A5B32E75A,4.6000000000000005
CCR_4668A1C1A3C615CE99B5,IND_ANDAMAN_AND_NICOBAR_ISLANDS_NICOBARS,test,Andaman and Nicobar Islands,NICOBARS,Maize,Rabi,2013,9.7,7.00040199,93.81029172,738.1999999999898,6.151666666666582,105,15,3,5,78,27.405583333334654,27.76041666666594,27.00174999999969,28.83,25.78,0,0,80.53633333333079,15.821250000000024,4.372916666666606,165.8399999999965,27.311666666671712,0,92.7599999999984,27.334666666667907,0,,0,,,0.5257731958762888
CCR_42144BD954C64365ABBC,IND_ANDAMAN_AND_NICOBAR_ISLANDS_NICOBARS,test,Andaman and Nicobar Islands,NICOBARS,Urad,Rabi,2013,6.3,7.00040199,93.81029172,703.6499999999942,7.406842105263097,93,2,3,1,78,27.419894736843172,27.76189473684093,27.027368421052387,28.83,25.78,0,0,81.31663157894509,15.231263157894595,4.094315789473713,152.65999999999622,27.181250000005093,0,200.83000000000175,27.46374999999898,1,,0,,,0.39682539682539686
CCR_CDFE9242885A77C07659,IND_ANDAMAN_AND_NICOBAR_ISLANDS_SOUTH_ANDAMANS,test,Andaman and Nicobar Islands,SOUTH ANDAMANS,Arhar/Tur,Rabi,2013,0.5,10.70434741,92.48893577,587.2799999999479,3.9151999999996527,67,83,6,53,25,27.263333333333332,27.7365333333334,26.73906666666599,28.84,24.75,0,0,76.73146666666997,18.43126666666678,4.26233333333342,177.77999999996246,27.73263157894804,6,1.179999999993015,26.63605263157775,0,,0,,,0.4
CCR_BC04AD7C808CF09C6B92,IND_ANDHRA_PRADESH_ANANTAPUR,test,Andhra Pradesh,ANANTAPUR,Banana,Whole Year,2013,8661.0,14.45698852,77.50944784,553.320000000007,1.515945205479471,91,274,4,96,13,26.54106849315122,33.141917808219304,20.94372602739728,41.12,13.01,93,0,60.703698630138675,19.98728767123276,3.354410958904201,322.6100000000042,25.86597826087002,9,153.48000000000138,30.397826086955952,1,,0,,,55.86895277681561
CCR_DEC04348075E36911CF6,IND_ANDHRA_PRADESH_ANANTAPUR,test,Andhra Pradesh,ANANTAPUR,Cabbage,Kharif,2013,2.0,14.45698852,77.50944784,262.96000000001186,2.3905454545455624,46,64,1,8,7,26.75772727272759,32.183727272726934,22.50999999999979,39.06,20.93,12,0,69.9181818181834,18.300909090909013,5.328545454545615,134.91000000000167,27.867857142856728,5,67.17000000000189,26.57321428571387,0,,0,,,19.0
CCR_703C1363552435EE874D,IND_ANDHRA_PRADESH_ANANTAPUR,test,Andhra Pradesh,ANANTAPUR,Cabbage,Rabi,2013,11.0,14.45698852,77.50944784,63.770000000002256,0.5797272727272932,14,96,0,56,7,23.755818181819368,30.786909090908804,18.310181818182834,33.17,13.01,0,0,68.76800000000142,18.12663636363617,2.5330000000001083,54.17000000000007,25.092142857144477,7,0.0,23.055357142855687,0,,0,,,18.818181818181817
CCR_2829D75793F821D4277D,IND_ANDHRA_PRADESH_ANANTAPUR,test,Andhra Pradesh,ANANTAPUR,Cashewnut,Kharif,2013,9.0,14.45698852,77.50944784,528.4500000000135,2.6422500000000673,78,122,4,14,13,25.79985000000088,31.307600000000093,21.56340000000033,39.06,15.04,12,0,73.34830000000133,18.106099999999714,4.059900000000144,144.33000000000538,27.322200000000304,8,51.100000000000364,24.257600000002423,0,,0,,,0.3333333333333333
CCR_011169F576FFCA92E190,IND_ANDHRA_PRADESH_ANANTAPUR,test,Andhra Pradesh,ANANTAPUR,Cashewnut,Whole Year,2013,9.0,14.45698852,77.50944784,553.320000000007,1.515945205479471,91,274,4,96,13,26.54106849315122,33.141917808219304,20.94372602739728,41.12,13.01,93,0,60.703698630138675,19.98728767123276,3.354410958904201,322.6100000000042,25.86597826087002,9,153.48000000000138,30.397826086955952,1,,0,,,0.3333333333333333
CCR_1865CB610F9DDD0766F5,IND_ANDHRA_PRADESH_ANANTAPUR,test,Andhra Pradesh,ANANTAPUR,Castor seed,Whole Year,2013,11447.0,14.45698852,77.50944784,553.320000000007,1.515945205479471,91,274,4,96,13,26.54106849315122,33.141917808219304,20.94372602739728,41.12,13.01,93,0,60.703698630138675,19.98728767123276,3.354410958904201,322.6100000000042,25.86597826087002,9,153.48000000000138,30.397826086955952,1,,0,,,0.4700794968113916
CCR_02670099A923AA10BE18,IND_ANDHRA_PRADESH_ANANTAPUR,test,Andhra Pradesh,ANANTAPUR,Coriander,Whole Year,2013,1971.0,14.45698852,77.50944784,553.320000000007,1.515945205479471,91,274,4,96,13,26.54106849315122,33.141917808219304,20.94372602739728,41.12,13.01,93,0,60.703698630138675,19.98728767123276,3.354410958904201,322.6100000000042,25.86597826087002,9,153.48000000000138,30.397826086955952,1,,0,,,0.626078132927448
CCR_D1408A82BC92EF84DE3A,IND_ANDHRA_PRADESH_ANANTAPUR,test,Andhra Pradesh,ANANTAPUR,Linseed,Whole Year,2013,7.0,14.45698852,77.50944784,553.320000000007,1.515945205479471,91,274,4,96,13,26.54106849315122,33.141917808219304,20.94372602739728,41.12,13.01,93,0,60.703698630138675,19.98728767123276,3.354410958904201,322.6100000000042,25.86597826087002,9,153.48000000000138,30.397826086955952,1,,0,,,0.42857142857142855
CCR_637544B45AAE1EAE8342,IND_ANDHRA_PRADESH_ANANTAPUR,test,Andhra Pradesh,ANANTAPUR,Other Kharif pulses,Kharif,2013,62.0,14.45698852,77.50944784,528.4500000000135,2.6422500000000673,78,122,4,14,13,25.79985000000088,31.307600000000093,21.56340000000033,39.06,15.04,12,0,73.34830000000133,18.106099999999714,4.059900000000144,144.33000000000538,27.322200000000304,8,51.100000000000364,24.257600000002423,0,,0,,,0.2903225806451613
CCR_3E07167E8CF2699A00E1,IND_ANDHRA_PRADESH_ANANTAPUR,test,Andhra Pradesh,ANANTAPUR,Other Kharif pulses,Rabi,2013,5.0,14.45698852,77.50944784,96.63999999999942,0.45584905660377084,23,189,0,96,7,26.00971698113289,33.34113207547256,19.68886792452875,41.12,13.01,55,0,54.93929245283131,20.213867924528216,2.640990566037802,60.149999999999636,24.432075471700198,14,19.409999999998035,31.07886792452817,0,,0,,,1.2
CCR_59147FBFCAD96EF7333A,IND_ANDHRA_PRADESH_ANANTAPUR,test,Andhra Pradesh,ANANTAPUR,Potato,Whole Year,2013,82.0,14.45698852,77.50944784,553.320000000007,1.515945205479471,91,274,4,96,13,26.54106849315122,33.141917808219304,20.94372602739728,41.12,13.01,93,0,60.703698630138675,19.98728767123276,3.354410958904201,322.6100000000042,25.86597826087002,9,153.48000000000138,30.397826086955952,1,,0,,,14.378048780487806
CCR_C572EB985A4946361909,IND_ANDHRA_PRADESH_ANANTAPUR,test,Andhra Pradesh,ANANTAPUR,Safflower,Whole Year,2013,58.0,14.45698852,77.50944784,553.320000000007,1.515945205479471,91,274,4,96,13,26.54106849315122,33.141917808219304,20.94372602739728,41.12,13.01,93,0,60.703698630138675,19.98728767123276,3.354410958904201,322.6100000000042,25.86597826087002,9,153.48000000000138,30.397826086955952,1,,0,,,0.7068965517241379
CCR_4F6095D82FDB8B14A840,IND_ANDHRA_PRADESH_ANANTAPUR,test,Andhra Pradesh,ANANTAPUR,Sugarcane,Whole Year,2013,281.0,14.45698852,77.50944784,553.320000000007,1.515945205479471,91,274,4,96,13,26.54106849315122,33.141917808219304,20.94372602739728,41.12,13.01,93,0,60.703698630138675,19.98728767123276,3.354410958904201,322.6100000000042,25.86597826087002,9,153.48000000000138,30.397826086955952,1,,0,,,94.32384341637011
CCR_D202034D7CD72E4A869E,IND_ANDHRA_PRADESH_ANANTAPUR,test,Andhra Pradesh,ANANTAPUR,Sweet potato,Whole Year,2013,1.0,14.45698852,77.50944784,553.320000000007,1.515945205479471,91,274,4,96,13,26.54106849315122,33.141917808219304,20.94372602739728,41.12,13.01,93,0,60.703698630138675,19.98728767123276,3.354410958904201,322.6100000000042,25.86597826087002,9,153.48000000000138,30.397826086955952,1,,0,,,9.0
CCR_F4C1D6DAD1A9509F9CBF,IND_ANDHRA_PRADESH_ANANTAPUR,test,Andhra Pradesh,ANANTAPUR,Wheat,Whole Year,2013,62.0,14.45698852,77.50944784,553.320000000007,1.515945205479471,91,274,4,96,13,26.54106849315122,33.141917808219304,20.94372602739728,41.12,13.01,93,0,60.703698630138675,19.98728767123276,3.354410958904201,322.6100000000042,25.86597826087002,9,153.48000000000138,30.397826086955952,1,,0,,,0.6290322580645161
CCR_768F558293FFA47196AB,IND_ANDHRA_PRADESH_ANANTAPUR,test,Andhra Pradesh,ANANTAPUR,other oilseeds,Kharif,2013,13865.0,14.45698852,77.50944784,413.92000000000917,3.4493333333334095,55,65,4,8,7,26.594666666667035,31.91941666666632,22.437416666666348,39.06,20.29,12,0,70.89875000000224,18.121333333333194,5.10541666666683,135.41000000000167,27.780999999999768,5,201.27000000000044,26.042333333332984,3,,0,,,0.6802019473494411
CCR_98594B151D7962307FA3,IND_ANDHRA_PRADESH_CHITTOOR,test,Andhra Pradesh,CHITTOOR,Banana,Whole Year,2013,910.0,13.30744112,78.98230736,751.9000000000069,2.060000000000019,109,256,8,100,22,24.859972602739603,31.363041095890754,19.67364383561657,40.26,11.88,75,0,67.50978082191847,19.534904109589014,3.0230684931506304,441.75,24.74010869565277,7,173.9100000000053,28.9379347826091,2,,0,,,55.168131868131866
CCR_62D8CC2F0B51355C7439,IND_ANDHRA_PRADESH_CHITTOOR,test,Andhra Pradesh,CHITTOOR,Cashewnut,Whole Year,2013,75.0,13.30744112,78.98230736,751.9000000000069,2.060000000000019,109,256,8,100,22,24.859972602739603,31.363041095890754,19.67364383561657,40.26,11.88,75,0,67.50978082191847,19.534904109589014,3.0230684931506304,441.75,24.74010869565277,7,173.9100000000053,28.9379347826091,2,,0,,,0.32
CCR_F664C98C465E6D1B4F51,IND_ANDHRA_PRADESH_CHITTOOR,test,Andhra Pradesh,CHITTOOR,Castor seed,Whole Year,2013,228.0,13.30744112,78.98230736,751.9000000000069,2.060000000000019,109,256,8,100,22,24.859972602739603,31.363041095890754,19.67364383561657,40.26,11.88,75,0,67.50978082191847,19.534904109589014,3.0230684931506304,441.75,24.74010869565277,7,173.9100000000053,28.9379347826091,2,,0,,,0.4692982456140351
CCR_C3DB0C27F70EDF54E2CD,IND_ANDHRA_PRADESH_CHITTOOR,test,Andhra Pradesh,CHITTOOR,Coriander,Kharif,2013,27.0,13.30744112,78.98230736,498.7900000000045,4.156583333333371,66,54,4,8,15,25.63224999999996,30.999416666666608,21.51000000000034,39.2,19.6,8,0,70.4958333333309,18.06158333333345,4.344583333333381,128.14999999999964,27.159666666664997,3,240.98999999999796,24.69533333333578,2,,0,,,0.5925925925925926
CCR_53C69EB69E7BD844069F,IND_ANDHRA_PRADESH_CHITTOOR,test,Andhra Pradesh,CHITTOOR,Coriander,Whole Year,2013,92.0,13.30744112,78.98230736,751.9000000000069,2.060000000000019,109,256,8,100,22,24.859972602739603,31.363041095890754,19.67364383561657,40.26,11.88,75,0,67.50978082191847,19.534904109589014,3.0230684931506304,441.75,24.74010869565277,7,173.9100000000053,28.9379347826091,2,,0,,,0.5978260869565217
CCR_B17BF94FCB037327C5D4,IND_ANDHRA_PRADESH_CHITTOOR,test,Andhra Pradesh,CHITTOOR,Jowar,Kharif,2013,12.0,13.30744112,78.98230736,498.7900000000045,4.156583333333371,66,54,4,8,15,25.63224999999996,30.999416666666608,21.51000000000034,39.2,19.6,8,0,70.4958333333309,18.06158333333345,4.344583333333381,128.14999999999964,27.159666666664997,3,240.98999999999796,24.69533333333578,2,,0,,,0.8333333333333334
