model_run_id,phase,application_track,experiment_family,model_name,model_family,feature_set,target_strategy,fold_id,fit_start_year,fit_end_year,evaluation_start_year,evaluation_end_year,hyperparameters_json,preprocessing_family,training_scope,fit_rows,evaluation_rows,fit_seconds,predict_seconds,mae,rmse,r2,median_ae,lag_subset_rows,lag_subset_mae,lag_subset_rmse,baseline_fold_mae,mae_improvement_over_lag_baseline,time_cv_mean_mae,time_cv_std_mae,time_cv_worst_fold_mae,status,warning_count,warning_summary,error_type,error_message,random_state,test_data_accessed
cv_baseline_global_median,cv-baseline,,baseline,GlobalMedian,baseline,none,baseline,fold_1,1997,2004,2005,2006,"{""strategy"": ""median""}",none,full_train,112384,29022,0.0025909999967552,0.0,3.969000437293423,12.828016019635104,-0.0834933957525949,0.5683962264150944,24402,3.977309257839616,13.055067779303153,1.0469628406265556,-2.922037596666867,,,,completed,0,,,,42,False
cv_baseline_global_median,cv-baseline,,baseline,GlobalMedian,baseline,none,baseline,fold_2,1997,2006,2007,2008,"{""strategy"": ""median""}",none,full_train,141406,30096,0.0035717000137083,0.0,3.903722455597289,12.678361449664669,-0.0831290172667149,0.5725129572998277,25723,3.890330950622604,12.947204698789438,1.0556765933106236,-2.848045862286665,,,,completed,0,,,,42,False
cv_baseline_global_median,cv-baseline,,baseline,GlobalMedian,baseline,none,baseline,fold_3,1997,2008,2009,2010,"{""strategy"": ""median""}",none,full_train,171502,30662,0.004301699984353,0.0,4.019161875713578,13.258046007518574,-0.07964193765095,0.5875350140056022,25900,4.349675569716681,14.0237579679706,1.1219907041916857,-2.897171171521892,,,,completed,0,,,,42,False
cv_baseline_crop_median,cv-baseline,,baseline,CropMedian,baseline,crop_only,baseline,fold_1,1997,2004,2005,2006,"{""fallback"": ""global_fit_median""}",none,full_train,112384,29022,0.0172773000085726,0.0,2.144210797956841,6.660143151251646,0.7079384343215477,0.3727625297632501,24402,2.086963745724433,6.700239850812947,1.0469628406265556,-1.0972479573302856,,,,completed,0,,,,42,False
cv_baseline_crop_median,cv-baseline,,baseline,CropMedian,baseline,crop_only,baseline,fold_2,1997,2006,2007,2008,"{""fallback"": ""global_fit_median""}",none,full_train,141406,30096,0.0249344000185374,0.0,2.1479399145430413,6.8595940242890165,0.6829332072902379,0.3868759013297864,25723,2.1248707065086934,7.02344628762355,1.0556765933106236,-1.0922633212324178,,,,completed,0,,,,42,False
cv_baseline_crop_median,cv-baseline,,baseline,CropMedian,baseline,crop_only,baseline,fold_3,1997,2008,2009,2010,"{""fallback"": ""global_fit_median""}",none,full_train,171502,30662,0.0246175000211223,0.0,2.198631278287617,7.204524165688038,0.6811904610040636,0.3899741463505512,25900,2.2892057934128456,7.4626905894439295,1.1219907041916857,-1.0766405740959315,,,,completed,0,,,,42,False
cv_baseline_lag_with_crop_median_fallback,cv-baseline,,baseline,LagWithCropMedianFallback,baseline,lag_with_crop_fallback,baseline,fold_1,1997,2004,2005,2006,"{""fallback"": ""crop_fit_median""}",none,full_train,112384,29022,0.0164549000037368,0.0,1.0469628406265556,3.8233792678714,0.9037497108101228,0.1666666666666666,24402,0.7819752112748163,3.086006512510082,1.0469628406265556,0.0,,,,completed,0,,,,42,False
cv_baseline_lag_with_crop_median_fallback,cv-baseline,,baseline,LagWithCropMedianFallback,baseline,lag_with_crop_fallback,baseline,fold_2,1997,2006,2007,2008,"{""fallback"": ""crop_fit_median""}",none,full_train,141406,30096,0.02012860000832,0.0,1.0556765933106236,4.247477163167973,0.8784329052462425,0.1671751381790418,25723,0.8469187990402471,3.922183546218269,1.0556765933106236,0.0,,,,completed,0,,,,42,False
cv_baseline_lag_with_crop_median_fallback,cv-baseline,,baseline,LagWithCropMedianFallback,baseline,lag_with_crop_fallback,baseline,fold_3,1997,2008,2009,2010,"{""fallback"": ""crop_fit_median""}",none,full_train,171502,30662,0.0227906000218354,0.0,1.1219907041916857,5.0619746239001,0.8426159815705706,0.1999999999999999,25900,1.0146130025661482,4.957621560861339,1.1219907041916857,0.0,,,,completed,0,,,,42,False
cv_direct_ridge_alpha_0_1_core_without_lag,cv-direct,,direct,Ridge,linear,core_without_lag,direct,fold_1,1997,2004,2005,2006,"{""alpha"": 0.1, ""solver"": ""auto""}",linear,full_train,112384,29022,5.178086600004463,0.1173450000060256,3.635784162943309,6.57960234363744,0.714959497778573,2.246868435605138,24402,3.478044823201322,6.459693756570839,1.0469628406265556,-2.588821322316753,,,,completed,0,,,,42,False
cv_direct_ridge_alpha_0_1_core_without_lag,cv-direct,,direct,Ridge,linear,core_without_lag,direct,fold_2,1997,2006,2007,2008,"{""alpha"": 0.1, ""solver"": ""auto""}",linear,full_train,141406,30096,7.379170999978669,0.1141064999974332,3.4336925240136784,6.717711886874902,0.6959138219719583,2.0114903407924416,25723,3.345565102510491,6.757268846202537,1.0556765933106236,-2.3780159307030546,,,,completed,0,,,,42,False
cv_direct_ridge_alpha_0_1_core_without_lag,cv-direct,,direct,Ridge,linear,core_without_lag,direct,fold_3,1997,2008,2009,2010,"{""alpha"": 0.1, ""solver"": ""auto""}",linear,full_train,171502,30662,5.801344999985304,0.1195653000031597,3.4611326202663903,7.052023573290447,0.6945443144554033,2.125151088465957,25900,3.431943566349911,7.185166772398072,1.1219907041916857,-2.3391419160747047,,,,completed,0,,,,42,False
cv_direct_ridge_alpha_1_0_core_without_lag,cv-direct,,direct,Ridge,linear,core_without_lag,direct,fold_1,1997,2004,2005,2006,"{""alpha"": 1.0, ""solver"": ""auto""}",linear,full_train,112384,29022,3.8031621999980416,0.1110266000032424,3.6283237138648654,6.574024297089642,0.7154425954295884,2.239846973416504,24402,3.4712636941357995,6.455275791434399,1.0469628406265556,-2.5813608732383098,,,,completed,0,,,,42,False
cv_direct_ridge_alpha_1_0_core_without_lag,cv-direct,,direct,Ridge,linear,core_without_lag,direct,fold_2,1997,2006,2007,2008,"{""alpha"": 1.0, ""solver"": ""auto""}",linear,full_train,141406,30096,4.688742199999979,0.1175255000125616,3.409770788082332,6.704099584429239,0.6971449313993978,1.9942811660347863,25723,3.333062012138874,6.751245721479734,1.0556765933106236,-2.354094194771708,,,,completed,0,,,,42,False
cv_direct_ridge_alpha_1_0_core_without_lag,cv-direct,,direct,Ridge,linear,core_without_lag,direct,fold_3,1997,2008,2009,2010,"{""alpha"": 1.0, ""solver"": ""auto""}",linear,full_train,171502,30662,5.196441099978983,0.1043712999962735,3.4575243129587934,7.050092940387835,0.6947115408029764,2.1211368508553354,25900,3.427907424852584,7.182987491289465,1.1219907041916857,-2.335533608767108,,,,completed,0,,,,42,False
cv_direct_ridge_alpha_10_0_core_without_lag,cv-direct,,direct,Ridge,linear,core_without_lag,direct,fold_1,1997,2004,2005,2006,"{""alpha"": 10.0, ""solver"": ""auto""}",linear,full_train,112384,29022,2.4378621999931056,0.1044390999886673,3.59155655882189,6.547627366299032,0.7177231959523293,2.2103438593250164,24402,3.435237067562182,6.431657974006633,1.0469628406265556,-2.544593718195334,,,,completed,0,,,,42,False
cv_direct_ridge_alpha_10_0_core_without_lag,cv-direct,,direct,Ridge,linear,core_without_lag,direct,fold_2,1997,2006,2007,2008,"{""alpha"": 10.0, ""solver"": ""auto""}",linear,full_train,141406,30096,3.398807799996576,0.1220044000074267,3.363867149083516,6.683321956908988,0.699019264728828,1.944821554678068,25723,3.295243150735184,6.736565000161172,1.0556765933106236,-2.3081905557728915,,,,completed,0,,,,42,False
cv_direct_ridge_alpha_10_0_core_without_lag,cv-direct,,direct,Ridge,linear,core_without_lag,direct,fold_3,1997,2008,2009,2010,"{""alpha"": 10.0, ""solver"": ""auto""}",linear,full_train,171502,30662,4.343899100000272,0.1141884000098798,3.428863401804947,7.041165421385092,0.695484223635978,2.091647221441473,25900,3.40198293977765,7.177296997172028,1.1219907041916857,-2.3068726976132616,,,,completed,0,,,,42,False
cv_direct_ridge_alpha_100_0_core_without_lag,cv-direct,,direct,Ridge,linear,core_without_lag,direct,fold_1,1997,2004,2005,2006,"{""alpha"": 100.0, ""solver"": ""auto""}",linear,full_train,112384,29022,2.0743865000258666,0.1174865000066347,3.474027754099076,6.5007542984724775,0.7217502486379483,2.098736472671757,24402,3.307638946890729,6.380794262756319,1.0469628406265556,-2.4270649134725204,,,,completed,0,,,,42,False
cv_direct_ridge_alpha_100_0_core_without_lag,cv-direct,,direct,Ridge,linear,core_without_lag,direct,fold_2,1997,2006,2007,2008,"{""alpha"": 100.0, ""solver"": ""auto""}",linear,full_train,141406,30096,2.4923892999941017,0.1156367000075988,3.2190204103896805,6.6431197807435804,0.7026293519943292,1.7647191586034554,25723,3.172192250958613,6.719741160838746,1.0556765933106236,-2.163343817079057,,,,completed,0,,,,42,False
cv_direct_ridge_alpha_100_0_core_without_lag,cv-direct,,direct,Ridge,linear,core_without_lag,direct,fold_3,1997,2008,2009,2010,"{""alpha"": 100.0, ""solver"": ""auto""}",linear,full_train,171502,30662,3.3060327999992296,0.1193771000253036,3.295262985173681,7.011375951194639,0.6980554384069813,1.9094657938714723,25900,3.297378429414051,7.170650076510759,1.1219907041916857,-2.173272280981996,,,,completed,0,,,,42,False
cv_direct_linearsvr_c_0_03_epsilon_0_0_core_without_lag,cv-direct,,direct,LinearSVR,linear,core_without_lag,direct,fold_1,1997,2004,2005,2006,"{""C"": 0.03, ""epsilon"": 0.0, ""max_iter"": 20000}",linear,full_train,112384,29022,2.835662900004536,0.1173364999995101,2.186739265624601,7.242222496325377,0.6546567215818768,0.350039590114739,24402,2.149390158214983,7.325750617171944,1.0469628406265556,-1.1397764249980455,,,,completed,0,,,,42,False
cv_direct_linearsvr_c_0_03_epsilon_0_0_core_without_lag,cv-direct,,direct,LinearSVR,linear,core_without_lag,direct,fold_2,1997,2006,2007,2008,"{""C"": 0.03, ""epsilon"": 0.0, ""max_iter"": 20000}",linear,full_train,141406,30096,3.4246622000064235,0.1203411000024061,2.138558043233868,7.256587778261667,0.645171219299254,0.3653027257519102,25723,2.118289308558488,7.45950951807741,1.0556765933106236,-1.0828814499232446,,,,completed,0,,,,42,False
cv_direct_linearsvr_c_0_03_epsilon_0_0_core_without_lag,cv-direct,,direct,LinearSVR,linear,core_without_lag,direct,fold_3,1997,2008,2009,2010,"{""C"": 0.03, ""epsilon"": 0.0, ""max_iter"": 20000}",linear,full_train,171502,30662,4.307347099995241,0.1156362000037916,2.1946235843312745,7.559784630422738,0.6489737870451312,0.3783240783608051,25900,2.300839214454511,7.8868035613167,1.1219907041916857,-1.072632880139589,,,,completed,0,,,,42,False
cv_direct_linearsvr_c_0_03_epsilon_0_1_core_without_lag,cv-direct,,direct,LinearSVR,linear,core_without_lag,direct,fold_1,1997,2004,2005,2006,"{""C"": 0.03, ""epsilon"": 0.1, ""max_iter"": 20000}",linear,full_train,112384,29022,2.472086199995829,0.1151112999941688,2.186327095663545,7.235083641667176,0.6553372144524753,0.3522409935985249,24402,2.1485154393736616,7.318140266835608,1.0469628406265556,-1.1393642550369891,,,,completed,0,,,,42,False
cv_direct_linearsvr_c_0_03_epsilon_0_1_core_without_lag,cv-direct,,direct,LinearSVR,linear,core_without_lag,direct,fold_2,1997,2006,2007,2008,"{""C"": 0.03, ""epsilon"": 0.1, ""max_iter"": 20000}",linear,full_train,141406,30096,3.341829800017877,0.1247510999965015,2.137879394377699,7.2535329327405,0.6454699048487276,0.3686306844378235,25723,2.117392259432189,7.456352069593838,1.0556765933106236,-1.0822028010670752,,,,completed,0,,,,42,False
cv_direct_linearsvr_c_0_03_epsilon_0_1_core_without_lag,cv-direct,,direct,LinearSVR,linear,core_without_lag,direct,fold_3,1997,2008,2009,2010,"{""C"": 0.03, ""epsilon"": 0.1, ""max_iter"": 20000}",linear,full_train,171502,30662,4.451103599974886,0.1240485000016633,2.19337276976108,7.556070779076347,0.6493185955328844,0.3812626859647509,25900,2.299326461042183,7.882819136362834,1.1219907041916857,-1.0713820655693944,,,,completed,0,,,,42,False
cv_direct_linearsvr_c_0_1_epsilon_0_0_core_without_lag,cv-direct,,direct,LinearSVR,linear,core_without_lag,direct,fold_1,1997,2004,2005,2006,"{""C"": 0.1, ""epsilon"": 0.0, ""max_iter"": 20000}",linear,full_train,112384,29022,5.16854750001221,0.1268865999882109,2.108888497489465,6.792183288086917,0.6962431537639815,0.3518738391812636,24402,2.0625960249477253,6.85054321482834,1.0469628406265556,-1.0619256568629094,,,,completed,0,,,,42,False
cv_direct_linearsvr_c_0_1_epsilon_0_0_core_without_lag,cv-direct,,direct,LinearSVR,linear,core_without_lag,direct,fold_2,1997,2006,2007,2008,"{""C"": 0.1, ""epsilon"": 0.0, ""max_iter"": 20000}",linear,full_train,141406,30096,7.192086199996993,0.1273434000031557,2.093194306242344,6.940268094517792,0.6754314562206021,0.3677435820592624,25723,2.065627348116984,7.117046898848234,1.0556765933106236,-1.0375177129317203,,,,completed,0,,,,42,False
cv_direct_linearsvr_c_0_1_epsilon_0_0_core_without_lag,cv-direct,,direct,LinearSVR,linear,core_without_lag,direct,fold_3,1997,2008,2009,2010,"{""C"": 0.1, ""epsilon"": 0.0, ""max_iter"": 20000}",linear,full_train,171502,30662,8.97456780000357,0.1200324000092223,2.142261609296383,7.255063992826404,0.6767018664513507,0.3836925377100019,25900,2.234049207777032,7.533217570340032,1.1219907041916857,-1.0202709051046976,,,,completed,0,,,,42,False
cv_direct_linearsvr_c_0_1_epsilon_0_1_core_without_lag,cv-direct,,direct,LinearSVR,linear,core_without_lag,direct,fold_1,1997,2004,2005,2006,"{""C"": 0.1, ""epsilon"": 0.1, ""max_iter"": 20000}",linear,full_train,112384,29022,5.190739399986342,0.1157249999814666,2.107973362322308,6.788528889398646,0.6965699264535905,0.3554022564424198,24402,2.0618582776467425,6.846805191984419,1.0469628406265556,-1.061010521695752,,,,completed,0,,,,42,False
cv_direct_linearsvr_c_0_1_epsilon_0_1_core_without_lag,cv-direct,,direct,LinearSVR,linear,core_without_lag,direct,fold_2,1997,2006,2007,2008,"{""C"": 0.1, ""epsilon"": 0.1, ""max_iter"": 20000}",linear,full_train,141406,30096,7.01730169999064,0.1228482000005897,2.0914602402725504,6.933990254198538,0.6760183695527444,0.3708694109383053,25723,2.0638348286145485,7.110573027964941,1.0556765933106236,-1.0357836469619268,,,,completed,0,,,,42,False
cv_direct_linearsvr_c_0_1_epsilon_0_1_core_without_lag,cv-direct,,direct,LinearSVR,linear,core_without_lag,direct,fold_3,1997,2008,2009,2010,"{""C"": 0.1, ""epsilon"": 0.1, ""max_iter"": 20000}",linear,full_train,171502,30662,9.377692699985346,0.16497199999867,2.142045498017352,7.253561072000351,0.6768357980530715,0.3877290127466449,25900,2.2334808225877056,7.531692761229369,1.1219907041916857,-1.0200547938256668,,,,completed,0,,,,42,False
cv_direct_linearsvr_c_0_3_epsilon_0_0_core_without_lag,cv-direct,,direct,LinearSVR,linear,core_without_lag,direct,fold_1,1997,2004,2005,2006,"{""C"": 0.3, ""epsilon"": 0.0, ""max_iter"": 20000}",linear,full_train,112384,29022,11.434950800001388,0.1193260000145528,2.090820329579308,6.667582221508317,0.707285631569197,0.3555993819617253,24402,2.040302601755453,6.716745031949313,1.0469628406265556,-1.043857488952752,,,,completed,0,,,,42,False
cv_direct_linearsvr_c_0_3_epsilon_0_0_core_without_lag,cv-direct,,direct,LinearSVR,linear,core_without_lag,direct,fold_2,1997,2006,2007,2008,"{""C"": 0.3, ""epsilon"": 0.0, ""max_iter"": 20000}",linear,full_train,141406,30096,15.068635499977972,0.1170756000210531,2.083076169920007,6.848062560622229,0.6839983347553152,0.3711283085570432,25723,2.0538343739660334,7.015874432252414,1.0556765933106236,-1.0273995766093835,,,,completed,0,,,,42,False
cv_direct_linearsvr_c_0_3_epsilon_0_0_core_without_lag,cv-direct,,direct,LinearSVR,linear,core_without_lag,direct,fold_3,1997,2008,2009,2010,"{""C"": 0.3, ""epsilon"": 0.0, ""max_iter"": 20000}",linear,full_train,171502,30662,19.451558799977647,0.113069400016684,2.134131212745034,7.179249547792994,0.6834234066061726,0.3872641121023018,25900,2.220373856052739,7.442742268660238,1.1219907041916857,-1.0121405085533486,,,,completed,0,,,,42,False
cv_direct_linearsvr_c_0_3_epsilon_0_1_core_without_lag,cv-direct,,direct,LinearSVR,linear,core_without_lag,direct,fold_1,1997,2004,2005,2006,"{""C"": 0.3, ""epsilon"": 0.1, ""max_iter"": 20000}",linear,full_train,112384,29022,11.305548900010765,0.1137951999844517,2.090404745755924,6.664379507067744,0.7075667695734502,0.3580734462760052,24402,2.039886785036713,6.713133132018392,1.0469628406265556,-1.043441905129368,,,,completed,0,,,,42,False
cv_direct_linearsvr_c_0_3_epsilon_0_1_core_without_lag,cv-direct,,direct,LinearSVR,linear,core_without_lag,direct,fold_2,1997,2006,2007,2008,"{""C"": 0.3, ""epsilon"": 0.1, ""max_iter"": 20000}",linear,full_train,141406,30096,15.915189499995904,0.1177905999938957,2.082274236083569,6.844119800807472,0.6843621047963657,0.3733864587956251,25723,2.05282407984058,7.011687494585702,1.0556765933106236,-1.0265976427729455,,,,completed,0,,,,42,False
cv_direct_linearsvr_c_0_3_epsilon_0_1_core_without_lag,cv-direct,,direct,LinearSVR,linear,core_without_lag,direct,fold_3,1997,2008,2009,2010,"{""C"": 0.3, ""epsilon"": 0.1, ""max_iter"": 20000}",linear,full_train,171502,30662,19.773206899990328,0.1159138999937567,2.1338180078616324,7.1761616137028295,0.6836956794706286,0.3904152883761425,25900,2.219404092592684,7.439569561401742,1.1219907041916857,-1.011827303669947,,,,completed,0,,,,42,False
cv_direct_linearsvr_c_1_0_epsilon_0_0_core_without_lag,cv-direct,,direct,LinearSVR,linear,core_without_lag,direct,fold_1,1997,2004,2005,2006,"{""C"": 1.0, ""epsilon"": 0.0, ""max_iter"": 20000}",linear,full_train,112384,29022,32.44016420000116,0.1146300000254996,2.086531124513716,6.620037001373519,0.7114453249400152,0.3579819182789658,24402,2.0321180648114083,6.662212987195682,1.0469628406265556,-1.0395682838871605,,,,completed,0,,,,42,False
cv_direct_linearsvr_c_1_0_epsilon_0_0_core_without_lag,cv-direct,,direct,LinearSVR,linear,core_without_lag,direct,fold_2,1997,2006,2007,2008,"{""C"": 1.0, ""epsilon"": 0.0, ""max_iter"": 20000}",linear,full_train,141406,30096,42.75749680001172,0.1189328999898862,2.080215702662762,6.810097074105852,0.6874924327974805,0.3723327641895166,25723,2.0499800406906603,6.9732873168805,1.0556765933106236,-1.0245391093521383,,,,completed,0,,,,42,False
cv_direct_linearsvr_c_1_0_epsilon_0_0_core_without_lag,cv-direct,,direct,LinearSVR,linear,core_without_lag,direct,fold_3,1997,2008,2009,2010,"{""C"": 1.0, ""epsilon"": 0.0, ""max_iter"": 20000}",linear,full_train,171502,30662,57.26307789998828,0.1152765000006184,2.133780336994369,7.156175406785311,0.6854550936744441,0.3874295315064867,25900,2.217741884484472,7.413759042155787,1.1219907041916857,-1.011789632802684,,,,completed,0,,,,42,False
cv_direct_linearsvr_c_1_0_epsilon_0_1_core_without_lag,cv-direct,,direct,LinearSVR,linear,core_without_lag,direct,fold_1,1997,2004,2005,2006,"{""C"": 1.0, ""epsilon"": 0.1, ""max_iter"": 20000}",linear,full_train,112384,29022,33.774003400001675,0.1213400999840814,2.08628457284361,6.617232561529832,0.7116897534288884,0.3608530747168916,24402,2.032306601014637,6.659599407913346,1.0469628406265556,-1.0393217322170545,,,,completed,0,,,,42,False
cv_direct_linearsvr_c_1_0_epsilon_0_1_core_without_lag,cv-direct,,direct,LinearSVR,linear,core_without_lag,direct,fold_2,1997,2006,2007,2008,"{""C"": 1.0, ""epsilon"": 0.1, ""max_iter"": 20000}",linear,full_train,141406,30096,45.99612959998194,0.1185998000146355,2.079310022162093,6.808312510599445,0.6876561944952879,0.3735651282519967,25723,2.0489842488542807,6.971224066937944,1.0556765933106236,-1.02363342885147,,,,completed,0,,,,42,False
cv_direct_linearsvr_c_1_0_epsilon_0_1_core_without_lag,cv-direct,,direct,LinearSVR,linear,core_without_lag,direct,fold_3,1997,2008,2009,2010,"{""C"": 1.0, ""epsilon"": 0.1, ""max_iter"": 20000}",linear,full_train,171502,30662,59.14945680001984,0.1155977000016719,2.1325034304002544,7.151837765375023,0.6858362943662223,0.3929357301503908,25900,2.216329290599841,7.409248875537805,1.1219907041916857,-1.010512726208569,,,,completed,0,,,,42,False
cv_direct_tree_depth_8_leaf_20_core_without_lag,cv-direct,,direct,DecisionTree,tree,core_without_lag,direct,fold_1,1997,2004,2005,2006,"{""max_depth"": 8, ""min_samples_leaf"": 20}",tree,full_train,112384,29022,2.6197317999904044,0.0652785999991465,1.861953473935244,5.843213718599038,0.7751924857294489,0.5886109188728843,24402,1.7583199321415304,5.960519266836887,1.0469628406265556,-0.8149906333086885,,,,completed,0,,,,42,False
cv_direct_tree_depth_8_leaf_20_core_without_lag,cv-direct,,direct,DecisionTree,tree,core_without_lag,direct,fold_2,1997,2006,2007,2008,"{""max_depth"": 8, ""min_samples_leaf"": 20}",tree,full_train,141406,30096,3.4074128000065684,0.0703962999978102,2.0342090678221965,5.96785384017132,0.7600115784691455,0.6297251559561785,25723,1.9161981567284507,5.927855498803003,1.0556765933106236,-0.9785324745115728,,,,completed,0,,,,42,False
cv_direct_tree_depth_8_leaf_20_core_without_lag,cv-direct,,direct,DecisionTree,tree,core_without_lag,direct,fold_3,1997,2008,2009,2010,"{""max_depth"": 8, ""min_samples_leaf"": 20}",tree,full_train,171502,30662,4.087326600012602,0.0693428000085987,2.149558293888777,7.03023877967559,0.6964285994223995,0.6001174697501477,25900,2.190707688628817,7.253223633457955,1.1219907041916857,-1.0275675896970915,,,,completed,0,,,,42,False
cv_direct_tree_depth_12_leaf_20_core_without_lag,cv-direct,,direct,DecisionTree,tree,core_without_lag,direct,fold_1,1997,2004,2005,2006,"{""max_depth"": 12, ""min_samples_leaf"": 20}",tree,full_train,112384,29022,3.387365000002319,0.0714623999956529,1.5898801910463574,5.589314922211224,0.7943046654854561,0.3834383773118359,24402,1.4781926240768448,5.686429314631686,1.0469628406265556,-0.5429173504198017,,,,completed,0,,,,42,False
cv_direct_tree_depth_12_leaf_20_core_without_lag,cv-direct,,direct,DecisionTree,tree,core_without_lag,direct,fold_2,1997,2006,2007,2008,"{""max_depth"": 12, ""min_samples_leaf"": 20}",tree,full_train,141406,30096,4.302758799982257,0.0773735000111628,1.5816774919458003,5.412941784088928,0.8025665905042382,0.4487575604725398,25723,1.47030196620254,5.323651538526165,1.0556765933106236,-0.526000898635177,,,,completed,0,,,,42,False
cv_direct_tree_depth_12_leaf_20_core_without_lag,cv-direct,,direct,DecisionTree,tree,core_without_lag,direct,fold_3,1997,2008,2009,2010,"{""max_depth"": 12, ""min_samples_leaf"": 20}",tree,full_train,171502,30662,5.327089800004615,0.0735672999871894,1.6350968932212864,6.483701627689942,0.7417937536078438,0.3862336001407895,25900,1.645131608398417,6.7050675358661165,1.1219907041916857,-0.5131061890296009,,,,completed,0,,,,42,False
cv_direct_tree_depth_16_leaf_10_core_without_lag,cv-direct,,direct,DecisionTree,tree,core_without_lag,direct,fold_1,1997,2004,2005,2006,"{""max_depth"": 16, ""min_samples_leaf"": 10}",tree,full_train,112384,29022,3.999904600001173,0.0841562000277917,1.391451726341571,5.671125716638343,0.7882390723346469,0.2996683525157875,24402,1.273202902788033,5.818300987189028,1.0469628406265556,-0.3444888857150154,,,,completed,0,,,,42,False
cv_direct_tree_depth_16_leaf_10_core_without_lag,cv-direct,,direct,DecisionTree,tree,core_without_lag,direct,fold_2,1997,2006,2007,2008,"{""max_depth"": 16, ""min_samples_leaf"": 10}",tree,full_train,141406,30096,5.105882100004237,0.0794277999957557,1.462045450006278,5.446648051596911,0.8001001081178789,0.3402995934982945,25723,1.3407248915007497,5.404652308335932,1.0556765933106236,-0.4063688566956545,,,,completed,0,,,,42,False
cv_direct_tree_depth_16_leaf_10_core_without_lag,cv-direct,,direct,DecisionTree,tree,core_without_lag,direct,fold_3,1997,2008,2009,2010,"{""max_depth"": 16, ""min_samples_leaf"": 10}",tree,full_train,171502,30662,6.303782299975865,0.072505899996031,1.5042886416218406,6.335601734235083,0.7534548631095802,0.3091260680626924,25900,1.498998813318173,6.532480666445944,1.1219907041916857,-0.3822979374301551,,,,completed,0,,,,42,False
cv_direct_tree_depth_none_leaf_20_core_without_lag,cv-direct,,direct,DecisionTree,tree,core_without_lag,direct,fold_1,1997,2004,2005,2006,"{""max_depth"": null, ""min_samples_leaf"": 20}",tree,full_train,112384,29022,4.571636400010902,0.077000199991744,1.4134974460010616,5.484392021577406,0.8019548268482238,0.2658658815875045,24402,1.282103568857532,5.571868882669425,1.0469628406265556,-0.366534605374506,,,,completed,0,,,,42,False
cv_direct_tree_depth_none_leaf_20_core_without_lag,cv-direct,,direct,DecisionTree,tree,core_without_lag,direct,fold_2,1997,2006,2007,2008,"{""max_depth"": null, ""min_samples_leaf"": 20}",tree,full_train,141406,30096,6.384149399993476,0.089410599990515,1.4683931976132392,5.3692326405764375,0.8057422401484068,0.3018807012529432,25723,1.351196100798993,5.294101244507607,1.0556765933106236,-0.4127166043026156,,,,completed,0,,,,42,False
cv_direct_tree_depth_none_leaf_20_core_without_lag,cv-direct,,direct,DecisionTree,tree,core_without_lag,direct,fold_3,1997,2008,2009,2010,"{""max_depth"": null, ""min_samples_leaf"": 20}",tree,full_train,171502,30662,7.439563299994916,0.0806798000121489,1.5163337210261052,6.427827266918087,0.746224847387922,0.2832958775895581,25900,1.5289069596741502,6.655953415922302,1.1219907041916857,-0.3943430168344197,,,,completed,0,,,,42,False
cv_direct_tree_depth_none_leaf_50_core_without_lag,cv-direct,,direct,DecisionTree,tree,core_without_lag,direct,fold_1,1997,2004,2005,2006,"{""max_depth"": null, ""min_samples_leaf"": 50}",tree,full_train,112384,29022,4.134448099997826,0.0683360999973956,1.6263103385265745,7.879399070866201,0.5912163895459752,0.2735360084442564,24402,1.4359776602780234,7.72376154602213,1.0469628406265556,-0.5793474979000186,,,,completed,0,,,,42,False
cv_direct_tree_depth_none_leaf_50_core_without_lag,cv-direct,,direct,DecisionTree,tree,core_without_lag,direct,fold_2,1997,2006,2007,2008,"{""max_depth"": null, ""min_samples_leaf"": 50}",tree,full_train,141406,30096,4.930848499992862,0.0763650000153575,1.5880944045199614,5.303252896054978,0.8104871737267838,0.3493141247476329,25723,1.4719171366271322,5.193031228696373,1.0556765933106236,-0.5324178112093378,,,,completed,0,,,,42,False
cv_direct_tree_depth_none_leaf_50_core_without_lag,cv-direct,,direct,DecisionTree,tree,core_without_lag,direct,fold_3,1997,2008,2009,2010,"{""max_depth"": null, ""min_samples_leaf"": 50}",tree,full_train,171502,30662,6.226094000012381,0.0645401999936439,1.5430773901965906,5.956560002994664,0.7820726467137823,0.2905180027648037,25900,1.5676338507161292,6.133640417199059,1.1219907041916857,-0.4210866860049052,,,,completed,0,,,,42,False
cv_direct_rf_150_depth_15_leaf_5_maxfeat_sqrt_core_without_lag,cv-direct,,direct,RandomForest,tree,core_without_lag,direct,fold_1,1997,2004,2005,2006,"{""max_depth"": 15, ""max_features"": ""sqrt"", ""min_samples_leaf"": 5, ""n_estimators"": 150, ""n_jobs"": -1}",tree,full_train,112384,29022,7.205810999992536,0.1449868999770842,2.5455147468616457,6.028261921532276,0.7607282044456429,0.6235727442261703,24402,2.2367701177955785,5.506044692017229,1.0469628406265556,-1.49855190623509,,,,completed,0,,,,42,False
cv_direct_rf_150_depth_15_leaf_5_maxfeat_sqrt_core_without_lag,cv-direct,,direct,RandomForest,tree,core_without_lag,direct,fold_2,1997,2006,2007,2008,"{""max_depth"": 15, ""max_features"": ""sqrt"", ""min_samples_leaf"": 5, ""n_estimators"": 150, ""n_jobs"": -1}",tree,full_train,141406,30096,10.115008799999488,0.1432486999838147,2.470330388305542,6.06854489859437,0.751844976193943,0.6852620826417101,25723,2.3624878847651822,5.9919743185665215,1.0556765933106236,-1.4146537949949185,,,,completed,0,,,,42,False
cv_direct_rf_150_depth_15_leaf_5_maxfeat_sqrt_core_without_lag,cv-direct,,direct,RandomForest,tree,core_without_lag,direct,fold_3,1997,2008,2009,2010,"{""max_depth"": 15, ""max_features"": ""sqrt"", ""min_samples_leaf"": 5, ""n_estimators"": 150, ""n_jobs"": -1}",tree,full_train,171502,30662,13.073140200023772,0.1665403000079095,2.6131787860274605,6.580756536532033,0.7340056878288909,0.7506524640070262,25900,2.4979865498733056,6.60972355180412,1.1219907041916857,-1.491188081835775,,,,completed,0,,,,42,False
cv_direct_rf_200_depth_25_leaf_5_maxfeat_sqrt_core_without_lag,cv-direct,,direct,RandomForest,tree,core_without_lag,direct,fold_1,1997,2004,2005,2006,"{""max_depth"": 25, ""max_features"": ""sqrt"", ""min_samples_leaf"": 5, ""n_estimators"": 200, ""n_jobs"": -1}",tree,full_train,112384,29022,14.25447919999715,0.2321965000010095,2.356116759179818,5.844598767817805,0.7750858983650898,0.5295211436815047,24402,2.040673772224899,5.256086313668752,1.0469628406265556,-1.3091539185532626,,,,completed,0,,,,42,False
cv_direct_rf_200_depth_25_leaf_5_maxfeat_sqrt_core_without_lag,cv-direct,,direct,RandomForest,tree,core_without_lag,direct,fold_2,1997,2006,2007,2008,"{""max_depth"": 25, ""max_features"": ""sqrt"", ""min_samples_leaf"": 5, ""n_estimators"": 200, ""n_jobs"": -1}",tree,full_train,141406,30096,18.42046819999814,0.2117493000114336,2.2414848581125897,5.692014534720428,0.7816838149672333,0.601020875949529,25723,2.131828029333398,5.599051580026852,1.0556765933106236,-1.185808264801966,,,,completed,0,,,,42,False
cv_direct_rf_200_depth_25_leaf_5_maxfeat_sqrt_core_without_lag,cv-direct,,direct,RandomForest,tree,core_without_lag,direct,fold_3,1997,2008,2009,2010,"{""max_depth"": 25, ""max_features"": ""sqrt"", ""min_samples_leaf"": 5, ""n_estimators"": 200, ""n_jobs"": -1}",tree,full_train,171502,30662,23.307113000017125,0.2210287000052631,2.420158801742542,6.319824079282628,0.7546812850711921,0.6468204314967122,25900,2.2837211447799084,6.296916615474277,1.1219907041916857,-1.2981680975508565,,,,completed,0,,,,42,False
cv_direct_rf_250_depth_none_leaf_10_maxfeat_sqrt_core_without_lag,cv-direct,,direct,RandomForest,tree,core_without_lag,direct,fold_1,1997,2004,2005,2006,"{""max_depth"": null, ""max_features"": ""sqrt"", ""min_samples_leaf"": 10, ""n_estimators"": 250, ""n_jobs"": -1}",tree,full_train,112384,29022,16.984667200013064,0.4066708000027574,2.4621160693655817,6.047431532749514,0.759204037053957,0.5602126501577076,24402,2.14384793666378,5.486275213166733,1.0469628406265556,-1.415153228739026,,,,completed,0,,,,42,False
cv_direct_rf_250_depth_none_leaf_10_maxfeat_sqrt_core_without_lag,cv-direct,,direct,RandomForest,tree,core_without_lag,direct,fold_2,1997,2006,2007,2008,"{""max_depth"": null, ""max_features"": ""sqrt"", ""min_samples_leaf"": 10, ""n_estimators"": 250, ""n_jobs"": -1}",tree,full_train,141406,30096,23.2165590999939,0.2477724000054877,2.3698766989644766,6.002222830536046,0.757239422639676,0.6135969300278609,25723,2.2647421969023505,5.9332088576281965,1.0556765933106236,-1.314200105653853,,,,completed,0,,,,42,False
cv_direct_rf_250_depth_none_leaf_10_maxfeat_sqrt_core_without_lag,cv-direct,,direct,RandomForest,tree,core_without_lag,direct,fold_3,1997,2008,2009,2010,"{""max_depth"": null, ""max_features"": ""sqrt"", ""min_samples_leaf"": 10, ""n_estimators"": 250, ""n_jobs"": -1}",tree,full_train,171502,30662,29.679891199979465,0.2227639000047929,2.482761053463831,6.45634725336414,0.7439678730761947,0.6575162474885805,25900,2.3669251812853886,6.494307589678503,1.1219907041916857,-1.3607703492721457,,,,completed,0,,,,42,False
cv_direct_rf_200_depth_none_leaf_20_maxfeat_0_5_core_without_lag,cv-direct,,direct,RandomForest,tree,core_without_lag,direct,fold_1,1997,2004,2005,2006,"{""max_depth"": null, ""max_features"": 0.5, ""min_samples_leaf"": 20, ""n_estimators"": 200, ""n_jobs"": -1}",tree,full_train,112384,29022,38.36247130000265,0.2075522000086493,1.5933230303312222,4.612942859614396,0.8598918394383428,0.356722766345095,24402,1.3793985007808485,4.238660687719199,1.0469628406265556,-0.5463601897046666,,,,completed,0,,,,42,False
cv_direct_rf_200_depth_none_leaf_20_maxfeat_0_5_core_without_lag,cv-direct,,direct,RandomForest,tree,core_without_lag,direct,fold_2,1997,2006,2007,2008,"{""max_depth"": null, ""max_features"": 0.5, ""min_samples_leaf"": 20, ""n_estimators"": 200, ""n_jobs"": -1}",tree,full_train,141406,30096,52.03748759999871,0.1785117000108584,1.551486705021573,4.579164405720103,0.8587051263459727,0.3900006902138576,25723,1.4273019138658052,4.413254444603681,1.0556765933106236,-0.4958101117109494,,,,completed,0,,,,42,False
cv_direct_rf_200_depth_none_leaf_20_maxfeat_0_5_core_without_lag,cv-direct,,direct,RandomForest,tree,core_without_lag,direct,fold_3,1997,2008,2009,2010,"{""max_depth"": null, ""max_features"": 0.5, ""min_samples_leaf"": 20, ""n_estimators"": 200, ""n_jobs"": -1}",tree,full_train,171502,30662,71.1515642000013,0.2611381000024266,1.6596667103413223,5.556415409309795,0.8103686588563335,0.4085141583757142,25900,1.6097599863281975,5.650847100841968,1.1219907041916857,-0.5376760061496371,,,,completed,0,,,,42,False
cv_direct_ridge_alpha_0_1_core_with_lag,cv-direct,,direct,Ridge,linear,core_with_lag,direct,fold_1,1997,2004,2005,2006,"{""alpha"": 0.1, ""solver"": ""auto""}",linear,full_train,112384,29022,6.857575400004862,0.1625835000013467,3.4229709720594745,6.234691708189688,0.74406054067394,2.091143679412552,24402,3.279548396088272,6.072963775357183,1.0469628406265556,-2.376008131432919,,,,completed,0,,,,42,False
cv_direct_ridge_alpha_0_1_core_with_lag,cv-direct,,direct,Ridge,linear,core_with_lag,direct,fold_2,1997,2006,2007,2008,"{""alpha"": 0.1, ""solver"": ""auto""}",linear,full_train,141406,30096,6.805799500027206,0.1175936000072397,3.2080608713751047,6.28791277882798,0.7335799223213673,1.883199977270594,25723,3.124235230927046,6.304239073735449,1.0556765933106236,-2.1523842780644813,,,,completed,0,,,,42,False
cv_direct_ridge_alpha_0_1_core_with_lag,cv-direct,,direct,Ridge,linear,core_with_lag,direct,fold_3,1997,2008,2009,2010,"{""alpha"": 0.1, ""solver"": ""auto""}",linear,full_train,171502,30662,5.75275379998493,0.120888500008732,3.163874651375018,6.51043583023482,0.7396600436053513,1.9235807492846195,25900,3.17716479044772,6.62525259154041,1.1219907041916857,-2.041883947183333,,,,completed,0,,,,42,False
cv_direct_ridge_alpha_1_0_core_with_lag,cv-direct,,direct,Ridge,linear,core_with_lag,direct,fold_1,1997,2004,2005,2006,"{""alpha"": 1.0, ""solver"": ""auto""}",linear,full_train,112384,29022,3.9035746000008658,0.1246224000060465,3.413664052127696,6.227391942229177,0.7446595131686486,2.0822039559681675,24402,3.2711919823389177,6.066475117868944,1.0469628406265556,-2.36670121150114,,,,completed,0,,,,42,False
cv_direct_ridge_alpha_1_0_core_with_lag,cv-direct,,direct,Ridge,linear,core_with_lag,direct,fold_2,1997,2006,2007,2008,"{""alpha"": 1.0, ""solver"": ""auto""}",linear,full_train,141406,30096,4.763532999990275,0.1328317000006791,3.193258095440927,6.280626627217004,0.7341969958947135,1.872998140081152,25723,3.1137172033997897,6.298996956852268,1.0556765933106236,-2.1375815021303035,,,,completed,0,,,,42,False
cv_direct_ridge_alpha_1_0_core_with_lag,cv-direct,,direct,Ridge,linear,core_with_lag,direct,fold_3,1997,2008,2009,2010,"{""alpha"": 1.0, ""solver"": ""auto""}",linear,full_train,171502,30662,5.940668800001731,0.1233743999910075,3.159709342356505,6.508671874381804,0.7398010989784596,1.91944301753872,25900,3.1732866765587127,6.623636990772139,1.1219907041916857,-2.03771863816482,,,,completed,0,,,,42,False
cv_direct_ridge_alpha_10_0_core_with_lag,cv-direct,,direct,Ridge,linear,core_with_lag,direct,fold_1,1997,2004,2005,2006,"{""alpha"": 10.0, ""solver"": ""auto""}",linear,full_train,112384,29022,2.844408500008285,0.1270957000087946,3.374863830676472,6.196225926859094,0.7472089053321626,2.052131043611663,24402,3.2349357987011,6.037631064675219,1.0469628406265556,-2.3279009900499164,,,,completed,0,,,,42,False
cv_direct_ridge_alpha_10_0_core_with_lag,cv-direct,,direct,Ridge,linear,core_with_lag,direct,fold_2,1997,2006,2007,2008,"{""alpha"": 10.0, ""solver"": ""auto""}",linear,full_train,141406,30096,3.710587299981853,0.1230333999847062,3.1485776787032096,6.25619066393964,0.7362612858211368,1.828544961349425,25723,3.07522099894341,6.278719993726831,1.0556765933106236,-2.092901085392586,,,,completed,0,,,,42,False
cv_direct_ridge_alpha_10_0_core_with_lag,cv-direct,,direct,Ridge,linear,core_with_lag,direct,fold_3,1997,2008,2009,2010,"{""alpha"": 10.0, ""solver"": ""auto""}",linear,full_train,171502,30662,4.70624939998379,0.1217135000042617,3.1291972546140467,6.495087592563094,0.7408860904212478,1.8889361285824544,25900,3.1443608999197723,6.611439009424737,1.1219907041916857,-2.007206550422361,,,,completed,0,,,,42,False
cv_direct_ridge_alpha_100_0_core_with_lag,cv-direct,,direct,Ridge,linear,core_with_lag,direct,fold_1,1997,2004,2005,2006,"{""alpha"": 100.0, ""solver"": ""auto""}",linear,full_train,112384,29022,2.032759099995019,0.1191145000047981,3.242759748417607,6.105557795443092,0.7545528607899146,1.935025043207488,24402,3.096334055336051,5.933981354558612,1.0469628406265556,-2.195796907791052,,,,completed,0,,,,42,False
cv_direct_ridge_alpha_100_0_core_with_lag,cv-direct,,direct,Ridge,linear,core_with_lag,direct,fold_2,1997,2006,2007,2008,"{""alpha"": 100.0, ""solver"": ""auto""}",linear,full_train,141406,30096,3.314678199996706,0.152477000025101,2.9884825923429967,6.171075017071997,0.7433888136244085,1.6499599791783068,25723,2.934440526764148,6.207930570551457,1.0556765933106236,-1.9328059990323727,,,,completed,0,,,,42,False
cv_direct_ridge_alpha_100_0_core_with_lag,cv-direct,,direct,Ridge,linear,core_with_lag,direct,fold_3,1997,2008,2009,2010,"{""alpha"": 100.0, ""solver"": ""auto""}",linear,full_train,171502,30662,3.9206717000051854,0.2570504999894183,2.990708822433753,6.427582704732396,0.7462441579956083,1.7264121340978342,25900,3.026385115385495,6.553380229660733,1.1219907041916857,-1.868718118242068,,,,completed,0,,,,42,False
cv_direct_linearsvr_c_0_03_epsilon_0_0_core_with_lag,cv-direct,,direct,LinearSVR,linear,core_with_lag,direct,fold_1,1997,2004,2005,2006,"{""C"": 0.03, ""epsilon"": 0.0, ""max_iter"": 20000}",linear,full_train,112384,29022,5.185446799994679,0.2007533000141848,1.3376254720909244,4.871209811996682,0.8437640570268432,0.2292889765232709,24402,1.0287550097286045,3.508908751584146,1.0469628406265556,-0.2906626314643687,,,,completed,0,,,,42,False
cv_direct_linearsvr_c_0_03_epsilon_0_0_core_with_lag,cv-direct,,direct,LinearSVR,linear,core_with_lag,direct,fold_2,1997,2006,2007,2008,"{""C"": 0.03, ""epsilon"": 0.0, ""max_iter"": 20000}",linear,full_train,141406,30096,6.265511300007347,0.1221761000051628,1.2861971758965198,4.898290679216947,0.8383249363389356,0.2172400575299066,25723,1.0056936114993664,3.9856754320321546,1.0556765933106236,-0.2305205825858962,,,,completed,0,,,,42,False
cv_direct_linearsvr_c_0_03_epsilon_0_0_core_with_lag,cv-direct,,direct,LinearSVR,linear,core_with_lag,direct,fold_3,1997,2008,2009,2010,"{""C"": 0.03, ""epsilon"": 0.0, ""max_iter"": 20000}",linear,full_train,171502,30662,5.749586199992336,0.1295269000111147,1.2374931145344927,5.03192354860362,0.8444790964676112,0.239278863381778,25900,1.1322919139032617,4.689812120355196,1.1219907041916857,-0.1155024103428072,,,,completed,0,,,,42,False
cv_direct_linearsvr_c_0_03_epsilon_0_1_core_with_lag,cv-direct,,direct,LinearSVR,linear,core_with_lag,direct,fold_1,1997,2004,2005,2006,"{""C"": 0.03, ""epsilon"": 0.1, ""max_iter"": 20000}",linear,full_train,112384,29022,3.096222199994372,0.1164182999928016,1.3387812654841833,4.869902143638349,0.84384792833779,0.2345761327339725,24402,1.031330810869045,3.511695615702369,1.0469628406265556,-0.2918184248576276,,,,completed,0,,,,42,False
cv_direct_linearsvr_c_0_03_epsilon_0_1_core_with_lag,cv-direct,,direct,LinearSVR,linear,core_with_lag,direct,fold_2,1997,2006,2007,2008,"{""C"": 0.03, ""epsilon"": 0.1, ""max_iter"": 20000}",linear,full_train,141406,30096,4.432191400002921,0.1620403000270016,1.2884862476675325,4.895969280581144,0.8384781421663458,0.221886696449311,25723,1.0096938415529133,3.98789358459749,1.0556765933106236,-0.2328096543569087,,,,completed,0,,,,42,False
cv_direct_linearsvr_c_0_03_epsilon_0_1_core_with_lag,cv-direct,,direct,LinearSVR,linear,core_with_lag,direct,fold_3,1997,2008,2009,2010,"{""C"": 0.03, ""epsilon"": 0.1, ""max_iter"": 20000}",linear,full_train,171502,30662,5.847498300019652,0.1178702000179328,1.2404987921769577,5.028752906128546,0.8446750238599365,0.2428189627656602,25900,1.1368965577795105,4.689543731942603,1.1219907041916857,-0.118508087985272,,,,completed,0,,,,42,False
cv_direct_linearsvr_c_0_1_epsilon_0_0_core_with_lag,cv-direct,,direct,LinearSVR,linear,core_with_lag,direct,fold_1,1997,2004,2005,2006,"{""C"": 0.1, ""epsilon"": 0.0, ""max_iter"": 20000}",linear,full_train,112384,29022,6.576680900005158,0.1152339000254869,1.3710288903574772,4.777621555406273,0.8497097619869423,0.2407655381771715,24402,1.107408622943641,3.6778350185061752,1.0469628406265556,-0.3240660497309215,,,,completed,0,,,,42,False
cv_direct_linearsvr_c_0_1_epsilon_0_0_core_with_lag,cv-direct,,direct,LinearSVR,linear,core_with_lag,direct,fold_2,1997,2006,2007,2008,"{""C"": 0.1, ""epsilon"": 0.0, ""max_iter"": 20000}",linear,full_train,141406,30096,9.540858899999876,0.1235680000099819,1.3137518821200074,4.825966552174191,0.8430640112289025,0.2263764321560724,25723,1.0675796151999404,4.071453378315281,1.0556765933106236,-0.2580752888093838,,,,completed,0,,,,42,False
cv_direct_linearsvr_c_0_1_epsilon_0_0_core_with_lag,cv-direct,,direct,LinearSVR,linear,core_with_lag,direct,fold_3,1997,2008,2009,2010,"{""C"": 0.1, ""epsilon"": 0.0, ""max_iter"": 20000}",linear,full_train,171502,30662,12.757445299997926,0.1168025000079069,1.2633130815190157,4.9957810817176975,0.8467051726726655,0.2457753220097516,25900,1.171945901226501,4.703127193777296,1.1219907041916857,-0.1413223773273302,,,,completed,0,,,,42,False
cv_direct_linearsvr_c_0_1_epsilon_0_1_core_with_lag,cv-direct,,direct,LinearSVR,linear,core_with_lag,direct,fold_1,1997,2004,2005,2006,"{""C"": 0.1, ""epsilon"": 0.1, ""max_iter"": 20000}",linear,full_train,112384,29022,6.594775000005029,0.1155487999785691,1.3713883227547583,4.775762497188688,0.8498267004841911,0.2450228271710505,24402,1.10918246596473,3.680431668399994,1.0469628406265556,-0.3244254821282026,,,,completed,0,,,,42,False
cv_direct_linearsvr_c_0_1_epsilon_0_1_core_with_lag,cv-direct,,direct,LinearSVR,linear,core_with_lag,direct,fold_2,1997,2006,2007,2008,"{""C"": 0.1, ""epsilon"": 0.1, ""max_iter"": 20000}",linear,full_train,141406,30096,9.628683599992655,0.1269215999927837,1.3150823764515858,4.821780626004585,0.8433361380892763,0.2312580005230731,25723,1.070692637848067,4.072768916793877,1.0556765933106236,-0.2594057831409622,,,,completed,0,,,,42,False
cv_direct_linearsvr_c_0_1_epsilon_0_1_core_with_lag,cv-direct,,direct,LinearSVR,linear,core_with_lag,direct,fold_3,1997,2008,2009,2010,"{""C"": 0.1, ""epsilon"": 0.1, ""max_iter"": 20000}",linear,full_train,171502,30662,12.856449400016572,0.1356518999964464,1.2669737999201434,4.992348004645181,0.8469157872381506,0.2501416141239532,25900,1.1774363473321705,4.703939495010989,1.1219907041916857,-0.1449830957284579,,,,completed,0,,,,42,False
cv_direct_linearsvr_c_0_3_epsilon_0_0_core_with_lag,cv-direct,,direct,LinearSVR,linear,core_with_lag,direct,fold_1,1997,2004,2005,2006,"{""C"": 0.3, ""epsilon"": 0.0, ""max_iter"": 20000}",linear,full_train,112384,29022,15.780805400019744,0.1208912000001873,1.399438609193347,4.774380990916382,0.8499135705277153,0.2481241614449313,24402,1.1579201681287563,3.807033904677244,1.0469628406265556,-0.3524757685667914,,,,completed,0,,,,42,False
cv_direct_linearsvr_c_0_3_epsilon_0_0_core_with_lag,cv-direct,,direct,LinearSVR,linear,core_with_lag,direct,fold_2,1997,2006,2007,2008,"{""C"": 0.3, ""epsilon"": 0.0, ""max_iter"": 20000}",linear,full_train,141406,30096,22.91685020001023,0.1298851000028662,1.328801819651259,4.807171991385467,0.8442839946258921,0.2328823923106918,25723,1.097009789378306,4.121895773527589,1.0556765933106236,-0.2731252263406354,,,,completed,0,,,,42,False
cv_direct_linearsvr_c_0_3_epsilon_0_0_core_with_lag,cv-direct,,direct,LinearSVR,linear,core_with_lag,direct,fold_3,1997,2008,2009,2010,"{""C"": 0.3, ""epsilon"": 0.0, ""max_iter"": 20000}",linear,full_train,171502,30662,30.358090099995025,0.126129399985075,1.2799817093663617,4.987032809362912,0.8472415815693967,0.2494091796082805,25900,1.195387350291752,4.719326893072697,1.1219907041916857,-0.157991005174676,,,,completed,0,,,,42,False
cv_direct_linearsvr_c_0_3_epsilon_0_1_core_with_lag,cv-direct,,direct,LinearSVR,linear,core_with_lag,direct,fold_1,1997,2004,2005,2006,"{""C"": 0.3, ""epsilon"": 0.1, ""max_iter"": 20000}",linear,full_train,112384,29022,16.77328719999059,0.1183560999925248,1.401612949634881,4.774221755123611,0.8499235817660656,0.2517468845891198,24402,1.1623381888962476,3.816517124234542,1.0469628406265556,-0.3546501090083254,,,,completed,0,,,,42,False
cv_direct_linearsvr_c_0_3_epsilon_0_1_core_with_lag,cv-direct,,direct,LinearSVR,linear,core_with_lag,direct,fold_2,1997,2006,2007,2008,"{""C"": 0.3, ""epsilon"": 0.1, ""max_iter"": 20000}",linear,full_train,141406,30096,22.65091749999556,0.1213528999942354,1.3302118658492663,4.804597671173409,0.8444507269692921,0.2360539017124905,25723,1.0998955761988896,4.1246409340785055,1.0556765933106236,-0.2745352725386429,,,,completed,0,,,,42,False
cv_direct_linearsvr_c_0_3_epsilon_0_1_core_with_lag,cv-direct,,direct,LinearSVR,linear,core_with_lag,direct,fold_3,1997,2008,2009,2010,"{""C"": 0.3, ""epsilon"": 0.1, ""max_iter"": 20000}",linear,full_train,171502,30662,29.609731200005623,0.1195785999880172,1.281784280516371,4.984352323044756,0.8474057500534702,0.2528103157602668,25900,1.19889573512171,4.719431822246239,1.1219907041916857,-0.1597935763246856,,,,completed,0,,,,42,False
cv_direct_linearsvr_c_1_0_epsilon_0_0_core_with_lag,cv-direct,,direct,LinearSVR,linear,core_with_lag,direct,fold_1,1997,2004,2005,2006,"{""C"": 1.0, ""epsilon"": 0.0, ""max_iter"": 20000}",linear,full_train,112384,29022,40.07536449999316,0.1125411999819334,1.4137893248637106,4.78103025321059,0.8494952298177358,0.2496579443933283,24402,1.181433942964243,3.871430291884652,1.0469628406265556,-0.3668264842371549,,,,completed,0,,,,42,False
cv_direct_linearsvr_c_1_0_epsilon_0_0_core_with_lag,cv-direct,,direct,LinearSVR,linear,core_with_lag,direct,fold_2,1997,2006,2007,2008,"{""C"": 1.0, ""epsilon"": 0.0, ""max_iter"": 20000}",linear,full_train,141406,30096,58.64520630001789,0.1204395000240765,1.3344123840951136,4.803445426466489,0.8445253260708603,0.2339660214194425,25723,1.1071019075238877,4.139890438312771,1.0556765933106236,-0.27873579078449,,,,completed,0,,,,42,False
cv_direct_linearsvr_c_1_0_epsilon_0_0_core_with_lag,cv-direct,,direct,LinearSVR,linear,core_with_lag,direct,fold_3,1997,2008,2009,2010,"{""C"": 1.0, ""epsilon"": 0.0, ""max_iter"": 20000}",linear,full_train,171502,30662,77.60168989998056,0.1163245000061579,1.285246958842233,4.985220037375528,0.8473526158710492,0.2509974959267564,25900,1.2023168235795538,4.723161441038545,1.1219907041916857,-0.1632562546505476,,,,completed,0,,,,42,False
cv_direct_linearsvr_c_1_0_epsilon_0_1_core_with_lag,cv-direct,,direct,LinearSVR,linear,core_with_lag,direct,fold_1,1997,2004,2005,2006,"{""C"": 1.0, ""epsilon"": 0.1, ""max_iter"": 20000}",linear,full_train,112384,29022,40.95453809999162,0.1177747000183444,1.4156240653926877,4.779331280866494,0.8496021766453676,0.2552245129378624,24402,1.185362103662153,3.877237481200002,1.0469628406265556,-0.3686612247661318,,,,completed,0,,,,42,False
cv_direct_linearsvr_c_1_0_epsilon_0_1_core_with_lag,cv-direct,,direct,LinearSVR,linear,core_with_lag,direct,fold_2,1997,2006,2007,2008,"{""C"": 1.0, ""epsilon"": 0.1, ""max_iter"": 20000}",linear,full_train,141406,30096,57.2555069999944,0.119770299992524,1.3369949192917083,4.801034417925608,0.8446813626897647,0.238355669448778,25723,1.1123376047856697,4.14802640259528,1.0556765933106236,-0.2813183259810847,,,,completed,0,,,,42,False
cv_direct_linearsvr_c_1_0_epsilon_0_1_core_with_lag,cv-direct,,direct,LinearSVR,linear,core_with_lag,direct,fold_3,1997,2008,2009,2010,"{""C"": 1.0, ""epsilon"": 0.1, ""max_iter"": 20000}",linear,full_train,171502,30662,78.91883810001309,0.1137012999970465,1.28709974454361,4.981733560323054,0.8475660529899394,0.2540936904133525,25900,1.205877943082156,4.72340467500867,1.1219907041916857,-0.1651090403519244,,,,completed,0,,,,42,False
cv_direct_tree_depth_8_leaf_20_core_with_lag,cv-direct,,direct,DecisionTree,tree,core_with_lag,direct,fold_1,1997,2004,2005,2006,"{""max_depth"": 8, ""min_samples_leaf"": 20}",tree,full_train,112384,29022,2.3928950000263285,0.0672684000164736,1.7587792925947403,5.437058710572208,0.8053585521032169,0.3593514230205387,24402,1.255398541029996,4.01015368204769,1.0469628406265556,-0.7118164519681849,,,,completed,0,,,,42,False
cv_direct_tree_depth_8_leaf_20_core_with_lag,cv-direct,,direct,DecisionTree,tree,core_with_lag,direct,fold_2,1997,2006,2007,2008,"{""max_depth"": 8, ""min_samples_leaf"": 20}",tree,full_train,141406,30096,3.18684859998757,0.0673869000165723,1.615302352048253,5.419529115015225,0.8020857611807011,0.3737083817757226,25723,1.2551712488853592,4.575436470038951,1.0556765933106236,-0.5596257587376294,,,,completed,0,,,,42,False
cv_direct_tree_depth_8_leaf_20_core_with_lag,cv-direct,,direct,DecisionTree,tree,core_with_lag,direct,fold_3,1997,2008,2009,2010,"{""max_depth"": 8, ""min_samples_leaf"": 20}",tree,full_train,171502,30662,4.024518899997929,0.0650437000149395,1.5069472417764236,5.795819539333405,0.7936756850648955,0.3789572659449819,25900,1.1811925759728337,5.544330510797449,1.1219907041916857,-0.3849565375847381,,,,completed,0,,,,42,False
cv_direct_tree_depth_12_leaf_20_core_with_lag,cv-direct,,direct,DecisionTree,tree,core_with_lag,direct,fold_1,1997,2004,2005,2006,"{""max_depth"": 12, ""min_samples_leaf"": 20}",tree,full_train,112384,29022,3.179900599992834,0.0664972999948076,1.6561357056114538,5.48216813312382,0.8021154065719837,0.2808947965953456,24402,1.2238357406966935,4.4280470276083,1.0469628406265556,-0.6091728649848982,,,,completed,0,,,,42,False
cv_direct_tree_depth_12_leaf_20_core_with_lag,cv-direct,,direct,DecisionTree,tree,core_with_lag,direct,fold_2,1997,2006,2007,2008,"{""max_depth"": 12, ""min_samples_leaf"": 20}",tree,full_train,141406,30096,4.21732970001176,0.0689103000040631,1.4324926848898487,5.06280133029411,0.8272827542208446,0.2732446710809706,25723,1.1639496399970686,4.667942583572643,1.0556765933106236,-0.3768160915792251,,,,completed,0,,,,42,False
cv_direct_tree_depth_12_leaf_20_core_with_lag,cv-direct,,direct,DecisionTree,tree,core_with_lag,direct,fold_3,1997,2008,2009,2010,"{""max_depth"": 12, ""min_samples_leaf"": 20}",tree,full_train,171502,30662,5.334755099989707,0.0650628999865148,1.428368151140086,5.681820481787293,0.8017123259609626,0.3249184066054036,25900,1.1950961433032503,5.595317287167777,1.1219907041916857,-0.3063774469484004,,,,completed,0,,,,42,False
cv_direct_tree_depth_16_leaf_10_core_with_lag,cv-direct,,direct,DecisionTree,tree,core_with_lag,direct,fold_1,1997,2004,2005,2006,"{""max_depth"": 16, ""min_samples_leaf"": 10}",tree,full_train,112384,29022,4.18029230000684,0.0686759000236634,1.671619801816658,7.36987790067278,0.6423750032134654,0.2519128970096783,24402,1.2201229508863338,5.683351880798098,1.0469628406265556,-0.6246569611901023,,,,completed,0,,,,42,False
cv_direct_tree_depth_16_leaf_10_core_with_lag,cv-direct,,direct,DecisionTree,tree,core_with_lag,direct,fold_2,1997,2006,2007,2008,"{""max_depth"": 16, ""min_samples_leaf"": 10}",tree,full_train,141406,30096,5.141071099991677,0.0699762000003829,1.4614582903824915,5.868343442322223,0.7679481802603374,0.2656422980527184,25723,1.152859707064255,5.586118486159128,1.0556765933106236,-0.4057816970718679,,,,completed,0,,,,42,False
cv_direct_tree_depth_16_leaf_10_core_with_lag,cv-direct,,direct,DecisionTree,tree,core_with_lag,direct,fold_3,1997,2008,2009,2010,"{""max_depth"": 16, ""min_samples_leaf"": 10}",tree,full_train,171502,30662,6.506127700005891,0.0670940999989397,1.474431245259611,6.237529756716617,0.7610285804442406,0.323206595561526,25900,1.2981276241361923,6.1647614997603215,1.1219907041916857,-0.3524405410679254,,,,completed,0,,,,42,False
cv_direct_tree_depth_none_leaf_20_core_with_lag,cv-direct,,direct,DecisionTree,tree,core_with_lag,direct,fold_1,1997,2004,2005,2006,"{""max_depth"": null, ""min_samples_leaf"": 20}",tree,full_train,112384,29022,4.555018499988364,0.0688155000098049,1.552474457291496,6.130821982691394,0.7525173867847413,0.246500050875869,24402,1.1320855376612429,4.568615652719694,1.0469628406265556,-0.5055116166649405,,,,completed,0,,,,42,False
cv_direct_tree_depth_none_leaf_20_core_with_lag,cv-direct,,direct,DecisionTree,tree,core_with_lag,direct,fold_2,1997,2006,2007,2008,"{""max_depth"": null, ""min_samples_leaf"": 20}",tree,full_train,141406,30096,6.2402470000088215,0.0710895000083837,1.3602198212722951,4.904942959497655,0.8378855021680132,0.2601967187933643,25723,1.0681381728028578,4.453349678575674,1.0556765933106236,-0.3045432279616715,,,,completed,0,,,,42,False
cv_direct_tree_depth_none_leaf_20_core_with_lag,cv-direct,,direct,DecisionTree,tree,core_with_lag,direct,fold_3,1997,2008,2009,2010,"{""max_depth"": null, ""min_samples_leaf"": 20}",tree,full_train,171502,30662,8.379013500001747,0.0675398999883327,1.6043135464613596,6.856833291127596,0.7112194868363291,0.2761568141606737,25900,1.4768179818685276,6.801432136483549,1.1219907041916857,-0.4823228422696741,,,,completed,0,,,,42,False
cv_direct_tree_depth_none_leaf_50_core_with_lag,cv-direct,,direct,DecisionTree,tree,core_with_lag,direct,fold_1,1997,2004,2005,2006,"{""max_depth"": null, ""min_samples_leaf"": 50}",tree,full_train,112384,29022,4.184809600003064,0.0680893999815452,1.5386289996022744,6.250324108144545,0.7427754847260675,0.2395884031211827,24402,1.0657355534243411,4.21852017258704,1.0469628406265556,-0.4916661589757187,,,,completed,0,,,,42,False
cv_direct_tree_depth_none_leaf_50_core_with_lag,cv-direct,,direct,DecisionTree,tree,core_with_lag,direct,fold_2,1997,2006,2007,2008,"{""max_depth"": null, ""min_samples_leaf"": 50}",tree,full_train,141406,30096,5.815358200023184,0.0866532000072766,1.3335932803509167,4.594824220897442,0.857737074177144,0.2582678193338605,25723,1.039820488748885,4.143867449028718,1.0556765933106236,-0.2779166870402931,,,,completed,0,,,,42,False
cv_direct_tree_depth_none_leaf_50_core_with_lag,cv-direct,,direct,DecisionTree,tree,core_with_lag,direct,fold_3,1997,2008,2009,2010,"{""max_depth"": null, ""min_samples_leaf"": 50}",tree,full_train,171502,30662,7.4729335999873,0.0655612999980803,1.3805069173801787,5.3013211187379445,0.8273808690460849,0.2759347106367,25900,1.213399981712145,5.026823927916271,1.1219907041916857,-0.2585162131884932,,,,completed,0,,,,42,False
cv_direct_rf_150_depth_15_leaf_5_maxfeat_sqrt_core_with_lag,cv-direct,,direct,RandomForest,tree,core_with_lag,direct,fold_1,1997,2004,2005,2006,"{""max_depth"": 15, ""max_features"": ""sqrt"", ""min_samples_leaf"": 5, ""n_estimators"": 150, ""n_jobs"": -1}",tree,full_train,112384,29022,6.470023599977139,0.220806099998299,1.6739524562877606,4.365310823038959,0.8745306564826483,0.4233427337816172,24402,1.259811101566105,3.4385496995524543,1.0469628406265556,-0.6269896156612049,,,,completed,0,,,,42,False
cv_direct_rf_150_depth_15_leaf_5_maxfeat_sqrt_core_with_lag,cv-direct,,direct,RandomForest,tree,core_with_lag,direct,fold_2,1997,2006,2007,2008,"{""max_depth"": 15, ""max_features"": ""sqrt"", ""min_samples_leaf"": 5, ""n_estimators"": 150, ""n_jobs"": -1}",tree,full_train,141406,30096,9.04629460000433,0.1672366999846417,1.6106162530874248,4.608071635086469,0.8569155704176432,0.4627550594253548,25723,1.338060614752277,4.105555991780734,1.0556765933106236,-0.5549396597768013,,,,completed,0,,,,42,False
cv_direct_rf_150_depth_15_leaf_5_maxfeat_sqrt_core_with_lag,cv-direct,,direct,RandomForest,tree,core_with_lag,direct,fold_3,1997,2008,2009,2010,"{""max_depth"": 15, ""max_features"": ""sqrt"", ""min_samples_leaf"": 5, ""n_estimators"": 150, ""n_jobs"": -1}",tree,full_train,171502,30662,11.324801899987506,0.1749544999911449,1.7497961081056352,5.1791141413543045,0.8352476312876485,0.4948975116528541,25900,1.5097765208475462,4.953816639569523,1.1219907041916857,-0.6278054039139498,,,,completed,0,,,,42,False
cv_direct_rf_200_depth_25_leaf_5_maxfeat_sqrt_core_with_lag,cv-direct,,direct,RandomForest,tree,core_with_lag,direct,fold_1,1997,2004,2005,2006,"{""max_depth"": 25, ""max_features"": ""sqrt"", ""min_samples_leaf"": 5, ""n_estimators"": 200, ""n_jobs"": -1}",tree,full_train,112384,29022,11.84418509999523,0.1768062000046484,1.6111688809002938,4.414052313260363,0.8717131229248363,0.3721582929210241,24402,1.2010046309477684,3.4838557042043163,1.0469628406265556,-0.5642060402737381,,,,completed,0,,,,42,False
cv_direct_rf_200_depth_25_leaf_5_maxfeat_sqrt_core_with_lag,cv-direct,,direct,RandomForest,tree,core_with_lag,direct,fold_2,1997,2006,2007,2008,"{""max_depth"": 25, ""max_features"": ""sqrt"", ""min_samples_leaf"": 5, ""n_estimators"": 200, ""n_jobs"": -1}",tree,full_train,141406,30096,17.020465300010983,0.2008561000111512,1.4771723853375247,4.436076354569229,0.8673974248271306,0.383574052784774,25723,1.1972532084105338,3.9511624442200177,1.0556765933106236,-0.4214957920269011,,,,completed,0,,,,42,False
cv_direct_rf_200_depth_25_leaf_5_maxfeat_sqrt_core_with_lag,cv-direct,,direct,RandomForest,tree,core_with_lag,direct,fold_3,1997,2008,2009,2010,"{""max_depth"": 25, ""max_features"": ""sqrt"", ""min_samples_leaf"": 5, ""n_estimators"": 200, ""n_jobs"": -1}",tree,full_train,171502,30662,23.230201600003056,0.2294885000155773,1.6341257269314795,5.13140013687742,0.8382693003457706,0.3968882062782218,25900,1.413713264522629,5.0088603450606985,1.1219907041916857,-0.512135022739794,,,,completed,0,,,,42,False
cv_direct_rf_250_depth_none_leaf_10_maxfeat_sqrt_core_with_lag,cv-direct,,direct,RandomForest,tree,core_with_lag,direct,fold_1,1997,2004,2005,2006,"{""max_depth"": null, ""max_features"": ""sqrt"", ""min_samples_leaf"": 10, ""n_estimators"": 250, ""n_jobs"": -1}",tree,full_train,112384,29022,16.58898150001187,0.2263728000107221,1.6560968448709237,4.447815384544732,0.8697430854435915,0.3916097111345711,24402,1.2277799475666344,3.452968221114068,1.0469628406265556,-0.6091340042443678,,,,completed,0,,,,42,False
cv_direct_rf_250_depth_none_leaf_10_maxfeat_sqrt_core_with_lag,cv-direct,,direct,RandomForest,tree,core_with_lag,direct,fold_2,1997,2006,2007,2008,"{""max_depth"": null, ""max_features"": ""sqrt"", ""min_samples_leaf"": 10, ""n_estimators"": 250, ""n_jobs"": -1}",tree,full_train,141406,30096,22.041208000009647,0.2209203000238631,1.5055243500183986,4.502035681260799,0.8634248147431118,0.4103362981636982,25723,1.2263597288889505,4.007381620920056,1.0556765933106236,-0.449847756707775,,,,completed,0,,,,42,False
cv_direct_rf_250_depth_none_leaf_10_maxfeat_sqrt_core_with_lag,cv-direct,,direct,RandomForest,tree,core_with_lag,direct,fold_3,1997,2008,2009,2010,"{""max_depth"": null, ""max_features"": ""sqrt"", ""min_samples_leaf"": 10, ""n_estimators"": 250, ""n_jobs"": -1}",tree,full_train,171502,30662,28.791391800012207,0.2567441999854054,1.6400378246862546,5.111394886130217,0.8395278871773151,0.4125765017423932,25900,1.406361144210537,4.949140857804554,1.1219907041916857,-0.5180471204945691,,,,completed,0,,,,42,False
cv_direct_rf_200_depth_none_leaf_20_maxfeat_0_5_core_with_lag,cv-direct,,direct,RandomForest,tree,core_with_lag,direct,fold_1,1997,2004,2005,2006,"{""max_depth"": null, ""max_features"": 0.5, ""min_samples_leaf"": 20, ""n_estimators"": 200, ""n_jobs"": -1}",tree,full_train,112384,29022,40.62422040000092,0.1895863999961875,1.277542012975337,4.120799380113406,0.8881926834162693,0.2450678165480142,24402,0.9164703442549684,3.2548603979642907,1.0469628406265556,-0.2305791723487813,,,,completed,0,,,,42,False
cv_direct_rf_200_depth_none_leaf_20_maxfeat_0_5_core_with_lag,cv-direct,,direct,RandomForest,tree,core_with_lag,direct,fold_2,1997,2006,2007,2008,"{""max_depth"": null, ""max_features"": 0.5, ""min_samples_leaf"": 20, ""n_estimators"": 200, ""n_jobs"": -1}",tree,full_train,141406,30096,53.10506460000761,0.1668624999874737,1.2054848468696335,4.121099083366267,0.885559421214489,0.2552380298071656,25723,0.9185393372038112,3.698698787864945,1.0556765933106236,-0.1498082535590099,,,,completed,0,,,,42,False
cv_direct_rf_200_depth_none_leaf_20_maxfeat_0_5_core_with_lag,cv-direct,,direct,RandomForest,tree,core_with_lag,direct,fold_3,1997,2008,2009,2010,"{""max_depth"": null, ""max_features"": 0.5, ""min_samples_leaf"": 20, ""n_estimators"": 200, ""n_jobs"": -1}",tree,full_train,171502,30662,67.92393710001488,0.185544599982677,1.29568393324813,4.78889994148628,0.8591385260154775,0.2703625854292781,25900,1.0883562778560978,4.62087601629579,1.1219907041916857,-0.1736932290564445,,,,completed,0,,,,42,False
cv_residual_ridge_alpha_0_1_residual_lag_corrector,cv-residual,,residual,Ridge,linear,residual_lag_corrector,residual,fold_1,1997,2004,2005,2006,"{""alpha"": 0.1, ""solver"": ""auto""}",linear,full_train,80341,29022,1.9692095000064,0.1204523000051267,2.3026453440547137,5.658191558442307,0.7892038987584381,0.970394004333854,24402,2.275394505369235,5.49673290313679,1.0469628406265556,-1.255682503428158,,,,completed,0,,,,42,False
cv_residual_ridge_alpha_0_1_residual_lag_corrector,cv-residual,,residual,Ridge,linear,residual_lag_corrector,residual,fold_2,1997,2006,2007,2008,"{""alpha"": 0.1, ""solver"": ""auto""}",linear,full_train,104743,30096,2.9008095000172034,0.1403568999958224,2.359408466793931,5.846740384997623,0.7696535342888124,1.001208459086215,25723,2.3722896525314265,5.854165523782932,1.0556765933106236,-1.3037318734833072,,,,completed,0,,,,42,False
cv_residual_ridge_alpha_0_1_residual_lag_corrector,cv-residual,,residual,Ridge,linear,residual_lag_corrector,residual,fold_3,1997,2008,2009,2010,"{""alpha"": 0.1, ""solver"": ""auto""}",linear,full_train,130466,30662,3.251495100033935,0.1131161999655887,2.313514871068971,6.139908039436929,0.7684501865009339,0.932330043876722,25900,2.4252119988901373,6.234821200961353,1.1219907041916857,-1.1915241668772854,,,,completed,0,,,,42,False
cv_residual_ridge_alpha_1_0_residual_lag_corrector,cv-residual,,residual,Ridge,linear,residual_lag_corrector,residual,fold_1,1997,2004,2005,2006,"{""alpha"": 1.0, ""solver"": ""auto""}",linear,full_train,80341,29022,1.838262900011614,0.1119924000231549,2.3000637401782047,5.658477651177345,0.7891825814321648,0.9685990778363116,24402,2.2723241296744536,5.497083153746337,1.0469628406265556,-1.253100899551649,,,,completed,0,,,,42,False
cv_residual_ridge_alpha_1_0_residual_lag_corrector,cv-residual,,residual,Ridge,linear,residual_lag_corrector,residual,fold_2,1997,2006,2007,2008,"{""alpha"": 1.0, ""solver"": ""auto""}",linear,full_train,104743,30096,2.6929630000377074,0.1004711000132374,2.357471203188997,5.846283309667795,0.7696895480552687,1.00046056075452,25723,2.3700230473355286,5.853631418848859,1.0556765933106236,-1.3017946098783737,,,,completed,0,,,,42,False
cv_residual_ridge_alpha_1_0_residual_lag_corrector,cv-residual,,residual,Ridge,linear,residual_lag_corrector,residual,fold_3,1997,2008,2009,2010,"{""alpha"": 1.0, ""solver"": ""auto""}",linear,full_train,130466,30662,3.289310199965257,0.1121565999928861,2.3121040200092966,6.139473258160716,0.7684829785096445,0.932459394165237,25900,2.4235417473383336,6.234314313336401,1.1219907041916857,-1.1901133158176112,,,,completed,0,,,,42,False
cv_residual_ridge_alpha_10_0_residual_lag_corrector,cv-residual,,residual,Ridge,linear,residual_lag_corrector,residual,fold_1,1997,2004,2005,2006,"{""alpha"": 10.0, ""solver"": ""auto""}",linear,full_train,80341,29022,1.6469410000136122,0.1045113999862223,2.28831722913138,5.663315400673846,0.7888219480956056,0.9635249883929582,24402,2.258353666450089,5.503005098264138,1.0469628406265556,-1.2413543885048242,,,,completed,0,,,,42,False
cv_residual_ridge_alpha_10_0_residual_lag_corrector,cv-residual,,residual,Ridge,linear,residual_lag_corrector,residual,fold_2,1997,2006,2007,2008,"{""alpha"": 10.0, ""solver"": ""auto""}",linear,full_train,104743,30096,2.401034299982712,0.1043653999804519,2.34394820894162,5.843561427217177,0.7699039516395072,0.9839778305192955,25723,2.354201096751651,5.850450680761044,1.0556765933106236,-1.2882716156309957,,,,completed,0,,,,42,False
cv_residual_ridge_alpha_10_0_residual_lag_corrector,cv-residual,,residual,Ridge,linear,residual_lag_corrector,residual,fold_3,1997,2008,2009,2010,"{""alpha"": 10.0, ""solver"": ""auto""}",linear,full_train,130466,30662,2.9770643999800086,0.108519300003536,2.2989404571356298,6.1355289595018085,0.7687803587263731,0.9215686253337292,25900,2.4079579185803257,6.229715628967402,1.1219907041916857,-1.1769497529439443,,,,completed,0,,,,42,False
cv_residual_ridge_alpha_100_0_residual_lag_corrector,cv-residual,,residual,Ridge,linear,residual_lag_corrector,residual,fold_1,1997,2004,2005,2006,"{""alpha"": 100.0, ""solver"": ""auto""}",linear,full_train,80341,29022,1.3498268999974243,0.102826600021217,2.2678264911342545,5.718867636377454,0.7846586799044353,0.9363982806130248,24402,2.233983442773646,5.570914150564065,1.0469628406265556,-1.2208636505076988,,,,completed,0,,,,42,False
cv_residual_ridge_alpha_100_0_residual_lag_corrector,cv-residual,,residual,Ridge,linear,residual_lag_corrector,residual,fold_2,1997,2006,2007,2008,"{""alpha"": 100.0, ""solver"": ""auto""}",linear,full_train,104743,30096,1.7983240999747068,0.0992884999723173,2.3347145441253883,5.878981171333481,0.7671061226109709,0.9424168394509622,25723,2.343397676609783,5.891822272273742,1.0556765933106236,-1.279037950814765,,,,completed,0,,,,42,False
cv_residual_ridge_alpha_100_0_residual_lag_corrector,cv-residual,,residual,Ridge,linear,residual_lag_corrector,residual,fold_3,1997,2008,2009,2010,"{""alpha"": 100.0, ""solver"": ""auto""}",linear,full_train,130466,30662,2.519816600019112,0.1124696999904699,2.2614987717184643,6.139269585761995,0.7684983390602931,0.88024727366529,25900,2.363632167296113,6.234076861037613,1.1219907041916857,-1.1395080675267788,,,,completed,0,,,,42,False
cv_residual_linearsvr_c_0_03_epsilon_0_0_residual_lag_corrector,cv-residual,,residual,LinearSVR,linear,residual_lag_corrector,residual,fold_1,1997,2004,2005,2006,"{""C"": 0.03, ""epsilon"": 0.0, ""max_iter"": 20000}",linear,full_train,80341,29022,2.732167199952528,0.1023664000094868,1.080317587344467,3.849986185995808,0.9024054370016824,0.1812825530773825,24402,0.8216449702801121,3.125100803178165,1.0469628406265556,-0.0333547467179113,,,,completed,0,,,,42,False
cv_residual_linearsvr_c_0_03_epsilon_0_0_residual_lag_corrector,cv-residual,,residual,LinearSVR,linear,residual_lag_corrector,residual,fold_2,1997,2006,2007,2008,"{""C"": 0.03, ""epsilon"": 0.0, ""max_iter"": 20000}",linear,full_train,104743,30096,3.9022881000419134,0.1091555000166408,1.0423067989765202,4.190467881311517,0.881674331875393,0.1770682877934765,25723,0.8312760928909187,3.849766732930116,1.0556765933106236,0.0133697943341033,,,,completed,0,,,,42,False
cv_residual_linearsvr_c_0_03_epsilon_0_0_residual_lag_corrector,cv-residual,,residual,LinearSVR,linear,residual_lag_corrector,residual,fold_3,1997,2008,2009,2010,"{""C"": 0.03, ""epsilon"": 0.0, ""max_iter"": 20000}",linear,full_train,130466,30662,5.435766499955207,0.1166583000449463,1.126521812374789,4.95665130171157,0.8490971515727275,0.2070394952031117,25900,1.0199772048484,4.8299904108294,1.1219907041916857,-0.0045311081831036,,,,completed,0,,,,42,False
cv_residual_linearsvr_c_0_1_epsilon_0_0_residual_lag_corrector,cv-residual,,residual,LinearSVR,linear,residual_lag_corrector,residual,fold_1,1997,2004,2005,2006,"{""C"": 0.1, ""epsilon"": 0.0, ""max_iter"": 20000}",linear,full_train,80341,29022,6.096093699976336,0.0995164000196382,1.0921247905826326,3.8589407235001967,0.9019509260323876,0.1841687764018198,24402,0.8356876164721472,3.138208763718547,1.0469628406265556,-0.0451619499560769,,,,completed,0,,,,42,False
cv_residual_linearsvr_c_0_1_epsilon_0_0_residual_lag_corrector,cv-residual,,residual,LinearSVR,linear,residual_lag_corrector,residual,fold_2,1997,2006,2007,2008,"{""C"": 0.1, ""epsilon"": 0.0, ""max_iter"": 20000}",linear,full_train,104743,30096,8.899304900027346,0.1105134999961592,1.043739528919483,4.18625984526962,0.8819118560312477,0.1780515143272915,25723,0.8329523919370412,3.844406556958482,1.0556765933106236,0.0119370643911405,,,,completed,0,,,,42,False
cv_residual_linearsvr_c_0_1_epsilon_0_0_residual_lag_corrector,cv-residual,,residual,LinearSVR,linear,residual_lag_corrector,residual,fold_3,1997,2008,2009,2010,"{""C"": 0.1, ""epsilon"": 0.0, ""max_iter"": 20000}",linear,full_train,130466,30662,12.812607700005174,0.1125354000250808,1.1286232159507994,4.945175257664247,0.8497951078601702,0.2085628976429239,25900,1.0224649745954122,4.816044097268398,1.1219907041916857,-0.0066325117591139,,,,completed,0,,,,42,False
cv_residual_linearsvr_c_0_3_epsilon_0_0_residual_lag_corrector,cv-residual,,residual,LinearSVR,linear,residual_lag_corrector,residual,fold_1,1997,2004,2005,2006,"{""C"": 0.3, ""epsilon"": 0.0, ""max_iter"": 20000}",linear,full_train,80341,29022,13.997708299953956,0.0965218000346794,1.0992510086845164,3.864642812269522,0.9016609513352916,0.1868859518047891,24402,0.8441630324934927,3.1465430153276124,1.0469628406265556,-0.0522881680579607,,,,completed,0,,,,42,False
cv_residual_linearsvr_c_0_3_epsilon_0_0_residual_lag_corrector,cv-residual,,residual,LinearSVR,linear,residual_lag_corrector,residual,fold_2,1997,2006,2007,2008,"{""C"": 0.3, ""epsilon"": 0.0, ""max_iter"": 20000}",linear,full_train,104743,30096,21.30748830002267,0.103526699997019,1.0446441075969934,4.184319295405595,0.8820213106887815,0.1787764238581953,25723,0.8340107521546813,3.84193399119282,1.0556765933106236,0.0110324857136301,,,,completed,0,,,,42,False
cv_residual_linearsvr_c_0_3_epsilon_0_0_residual_lag_corrector,cv-residual,,residual,LinearSVR,linear,residual_lag_corrector,residual,fold_3,1997,2008,2009,2010,"{""C"": 0.3, ""epsilon"": 0.0, ""max_iter"": 20000}",linear,full_train,130466,30662,31.050511200039185,0.1301896999939344,1.129396863959644,4.94217628577339,0.8499772343315182,0.209012916760945,25900,1.0233808663037982,4.812398261920665,1.1219907041916857,-0.0074061597679584,,,,completed,0,,,,42,False
cv_residual_linearsvr_c_1_0_epsilon_0_0_residual_lag_corrector,cv-residual,,residual,LinearSVR,linear,residual_lag_corrector,residual,fold_1,1997,2004,2005,2006,"{""C"": 1.0, ""epsilon"": 0.0, ""max_iter"": 20000}",linear,full_train,80341,29022,40.67875769996317,0.1000211000209674,1.1021429631546638,3.867491520436922,0.9015159224087196,0.1873358480983391,24402,0.8476025170698641,3.1507030658158204,1.0469628406265556,-0.0551801225281081,,,,completed,0,,,,42,False
cv_residual_linearsvr_c_1_0_epsilon_0_0_residual_lag_corrector,cv-residual,,residual,LinearSVR,linear,residual_lag_corrector,residual,fold_2,1997,2006,2007,2008,"{""C"": 1.0, ""epsilon"": 0.0, ""max_iter"": 20000}",linear,full_train,104743,30096,61.926530900003854,0.1107727999915368,1.0450783533254349,4.183560620580266,0.8820640891388559,0.179317387617325,25723,0.8345188211763026,3.8409671992436,1.0556765933106236,0.0105982399851887,,,,completed,0,,,,42,False
cv_residual_linearsvr_c_1_0_epsilon_0_0_residual_lag_corrector,cv-residual,,residual,LinearSVR,linear,residual_lag_corrector,residual,fold_3,1997,2008,2009,2010,"{""C"": 1.0, ""epsilon"": 0.0, ""max_iter"": 20000}",linear,full_train,130466,30662,90.2293864999665,0.1113350000232458,1.1296564526234492,4.941405627818584,0.8500240182650624,0.2092041434708517,25900,1.0236881831999218,4.8114612880703165,1.1219907041916857,-0.0076657484317637,,,,completed,0,,,,42,False
cv_residual_rf_200_depth_20_leaf_10_maxfeat_sqrt_residual_lag_corrector,cv-residual,,residual,RandomForest,tree,residual_lag_corrector,residual,fold_1,1997,2004,2005,2006,"{""max_depth"": 20, ""max_features"": ""sqrt"", ""min_samples_leaf"": 10, ""n_estimators"": 200, ""n_jobs"": -1}",tree,full_train,80341,29022,7.368539099988993,0.1660326999844983,1.134153680401791,3.992777727622192,0.8950318483584705,0.2122376347774633,24402,0.8856737831933841,3.331390238236614,1.0469628406265556,-0.0871908397752356,,,,completed,0,,,,42,False
cv_residual_rf_200_depth_20_leaf_10_maxfeat_sqrt_residual_lag_corrector,cv-residual,,residual,RandomForest,tree,residual_lag_corrector,residual,fold_2,1997,2006,2007,2008,"{""max_depth"": 20, ""max_features"": ""sqrt"", ""min_samples_leaf"": 10, ""n_estimators"": 200, ""n_jobs"": -1}",tree,full_train,104743,30096,10.48009089997504,0.1659226000192575,1.101992455583347,4.19329101743882,0.8815148451530451,0.2058577992610313,25723,0.9011085199499336,3.8533616644643898,1.0556765933106236,-0.0463158622727231,,,,completed,0,,,,42,False
cv_residual_rf_200_depth_20_leaf_10_maxfeat_sqrt_residual_lag_corrector,cv-residual,,residual,RandomForest,tree,residual_lag_corrector,residual,fold_3,1997,2008,2009,2010,"{""max_depth"": 20, ""max_features"": ""sqrt"", ""min_samples_leaf"": 10, ""n_estimators"": 200, ""n_jobs"": -1}",tree,full_train,130466,30662,15.266010199964512,0.163546200026758,1.1520320764920466,4.825905069005862,0.8569531655171011,0.2375521582275219,25900,1.0501778117350156,4.670611394399266,1.1219907041916857,-0.0300413723003611,,,,completed,0,,,,42,False
cv_residual_rf_250_depth_none_leaf_20_maxfeat_sqrt_residual_lag_corrector,cv-residual,,residual,RandomForest,tree,residual_lag_corrector,residual,fold_1,1997,2004,2005,2006,"{""max_depth"": null, ""max_features"": ""sqrt"", ""min_samples_leaf"": 20, ""n_estimators"": 250, ""n_jobs"": -1}",tree,full_train,80341,29022,13.15873309999006,0.1774125000229105,1.1366631194561527,4.1255027688368,0.8879373089932493,0.2105542181746899,24402,0.8886583311909119,3.518474326498628,1.0469628406265556,-0.089700278829597,,,,completed,0,,,,42,False
cv_residual_rf_250_depth_none_leaf_20_maxfeat_sqrt_residual_lag_corrector,cv-residual,,residual,RandomForest,tree,residual_lag_corrector,residual,fold_2,1997,2006,2007,2008,"{""max_depth"": null, ""max_features"": ""sqrt"", ""min_samples_leaf"": 20, ""n_estimators"": 250, ""n_jobs"": -1}",tree,full_train,104743,30096,20.03896670002723,0.1923648999654688,1.0990622131014585,4.270645846611187,0.8771030658459034,0.2094748655429814,25723,0.8976801259937501,3.9515096209569887,1.0556765933106236,-0.0433856197908348,,,,completed,0,,,,42,False
cv_residual_rf_250_depth_none_leaf_20_maxfeat_sqrt_residual_lag_corrector,cv-residual,,residual,RandomForest,tree,residual_lag_corrector,residual,fold_3,1997,2008,2009,2010,"{""max_depth"": null, ""max_features"": ""sqrt"", ""min_samples_leaf"": 20, ""n_estimators"": 250, ""n_jobs"": -1}",tree,full_train,130466,30662,29.4859962000046,0.2147185000358149,1.1457887860290934,4.778220884549762,0.8597660565509015,0.2366766468269416,25900,1.0427866236201482,4.6122059792741705,1.1219907041916857,-0.0237980818374079,,,,completed,0,,,,42,False
cv_log_target_ridge_alpha_1_0_core_with_lag,cv-log_target,,log_target,Ridge,linear,core_with_lag,log_target,fold_1,1997,2004,2005,2006,"{""alpha"": 1.0, ""solver"": ""auto""}",linear,full_train,112384,29022,3.184795500012114,0.1471865000203251,1.8285614573082047,5.56512265855336,0.7960814365209231,0.3685620721525919,24402,1.7477614601671827,5.414389231475207,1.0469628406265556,-0.7815986166816498,,,,completed,0,,,,42,False
cv_log_target_ridge_alpha_1_0_core_with_lag,cv-log_target,,log_target,Ridge,linear,core_with_lag,log_target,fold_2,1997,2006,2007,2008,"{""alpha"": 1.0, ""solver"": ""auto""}",linear,full_train,141406,30096,4.118255600042176,0.0912450999603606,1.7427817366598093,5.564235051951733,0.7913757115847191,0.3784605250546791,25723,1.6794693877857056,5.585928651623287,1.0556765933106236,-0.6871051433491857,,,,completed,0,,,,42,False
cv_log_target_ridge_alpha_1_0_core_with_lag,cv-log_target,,log_target,Ridge,linear,core_with_lag,log_target,fold_3,1997,2008,2009,2010,"{""alpha"": 1.0, ""solver"": ""auto""}",linear,full_train,171502,30662,7.025226300000213,0.1432214000378735,1.8057832803491087,6.040932330906675,0.7758552122610208,0.3880325151217849,25900,1.8565544216143408,6.209549174668492,1.1219907041916857,-0.6837925761574237,,,,completed,0,,,,42,False
cv_log_target_ridge_alpha_10_0_core_with_lag,cv-log_target,,log_target,Ridge,linear,core_with_lag,log_target,fold_1,1997,2004,2005,2006,"{""alpha"": 10.0, ""solver"": ""auto""}",linear,full_train,112384,29022,3.267207299999427,0.1268905000179074,1.83574198442265,5.6228431081853225,0.7918294868463918,0.3670085827006223,24402,1.7560456965238742,5.478779988731874,1.0469628406265556,-0.7887791437960945,,,,completed,0,,,,42,False
cv_log_target_ridge_alpha_10_0_core_with_lag,cv-log_target,,log_target,Ridge,linear,core_with_lag,log_target,fold_2,1997,2006,2007,2008,"{""alpha"": 10.0, ""solver"": ""auto""}",linear,full_train,141406,30096,3.687868700013496,0.1107572000473737,1.74917124886108,5.6035147414220345,0.7884198257661286,0.3769570967235137,25723,1.6870469556396817,5.627828934744856,1.0556765933106236,-0.6934946555504564,,,,completed,0,,,,42,False
cv_log_target_ridge_alpha_10_0_core_with_lag,cv-log_target,,log_target,Ridge,linear,core_with_lag,log_target,fold_3,1997,2008,2009,2010,"{""alpha"": 10.0, ""solver"": ""auto""}",linear,full_train,171502,30662,4.419034299964551,0.1322654000250622,1.8094267823355343,6.063490541116198,0.7741780718275706,0.3880640226544198,25900,1.86065392876122,6.232547445875251,1.1219907041916857,-0.6874360781438491,,,,completed,0,,,,42,False
cv_log_target_linearsvr_c_0_1_epsilon_0_0_core_with_lag,cv-log_target,,log_target,LinearSVR,linear,core_with_lag,log_target,fold_1,1997,2004,2005,2006,"{""C"": 0.1, ""epsilon"": 0.0, ""max_iter"": 20000}",linear,full_train,112384,29022,12.558822899998631,0.1262025000178255,1.629377591962911,5.148623246280367,0.8254621958911373,0.3182562540276741,24402,1.4761208147044107,4.543614764303473,1.0469628406265556,-0.5824147513363553,,,,completed,0,,,,42,False
cv_log_target_linearsvr_c_0_1_epsilon_0_0_core_with_lag,cv-log_target,,log_target,LinearSVR,linear,core_with_lag,log_target,fold_2,1997,2006,2007,2008,"{""C"": 0.1, ""epsilon"": 0.0, ""max_iter"": 20000}",linear,full_train,141406,30096,17.29456929996377,0.1204412000370211,1.725328996212775,6.861480173066316,0.682758818730022,0.327884908734529,25723,1.6074955994744926,6.824241778654966,1.0556765933106236,-0.6696524029021513,,,,completed,0,,,,42,False
cv_log_target_linearsvr_c_0_1_epsilon_0_0_core_with_lag,cv-log_target,,log_target,LinearSVR,linear,core_with_lag,log_target,fold_3,1997,2008,2009,2010,"{""C"": 0.1, ""epsilon"": 0.0, ""max_iter"": 20000}",linear,full_train,171502,30662,24.301472799968906,0.1486008000210859,2.0681571162819528,47.20784648500133,-12.6882863302826,0.3385178274561707,25900,2.1661523929582858,51.304683798273096,1.1219907041916857,-0.9461664120902672,,,,completed,0,,,,42,False
cv_log_target_linearsvr_c_0_1_epsilon_0_1_core_with_lag,cv-log_target,,log_target,LinearSVR,linear,core_with_lag,log_target,fold_1,1997,2004,2005,2006,"{""C"": 0.1, ""epsilon"": 0.1, ""max_iter"": 20000}",linear,full_train,112384,29022,16.372526000021026,0.1076750999782234,1.618504358488796,5.08646732596246,0.829650917263834,0.3196967081132528,24402,1.465859493278051,4.476570650712982,1.0469628406265556,-0.5715415178622403,,,,completed,0,,,,42,False
cv_log_target_linearsvr_c_0_1_epsilon_0_1_core_with_lag,cv-log_target,,log_target,LinearSVR,linear,core_with_lag,log_target,fold_2,1997,2006,2007,2008,"{""C"": 0.1, ""epsilon"": 0.1, ""max_iter"": 20000}",linear,full_train,141406,30096,20.00791990000289,0.1077853000024333,1.7204451684342046,6.825640716599906,0.6860642448192877,0.33221977352451,25723,1.6057863778690948,6.79948316908571,1.0556765933106236,-0.664768575123581,,,,completed,0,,,,42,False
cv_log_target_linearsvr_c_0_1_epsilon_0_1_core_with_lag,cv-log_target,,log_target,LinearSVR,linear,core_with_lag,log_target,fold_3,1997,2008,2009,2010,"{""C"": 0.1, ""epsilon"": 0.1, ""max_iter"": 20000}",linear,full_train,171502,30662,26.91287350002676,0.1118789999745786,2.002646525771951,41.61159992153137,-9.635294760165229,0.3415395781807124,25900,2.0901890858813648,45.20878144656782,1.1219907041916857,-0.8806558215802653,,,,completed,0,,,,42,False
cv_log_target_linearsvr_c_0_3_epsilon_0_0_core_with_lag,cv-log_target,,log_target,LinearSVR,linear,core_with_lag,log_target,fold_1,1997,2004,2005,2006,"{""C"": 0.3, ""epsilon"": 0.0, ""max_iter"": 20000}",linear,full_train,112384,29022,29.34616899996763,0.1075296999770216,1.624092609123485,5.083941741005152,0.8298200422151646,0.3193037165520842,24402,1.4697202799500186,4.473183602539383,1.0469628406265556,-0.5771297684969294,,,,completed,0,,,,42,False
cv_log_target_linearsvr_c_0_3_epsilon_0_0_core_with_lag,cv-log_target,,log_target,LinearSVR,linear,core_with_lag,log_target,fold_2,1997,2006,2007,2008,"{""C"": 0.3, ""epsilon"": 0.0, ""max_iter"": 20000}",linear,full_train,141406,30096,41.65448319999268,0.1213669999851845,1.7110921738705798,6.681969646382195,0.6991410539351302,0.3283375552574925,25723,1.5919185177602388,6.619090807696909,1.0556765933106236,-0.6554155805599562,,,,completed,0,,,,42,False
cv_log_target_linearsvr_c_0_3_epsilon_0_0_core_with_lag,cv-log_target,,log_target,LinearSVR,linear,core_with_lag,log_target,fold_3,1997,2008,2009,2010,"{""C"": 0.3, ""epsilon"": 0.0, ""max_iter"": 20000}",linear,full_train,171502,30662,55.38377750001382,0.109217700024601,2.0335011023385188,44.30938492025093,-11.059023605803404,0.3389066129584512,25900,2.1249222486020165,48.14742658833119,1.1219907041916857,-0.9115103981468332,,,,completed,0,,,,42,False
cv_log_target_linearsvr_c_0_3_epsilon_0_1_core_with_lag,cv-log_target,,log_target,LinearSVR,linear,core_with_lag,log_target,fold_1,1997,2004,2005,2006,"{""C"": 0.3, ""epsilon"": 0.1, ""max_iter"": 20000}",linear,full_train,112384,29022,38.17717370000901,0.1133762000245042,1.615304099037182,5.036486431228442,0.8329822542042268,0.3207590733046322,24402,1.462979202679276,4.433567288061848,1.0469628406265556,-0.5683412584106264,,,,completed,0,,,,42,False
cv_log_target_linearsvr_c_0_3_epsilon_0_1_core_with_lag,cv-log_target,,log_target,LinearSVR,linear,core_with_lag,log_target,fold_2,1997,2006,2007,2008,"{""C"": 0.3, ""epsilon"": 0.1, ""max_iter"": 20000}",linear,full_train,141406,30096,54.30072549998295,0.1127926000044681,1.7092517765538189,6.656876073543107,0.7013965116174832,0.3326128415709608,25723,1.5942370468795846,6.610540209421456,1.0556765933106236,-0.6535751832431953,,,,completed,0,,,,42,False
cv_log_target_linearsvr_c_0_3_epsilon_0_1_core_with_lag,cv-log_target,,log_target,LinearSVR,linear,core_with_lag,log_target,fold_3,1997,2008,2009,2010,"{""C"": 0.3, ""epsilon"": 0.1, ""max_iter"": 20000}",linear,full_train,171502,30662,71.98009810002986,0.1165517999907024,1.9709680526133424,38.56008969566616,-8.132649144463672,0.3423086734032808,25900,2.052706795169588,41.88400945667763,1.1219907041916857,-0.848977348421657,,,,completed,0,,,,42,False
cv_log_target_rf_200_depth_20_leaf_10_maxfeat_sqrt_core_with_lag,cv-log_target,,log_target,RandomForest,tree,core_with_lag,log_target,fold_1,1997,2004,2005,2006,"{""max_depth"": 20, ""max_features"": ""sqrt"", ""min_samples_leaf"": 10, ""n_estimators"": 200, ""n_jobs"": -1}",tree,full_train,112384,29022,8.175483800005168,0.2017586000147275,1.672111594656472,5.935892583281015,0.7680046138490295,0.2485831497322874,24402,1.3246027636701865,4.8877280797696505,1.0469628406265556,-0.6251487540299163,,,,completed,0,,,,42,False
cv_log_target_rf_200_depth_20_leaf_10_maxfeat_sqrt_core_with_lag,cv-log_target,,log_target,RandomForest,tree,core_with_lag,log_target,fold_2,1997,2006,2007,2008,"{""max_depth"": 20, ""max_features"": ""sqrt"", ""min_samples_leaf"": 10, ""n_estimators"": 200, ""n_jobs"": -1}",tree,full_train,141406,30096,11.32228419999592,0.1652383999899029,1.5289367665054268,5.799037761141583,0.7733969211625031,0.2489035571736179,25723,1.2372007303421182,5.070476054099363,1.0556765933106236,-0.4732601731948032,,,,completed,0,,,,42,False
cv_log_target_rf_200_depth_20_leaf_10_maxfeat_sqrt_core_with_lag,cv-log_target,,log_target,RandomForest,tree,core_with_lag,log_target,fold_3,1997,2008,2009,2010,"{""max_depth"": 20, ""max_features"": ""sqrt"", ""min_samples_leaf"": 10, ""n_estimators"": 200, ""n_jobs"": -1}",tree,full_train,171502,30662,18.204178599989973,0.1613232999807223,1.53298717572754,6.057507326972259,0.7746235163513481,0.2588503885148017,25900,1.4497310728493666,5.920094897760194,1.1219907041916857,-0.4109964715358545,,,,completed,0,,,,42,False
cv_log_target_rf_250_depth_none_leaf_20_maxfeat_sqrt_core_with_lag,cv-log_target,,log_target,RandomForest,tree,core_with_lag,log_target,fold_1,1997,2004,2005,2006,"{""max_depth"": null, ""max_features"": ""sqrt"", ""min_samples_leaf"": 20, ""n_estimators"": 250, ""n_jobs"": -1}",tree,full_train,112384,29022,13.400116899982097,0.2294366999994963,1.7735109700904348,6.340820938291934,0.7352729869468948,0.2557981330415435,24402,1.431591324703884,5.364390877786018,1.0469628406265556,-0.7265481294638791,,,,completed,0,,,,42,False
cv_log_target_rf_250_depth_none_leaf_20_maxfeat_sqrt_core_with_lag,cv-log_target,,log_target,RandomForest,tree,core_with_lag,log_target,fold_2,1997,2006,2007,2008,"{""max_depth"": null, ""max_features"": ""sqrt"", ""min_samples_leaf"": 20, ""n_estimators"": 250, ""n_jobs"": -1}",tree,full_train,141406,30096,19.735127499967348,0.2513522999943234,1.6273338583425516,6.158254900968505,0.7444539013140625,0.2583707760920344,25723,1.337704510959484,5.478026534031849,1.0556765933106236,-0.571657265031928,,,,completed,0,,,,42,False
cv_log_target_rf_250_depth_none_leaf_20_maxfeat_sqrt_core_with_lag,cv-log_target,,log_target,RandomForest,tree,core_with_lag,log_target,fold_3,1997,2008,2009,2010,"{""max_depth"": null, ""max_features"": ""sqrt"", ""min_samples_leaf"": 20, ""n_estimators"": 250, ""n_jobs"": -1}",tree,full_train,171502,30662,23.68239910004195,0.2138853999786079,1.6308241591958716,6.356730453954166,0.7518077049021553,0.269538837333903,25900,1.5624072850524824,6.253948891136566,1.1219907041916857,-0.5088334550041862,,,,completed,0,,,,42,False
