model,epoch,train_mse_scaled,validation_mse_scaled
MLP small [64] ReLU,1,0.9720598621845246,0.34065213799476624
MLP small [64] ReLU,2,0.9022635104227066,0.2861937880516052
MLP small [64] ReLU,3,0.8312188592290878,0.22679919004440308
MLP small [64] ReLU,4,0.7632453170490265,0.17748712003231049
MLP small [64] ReLU,5,0.7148731589317322,0.14843910932540894
MLP small [64] ReLU,6,0.6830895032405854,0.12867258489131927
MLP small [64] ReLU,7,0.6668612108612061,0.1348923146724701
MLP small [64] ReLU,8,0.6531724713730812,0.12073522061109543
MLP small [64] ReLU,9,0.6392175057983398,0.1108764037489891
MLP small [64] ReLU,10,0.6276984769129753,0.10873036086559296
MLP small [64] ReLU,11,0.6173109426522255,0.10810649394989014
MLP small [64] ReLU,12,0.6079609199333191,0.10579061508178711
MLP small [64] ReLU,13,0.6005891735756397,0.10321684926748276
MLP small [64] ReLU,14,0.5915894055747986,0.09831053018569946
MLP small [64] ReLU,15,0.5844329467391968,0.10172826796770096
MLP small [64] ReLU,16,0.5771373215675354,0.09796033054590225
MLP small [64] ReLU,17,0.5698014710330963,0.09575509279966354
MLP small [64] ReLU,18,0.563000979514122,0.09941206127405167
MLP small [64] ReLU,19,0.5579276699054241,0.09711721539497375
MLP small [64] ReLU,20,0.5508170229721069,0.09591510891914368
MLP small [64] ReLU,21,0.5450811789488792,0.09767076373100281
MLP small [64] ReLU,22,0.5399083338737488,0.0960850790143013
MLP small [64] ReLU,23,0.5344624763333797,0.09884706884622574
MLP small [64] ReLU,24,0.5277861654663086,0.09598047286272049
MLP small [64] ReLU,25,0.5217458589434624,0.09500383585691452
MLP small [64] ReLU,26,0.5164488029265404,0.09379130601882935
MLP small [64] ReLU,27,0.5099889079236984,0.09325619786977768
MLP small [64] ReLU,28,0.5041721796536446,0.09455504268407822
MLP small [64] ReLU,29,0.4991775717353821,0.09404648095369339
MLP small [64] ReLU,30,0.49273845230102536,0.09330548346042633
MLP small [64] ReLU,31,0.4866568982458115,0.0940079614520073
MLP small [64] ReLU,32,0.4789716938042641,0.09438693523406982
MLP small [64] ReLU,33,0.47314698998808863,0.09228718280792236
MLP small [64] ReLU,34,0.46696577713012694,0.09279134124517441
MLP small [64] ReLU,35,0.46014878445625307,0.09436220675706863
MLP small [64] ReLU,36,0.4536467269039154,0.09374687820672989
MLP small [64] ReLU,37,0.4483756718599796,0.09428620338439941
MLP small [64] ReLU,38,0.44175908996105195,0.09325998276472092
MLP small [64] ReLU,39,0.4351317750930786,0.09496354311704636
MLP small [64] ReLU,40,0.42734832313537596,0.09496837854385376
MLP small [64] ReLU,41,0.4213361579418182,0.10143278539180756
MLP small [64] ReLU,42,0.41513442663431166,0.0953867956995964
MLP small [64] ReLU,43,0.4103398585128784,0.09964749962091446
MLP small [64] ReLU,44,0.4057901235127449,0.10306767374277115
MLP small [64] ReLU,45,0.3958241604793072,0.09627984464168549
MLP small [64] ReLU,46,0.3879857170176506,0.0996563509106636
MLP small [64] ReLU,47,0.3820455888140202,0.09771689027547836
MLP small [64] ReLU,48,0.3773822868871689,0.09754898399114609
"MLP medium [128, 64] ReLU",1,0.9840811724185944,0.3355593681335449
"MLP medium [128, 64] ReLU",2,0.863916790060997,0.21129637956619263
"MLP medium [128, 64] ReLU",3,0.7157885815501213,0.14514046907424927
"MLP medium [128, 64] ReLU",4,0.6451576559066773,0.115012027323246
"MLP medium [128, 64] ReLU",5,0.5941939973998069,0.10701830685138702
"MLP medium [128, 64] ReLU",6,0.5638380179047584,0.10074867308139801
"MLP medium [128, 64] ReLU",7,0.5437503371167183,0.10491543263196945
"MLP medium [128, 64] ReLU",8,0.5213292375707627,0.11139638721942902
"MLP medium [128, 64] ReLU",9,0.48833872685670854,0.10638618469238281
"MLP medium [128, 64] ReLU",10,0.470661115834713,0.11804820597171783
"MLP medium [128, 64] ReLU",11,0.42331152577281,0.11692609637975693
"MLP medium [128, 64] ReLU",12,0.3842616374206543,0.1036737933754921
"MLP medium [128, 64] ReLU",13,0.3439220515441895,0.09923072904348373
"MLP medium [128, 64] ReLU",14,0.30407450975418093,0.11422573029994965
"MLP medium [128, 64] ReLU",15,0.2654609762763977,0.10088788717985153
"MLP medium [128, 64] ReLU",16,0.23601777180552483,0.09296257048845291
"MLP medium [128, 64] ReLU",17,0.19790909592628478,0.0981857180595398
"MLP medium [128, 64] ReLU",18,0.16283667179107666,0.08761943876743317
"MLP medium [128, 64] ReLU",19,0.16674616916656493,0.09185715764760971
"MLP medium [128, 64] ReLU",20,0.13383365821838378,0.09658873826265335
"MLP medium [128, 64] ReLU",21,0.11417330125331879,0.09123595058917999
"MLP medium [128, 64] ReLU",22,0.11507707491874695,0.08929553627967834
"MLP medium [128, 64] ReLU",23,0.10730972578525544,0.08233122527599335
"MLP medium [128, 64] ReLU",24,0.09747387825369835,0.08000563830137253
"MLP medium [128, 64] ReLU",25,0.08517008918225766,0.08198889344930649
"MLP medium [128, 64] ReLU",26,0.0808176012301445,0.07763408869504929
"MLP medium [128, 64] ReLU",27,0.0742697138261795,0.07759600877761841
"MLP medium [128, 64] ReLU",28,0.07645162812232971,0.07321032881736755
"MLP medium [128, 64] ReLU",29,0.07072947645783424,0.07660787552595139
"MLP medium [128, 64] ReLU",30,0.06645078788161278,0.07271682471036911
"MLP medium [128, 64] ReLU",31,0.06391896367430687,0.07520736008882523
"MLP medium [128, 64] ReLU",32,0.05687431650042534,0.07391431927680969
"MLP medium [128, 64] ReLU",33,0.05456293032974005,0.0725485160946846
"MLP medium [128, 64] ReLU",34,0.051332047094702724,0.07050979882478714
"MLP medium [128, 64] ReLU",35,0.04955018944263458,0.07348352670669556
"MLP medium [128, 64] ReLU",36,0.049646398216485976,0.07417771220207214
"MLP medium [128, 64] ReLU",37,0.0464088289219141,0.0710633397102356
"MLP medium [128, 64] ReLU",38,0.0421567051255703,0.07090514898300171
"MLP medium [128, 64] ReLU",39,0.04127270378112793,0.07237119972705841
"MLP medium [128, 64] ReLU",40,0.0392004555284977,0.07056522369384766
"MLP medium [128, 64] ReLU",41,0.03787713892996311,0.07305313646793365
"MLP medium [128, 64] ReLU",42,0.035066063717603686,0.07004709541797638
"MLP medium [128, 64] ReLU",43,0.032521267703175545,0.07224884629249573
"MLP medium [128, 64] ReLU",44,0.035218078657388685,0.0715334564447403
"MLP medium [128, 64] ReLU",45,0.032191726591885086,0.06882421672344208
"MLP medium [128, 64] ReLU",46,0.02985100617289543,0.07165659219026566
"MLP medium [128, 64] ReLU",47,0.029471470054686068,0.07064680010080338
"MLP medium [128, 64] ReLU",48,0.02757865202307701,0.07080117613077164
"MLP medium [128, 64] ReLU",49,0.026730787776708603,0.06875734776258469
"MLP medium [128, 64] ReLU",50,0.026927215046286583,0.07215190678834915
"MLP medium [128, 64] ReLU",51,0.027221269287467004,0.06945984065532684
"MLP medium [128, 64] ReLU",52,0.026322010028362274,0.07169536501169205
"MLP medium [128, 64] ReLU",53,0.024437241691350937,0.07357529550790787
"MLP medium [128, 64] ReLU",54,0.02425250844836235,0.07007446885108948
"MLP medium [128, 64] ReLU",55,0.023968360635638238,0.07175145298242569
"MLP medium [128, 64] ReLU",56,0.023613906704485415,0.07092637568712234
"MLP medium [128, 64] ReLU",57,0.022945562707185747,0.07224626839160919
"MLP medium [128, 64] ReLU",58,0.023185882405638694,0.07127299904823303
"MLP medium [128, 64] ReLU",59,0.02177354613304138,0.07148434966802597
"MLP medium [128, 64] ReLU",60,0.021037910691201686,0.07014745473861694
"MLP medium [128, 64] ReLU",61,0.020408121354579926,0.06970061361789703
"MLP medium [128, 64] ReLU",62,0.020453555895090104,0.0706285834312439
"MLP medium [128, 64] ReLU",63,0.02009794314444065,0.07006949931383133
"MLP medium [128, 64] ReLU",64,0.01992046819448471,0.06929481774568558
"MLP deep [256, 128, 64] ReLU",1,0.9719205955219269,0.3291919529438019
"MLP deep [256, 128, 64] ReLU",2,0.7722847465515137,0.14765091240406036
"MLP deep [256, 128, 64] ReLU",3,0.5996194693756104,0.11967352032661438
"MLP deep [256, 128, 64] ReLU",4,0.5451442826032639,0.1381635069847107
"MLP deep [256, 128, 64] ReLU",5,0.4662091710662842,0.1262919008731842
"MLP deep [256, 128, 64] ReLU",6,0.4197098577427864,0.1348082572221756
"MLP deep [256, 128, 64] ReLU",7,0.30802526034832,0.11367896944284439
"MLP deep [256, 128, 64] ReLU",8,0.21604747274398803,0.11434338241815567
"MLP deep [256, 128, 64] ReLU",9,0.15134852291822434,0.09175954759120941
"MLP deep [256, 128, 64] ReLU",10,0.1478339928984642,0.1066870242357254
"MLP deep [256, 128, 64] ReLU",11,0.12181097425460816,0.08119621872901917
"MLP deep [256, 128, 64] ReLU",12,0.08734301319122315,0.0785292461514473
"MLP deep [256, 128, 64] ReLU",13,0.07876234914064408,0.08303800970315933
"MLP deep [256, 128, 64] ReLU",14,0.07813872662305832,0.0742403045296669
"MLP deep [256, 128, 64] ReLU",15,0.05782542218446732,0.07213769108057022
"MLP deep [256, 128, 64] ReLU",16,0.058662818274497985,0.07143818587064743
"MLP deep [256, 128, 64] ReLU",17,0.0491628511184454,0.07214127480983734
"MLP deep [256, 128, 64] ReLU",18,0.04787203371405602,0.07142090797424316
"MLP deep [256, 128, 64] ReLU",19,0.043879548441171645,0.0672517791390419
"MLP deep [256, 128, 64] ReLU",20,0.04593216690182686,0.07978343218564987
"MLP deep [256, 128, 64] ReLU",21,0.04432548463702202,0.06875590234994888
"MLP deep [256, 128, 64] ReLU",22,0.04681710597634316,0.06851765513420105
"MLP deep [256, 128, 64] ReLU",23,0.052309755271673204,0.0670645609498024
"MLP deep [256, 128, 64] ReLU",24,0.04559504005551338,0.06935689598321915
"MLP deep [256, 128, 64] ReLU",25,0.044414018594026564,0.07128823548555374
"MLP deep [256, 128, 64] ReLU",26,0.04312878641963005,0.069332554936409
"MLP deep [256, 128, 64] ReLU",27,0.039712711592316624,0.06877052783966064
"MLP deep [256, 128, 64] ReLU",28,0.03386483620524407,0.06759373843669891
"MLP deep [256, 128, 64] ReLU",29,0.031393620371222494,0.06726012378931046
"MLP deep [256, 128, 64] ReLU",30,0.026805148424506188,0.06650266796350479
"MLP deep [256, 128, 64] ReLU",31,0.024982777363061905,0.06780693680047989
"MLP deep [256, 128, 64] ReLU",32,0.025190116886794567,0.07115504890680313
"MLP deep [256, 128, 64] ReLU",33,0.02370638740301132,0.07098818570375443
"MLP deep [256, 128, 64] ReLU",34,0.023713659162521362,0.06959459185600281
"MLP deep [256, 128, 64] ReLU",35,0.023128134254813193,0.06849051266908646
"MLP deep [256, 128, 64] ReLU",36,0.028519712336063385,0.06837951391935349
"MLP deep [256, 128, 64] ReLU",37,0.027465549748539923,0.07009904831647873
"MLP deep [256, 128, 64] ReLU",38,0.024858914895057677,0.06692543625831604
"MLP deep [256, 128, 64] ReLU",39,0.040533224424123764,0.07241269946098328
"MLP deep [256, 128, 64] ReLU",40,0.08835165699958801,0.0777546837925911
"MLP deep [256, 128, 64] ReLU",41,0.042971203075051305,0.07197682559490204
"MLP deep [256, 128, 64] ReLU",42,0.02550354321360588,0.06830941885709763
"MLP deep [256, 128, 64] ReLU",43,0.021225131638646127,0.0695975124835968
"MLP deep [256, 128, 64] ReLU",44,0.01921405312538147,0.07188312709331512
"MLP deep [256, 128, 64] ReLU",45,0.01953771557033062,0.06954064965248108
"MLP medium [128, 64] Tanh",1,0.9561443492794037,0.30093124508857727
"MLP medium [128, 64] Tanh",2,0.8379714063453675,0.19638080894947052
"MLP medium [128, 64] Tanh",3,0.7263949779891968,0.16011007130146027
"MLP medium [128, 64] Tanh",4,0.7062010987091064,0.1448320597410202
"MLP medium [128, 64] Tanh",5,0.6993791086792945,0.1417526751756668
"MLP medium [128, 64] Tanh",6,0.695274849512577,0.13671523332595825
"MLP medium [128, 64] Tanh",7,0.6935088485336304,0.1411534547805786
"MLP medium [128, 64] Tanh",8,0.689356450996399,0.13318577408790588
"MLP medium [128, 64] Tanh",9,0.6809579797387123,0.12185783684253693
"MLP medium [128, 64] Tanh",10,0.6657074868392945,0.11547119170427322
"MLP medium [128, 64] Tanh",11,0.648237466135025,0.11191306263208389
"MLP medium [128, 64] Tanh",12,0.6347802551221847,0.12237648665904999
"MLP medium [128, 64] Tanh",13,0.6230787054061889,0.11618258059024811
"MLP medium [128, 64] Tanh",14,0.6134231892585754,0.11565538495779037
"MLP medium [128, 64] Tanh",15,0.6054903351140022,0.11761864274740219
"MLP medium [128, 64] Tanh",16,0.5972922157096863,0.11276262253522873
"MLP medium [128, 64] Tanh",17,0.5888450101852417,0.11506027728319168
"MLP medium [128, 64] Tanh",18,0.5807418856048584,0.11346477270126343
"MLP medium [128, 64] Tanh",19,0.571973380279541,0.11399868130683899
"MLP medium [128, 64] Tanh",20,0.5627400541377068,0.11431601643562317
"MLP medium [128, 64] Tanh",21,0.551760557706356,0.11243916302919388
"MLP medium [128, 64] Tanh",22,0.543586285547018,0.11648115515708923
"MLP medium [128, 64] Tanh",23,0.5338430997228623,0.11369291692972183
"MLP medium [128, 64] Tanh",24,0.5251184066319465,0.11843985319137573
"MLP medium [128, 64] Tanh",25,0.5143997899246215,0.11412033438682556
"MLP medium [128, 64] Tanh",26,0.509261657898426,0.11885298043489456
