district_id,raw_state_name,raw_district_name,canonical_state_name,canonical_district_name,valid_from,valid_to,latitude,longitude,point_method,match_method,match_status,geometry_source,coordinate_source,crop_rows,unique_years,unique_crops,unique_seasons,notes
IND_ANDAMAN_AND_NICOBAR_ISLANDS_ANDAMAN_AND_NICOBAR_ISLANDS,Andaman and Nicobar Islands,Andaman and Nicobar Islands,,,2007,2009,,,,,pending,,,72,3,20,5,
IND_ANDAMAN_AND_NICOBAR_ISLANDS_NICOBARS,Andaman and Nicobar Islands,NICOBARS,,,2000,2014,,,,,pending,,,209,12,19,4,
IND_ANDAMAN_AND_NICOBAR_ISLANDS_NORTH_AND_MIDDLE_ANDAMAN,Andaman and Nicobar Islands,NORTH AND MIDDLE ANDAMAN,,,2000,2014,,,,,pending,,,184,8,25,5,
IND_ANDAMAN_AND_NICOBAR_ISLANDS_SOUTH_ANDAMANS,Andaman and Nicobar Islands,SOUTH ANDAMANS,,,2002,2014,,,,,pending,,,225,10,24,5,
IND_ANDHRA_PRADESH_ADILABAD,Andhra Pradesh,ADILABAD,,,1997,2012,,,,,pending,,,548,16,38,3,
IND_ANDHRA_PRADESH_ANANTAPUR,Andhra Pradesh,ANANTAPUR,,,1997,2014,,,,,pending,,,1474,18,60,3,
IND_ANDHRA_PRADESH_CHITTOOR,Andhra Pradesh,CHITTOOR,,,1997,2014,,,,,pending,,,1469,18,60,3,
IND_ANDHRA_PRADESH_EAST_GODAVARI,Andhra Pradesh,EAST GODAVARI,,,1997,2014,,,,,pending,,,1423,18,63,3,
IND_ANDHRA_PRADESH_GUNTUR,Andhra Pradesh,GUNTUR,,,1997,2014,,,,,pending,,,1290,18,54,3,
IND_ANDHRA_PRADESH_HYDERABAD,Andhra Pradesh,HYDERABAD,,,1997,2000,,,,,pending,,,8,4,2,2,
IND_ANDHRA_PRADESH_KADAPA,Andhra Pradesh,KADAPA,,,1997,2014,,,,,pending,,,1542,18,63,3,
IND_ANDHRA_PRADESH_KARIMNAGAR,Andhra Pradesh,KARIMNAGAR,,,1997,2012,,,,,pending,,,486,16,32,3,
IND_ANDHRA_PRADESH_KHAMMAM,Andhra Pradesh,KHAMMAM,,,1997,2012,,,,,pending,,,506,16,36,3,
IND_ANDHRA_PRADESH_KRISHNA,Andhra Pradesh,KRISHNA,,,1997,2014,,,,,pending,,,1192,18,57,3,
IND_ANDHRA_PRADESH_KURNOOL,Andhra Pradesh,KURNOOL,,,1997,2014,,,,,pending,,,1553,18,62,3,
IND_ANDHRA_PRADESH_MAHBUBNAGAR,Andhra Pradesh,MAHBUBNAGAR,,,1997,2012,,,,,pending,,,560,16,36,3,
IND_ANDHRA_PRADESH_MEDAK,Andhra Pradesh,MEDAK,,,1997,2012,,,,,pending,,,597,16,40,3,
IND_ANDHRA_PRADESH_NALGONDA,Andhra Pradesh,NALGONDA,,,1997,2012,,,,,pending,,,447,16,32,3,
IND_ANDHRA_PRADESH_NIZAMABAD,Andhra Pradesh,NIZAMABAD,,,1997,2012,,,,,pending,,,560,16,37,3,
IND_ANDHRA_PRADESH_PRAKASAM,Andhra Pradesh,PRAKASAM,,,1997,2014,,,,,pending,,,1514,18,60,3,
IND_ANDHRA_PRADESH_RANGAREDDI,Andhra Pradesh,RANGAREDDI,,,1997,2012,,,,,pending,,,580,16,39,3,
IND_ANDHRA_PRADESH_SPSR_NELLORE,Andhra Pradesh,SPSR NELLORE,,,1997,2014,,,,,pending,,,1287,18,54,3,
IND_ANDHRA_PRADESH_SRIKAKULAM,Andhra Pradesh,SRIKAKULAM,,,1997,2014,,,,,pending,,,1297,18,53,3,
IND_ANDHRA_PRADESH_VISAKHAPATANAM,Andhra Pradesh,VISAKHAPATANAM,,,1997,2014,,,,,pending,,,1539,18,60,3,
IND_ANDHRA_PRADESH_VIZIANAGARAM,Andhra Pradesh,VIZIANAGARAM,,,1997,2014,,,,,pending,,,1388,18,57,3,
IND_ANDHRA_PRADESH_WARANGAL,Andhra Pradesh,WARANGAL,,,1997,2012,,,,,pending,,,485,16,30,3,
IND_ANDHRA_PRADESH_WEST_GODAVARI,Andhra Pradesh,WEST GODAVARI,,,1997,2014,,,,,pending,,,1083,18,56,3,
IND_ARUNACHAL_PRADESH_ANJAW,Arunachal Pradesh,ANJAW,,,2004,2014,,,,,pending,,,204,11,11,3,
IND_ARUNACHAL_PRADESH_CHANGLANG,Arunachal Pradesh,CHANGLANG,,,1997,2014,,,,,pending,,,373,18,17,3,
IND_ARUNACHAL_PRADESH_DIBANG_VALLEY,Arunachal Pradesh,DIBANG VALLEY,,,1997,2014,,,,,pending,,,289,18,17,3,
IND_ARUNACHAL_PRADESH_EAST_KAMENG,Arunachal Pradesh,EAST KAMENG,,,1997,2014,,,,,pending,,,311,18,17,3,
IND_ARUNACHAL_PRADESH_EAST_SIANG,Arunachal Pradesh,EAST SIANG,,,1997,2014,,,,,pending,,,375,18,17,3,
IND_ARUNACHAL_PRADESH_KURUNG_KUMEY,Arunachal Pradesh,KURUNG KUMEY,,,2002,2014,,,,,pending,,,197,13,12,3,
IND_ARUNACHAL_PRADESH_LOHIT,Arunachal Pradesh,LOHIT,,,1997,2014,,,,,pending,,,375,18,17,3,
IND_ARUNACHAL_PRADESH_LONGDING,Arunachal Pradesh,LONGDING,,,2013,2014,,,,,pending,,,26,2,8,2,
IND_ARUNACHAL_PRADESH_LOWER_DIBANG_VALLEY,Arunachal Pradesh,LOWER DIBANG VALLEY,,,2002,2014,,,,,pending,,,259,13,12,3,
IND_ARUNACHAL_PRADESH_LOWER_SUBANSIRI,Arunachal Pradesh,LOWER SUBANSIRI,,,1997,2014,,,,,pending,,,335,18,17,3,
IND_ARUNACHAL_PRADESH_NAMSAI,Arunachal Pradesh,NAMSAI,,,2014,2014,,,,,pending,,,2,1,1,1,
IND_ARUNACHAL_PRADESH_PAPUM_PARE,Arunachal Pradesh,PAPUM PARE,,,1997,2014,,,,,pending,,,361,18,17,3,
IND_ARUNACHAL_PRADESH_TAWANG,Arunachal Pradesh,TAWANG,,,1997,2014,,,,,pending,,,313,18,15,3,
IND_ARUNACHAL_PRADESH_TIRAP,Arunachal Pradesh,TIRAP,,,1997,2014,,,,,pending,,,315,18,16,3,
IND_ARUNACHAL_PRADESH_UPPER_SIANG,Arunachal Pradesh,UPPER SIANG,,,1997,2014,,,,,pending,,,287,18,16,3,
IND_ARUNACHAL_PRADESH_UPPER_SUBANSIRI,Arunachal Pradesh,UPPER SUBANSIRI,,,1997,2014,,,,,pending,,,333,18,17,3,
IND_ARUNACHAL_PRADESH_WEST_KAMENG,Arunachal Pradesh,WEST KAMENG,,,1997,2014,,,,,pending,,,301,18,14,3,
IND_ARUNACHAL_PRADESH_WEST_SIANG,Arunachal Pradesh,WEST SIANG,,,1997,2014,,,,,pending,,,367,18,17,3,
IND_ASSAM_BAKSA,Assam,BAKSA,,,2005,2014,,,,,pending,,,678,10,39,6,
IND_ASSAM_BARPETA,Assam,BARPETA,,,1997,2014,,,,,pending,,,1153,18,40,6,
IND_ASSAM_BONGAIGAON,Assam,BONGAIGAON,,,1997,2014,,,,,pending,,,1141,18,40,6,
IND_ASSAM_CACHAR,Assam,CACHAR,,,1997,2014,,,,,pending,,,1118,18,39,6,
IND_ASSAM_CHIRANG,Assam,CHIRANG,,,2005,2014,,,,,pending,,,674,10,39,6,
IND_ASSAM_DARRANG,Assam,DARRANG,,,1997,2014,,,,,pending,,,1127,18,40,6,
IND_ASSAM_DHEMAJI,Assam,DHEMAJI,,,1997,2014,,,,,pending,,,1149,18,40,6,
IND_ASSAM_DHUBRI,Assam,DHUBRI,,,1997,2014,,,,,pending,,,1115,18,40,6,
IND_ASSAM_DIBRUGARH,Assam,DIBRUGARH,,,1997,2014,,,,,pending,,,1047,18,40,6,
IND_ASSAM_DIMA_HASAO,Assam,DIMA HASAO,,,1997,2014,,,,,pending,,,1119,18,40,6,
IND_ASSAM_GOALPARA,Assam,GOALPARA,,,1997,2014,,,,,pending,,,1148,18,40,6,
IND_ASSAM_GOLAGHAT,Assam,GOLAGHAT,,,1997,2014,,,,,pending,,,1129,18,40,6,
IND_ASSAM_HAILAKANDI,Assam,HAILAKANDI,,,1997,2014,,,,,pending,,,1036,18,40,6,
IND_ASSAM_JORHAT,Assam,JORHAT,,,1997,2014,,,,,pending,,,1071,18,40,6,
IND_ASSAM_KAMRUP,Assam,KAMRUP,,,1997,2014,,,,,pending,,,1151,18,40,6,
IND_ASSAM_KAMRUP_METRO,Assam,KAMRUP METRO,,,2005,2014,,,,,pending,,,670,10,39,6,
IND_ASSAM_KARBI_ANGLONG,Assam,KARBI ANGLONG,,,1997,2014,,,,,pending,,,1146,18,39,6,
IND_ASSAM_KARIMGANJ,Assam,KARIMGANJ,,,1997,2014,,,,,pending,,,999,18,40,6,
IND_ASSAM_KOKRAJHAR,Assam,KOKRAJHAR,,,1997,2014,,,,,pending,,,1151,18,40,6,
IND_ASSAM_LAKHIMPUR,Assam,LAKHIMPUR,,,1997,2014,,,,,pending,,,1149,18,40,6,
IND_ASSAM_MARIGAON,Assam,MARIGAON,,,1997,2014,,,,,pending,,,1153,18,40,6,
IND_ASSAM_NAGAON,Assam,NAGAON,,,1997,2014,,,,,pending,,,1151,18,40,6,
IND_ASSAM_NALBARI,Assam,NALBARI,,,1997,2014,,,,,pending,,,1151,18,40,6,
IND_ASSAM_SIVASAGAR,Assam,SIVASAGAR,,,1997,2014,,,,,pending,,,1097,18,40,6,
IND_ASSAM_SONITPUR,Assam,SONITPUR,,,1997,2014,,,,,pending,,,1149,18,40,6,
IND_ASSAM_TINSUKIA,Assam,TINSUKIA,,,1997,2014,,,,,pending,,,1107,18,40,6,
IND_ASSAM_UDALGURI,Assam,UDALGURI,,,2005,2014,,,,,pending,,,660,10,39,6,
IND_BIHAR_ARARIA,Bihar,ARARIA,,,1997,2014,,,,,pending,,,1132,18,41,6,
IND_BIHAR_ARWAL,Bihar,ARWAL,,,2003,2014,,,,,pending,,,594,11,37,6,
IND_BIHAR_AURANGABAD,Bihar,AURANGABAD,,,1997,2014,,,,,pending,,,892,18,39,6,
IND_BIHAR_BANKA,Bihar,BANKA,,,1997,2014,,,,,pending,,,874,18,38,6,
IND_BIHAR_BEGUSARAI,Bihar,BEGUSARAI,,,1997,2014,,,,,pending,,,1180,18,41,6,
IND_BIHAR_BHAGALPUR,Bihar,BHAGALPUR,,,1997,2014,,,,,pending,,,1222,18,41,6,
IND_BIHAR_BHOJPUR,Bihar,BHOJPUR,,,1997,2014,,,,,pending,,,992,18,33,6,
IND_BIHAR_BOKARO,Bihar,BOKARO,,,1997,1999,,,,,pending,,,45,3,21,6,
IND_BIHAR_BUXAR,Bihar,BUXAR,,,1997,2014,,,,,pending,,,826,18,32,6,
IND_BIHAR_CHATRA,Bihar,CHATRA,,,1997,1999,,,,,pending,,,52,3,23,6,
IND_BIHAR_DARBHANGA,Bihar,DARBHANGA,,,1997,2014,,,,,pending,,,998,18,39,6,
IND_BIHAR_DEOGHAR,Bihar,DEOGHAR,,,1997,1999,,,,,pending,,,44,3,19,6,
IND_BIHAR_DHANBAD,Bihar,DHANBAD,,,1997,1999,,,,,pending,,,33,3,15,6,
IND_BIHAR_DUMKA,Bihar,DUMKA,,,1997,1999,,,,,pending,,,59,3,24,6,
IND_BIHAR_EAST_SINGHBUM,Bihar,EAST SINGHBUM,,,1997,1999,,,,,pending,,,38,3,19,6,
IND_BIHAR_GARHWA,Bihar,GARHWA,,,1997,1999,,,,,pending,,,67,3,29,6,
IND_BIHAR_GAYA,Bihar,GAYA,,,1997,2014,,,,,pending,,,1150,18,41,6,
IND_BIHAR_GIRIDIH,Bihar,GIRIDIH,,,1997,1999,,,,,pending,,,52,3,22,6,
IND_BIHAR_GODDA,Bihar,GODDA,,,1997,1999,,,,,pending,,,61,3,25,6,
IND_BIHAR_GOPALGANJ,Bihar,GOPALGANJ,,,1997,2014,,,,,pending,,,1044,18,38,6,
IND_BIHAR_GUMLA,Bihar,GUMLA,,,1997,1999,,,,,pending,,,61,3,26,6,
IND_BIHAR_HAZARIBAGH,Bihar,HAZARIBAGH,,,1997,1999,,,,,pending,,,63,3,27,6,
IND_BIHAR_JAMUI,Bihar,JAMUI,,,1997,2014,,,,,pending,,,754,18,30,6,
IND_BIHAR_JEHANABAD,Bihar,JEHANABAD,,,1997,2014,,,,,pending,,,952,18,40,6,
IND_BIHAR_KAIMUR_BHABUA,Bihar,KAIMUR (BHABUA),,,1997,2014,,,,,pending,,,806,18,37,6,
IND_BIHAR_KATIHAR,Bihar,KATIHAR,,,1997,2014,,,,,pending,,,1158,18,43,6,
IND_BIHAR_KHAGARIA,Bihar,KHAGARIA,,,1997,2014,,,,,pending,,,1156,18,40,6,
IND_BIHAR_KISHANGANJ,Bihar,KISHANGANJ,,,1997,2014,,,,,pending,,,1097,18,42,6,
IND_BIHAR_KODERMA,Bihar,KODERMA,,,1997,1999,,,,,pending,,,49,3,25,5,
IND_BIHAR_LAKHISARAI,Bihar,LAKHISARAI,,,1997,2014,,,,,pending,,,548,18,28,6,
IND_BIHAR_LOHARDAGA,Bihar,LOHARDAGA,,,1997,1999,,,,,pending,,,65,3,28,6,
IND_BIHAR_MADHEPURA,Bihar,MADHEPURA,,,1997,2014,,,,,pending,,,1078,18,42,6,
IND_BIHAR_MADHUBANI,Bihar,MADHUBANI,,,1997,2014,,,,,pending,,,1174,18,41,6,
IND_BIHAR_MUNGER,Bihar,MUNGER,,,1997,2014,,,,,pending,,,816,18,34,6,
IND_BIHAR_MUZAFFARPUR,Bihar,MUZAFFARPUR,,,1997,2014,,,,,pending,,,1108,18,41,6,
IND_BIHAR_NALANDA,Bihar,NALANDA,,,1997,2014,,,,,pending,,,920,18,36,6,
IND_BIHAR_NAWADA,Bihar,NAWADA,,,1997,2014,,,,,pending,,,1036,18,41,6,
IND_BIHAR_PAKUR,Bihar,PAKUR,,,1997,1999,,,,,pending,,,53,3,23,6,
IND_BIHAR_PALAMU,Bihar,PALAMU,,,1997,1999,,,,,pending,,,65,3,27,6,
IND_BIHAR_PASHCHIM_CHAMPARAN,Bihar,PASHCHIM CHAMPARAN,,,1997,2014,,,,,pending,,,1148,18,40,6,
IND_BIHAR_PATNA,Bihar,PATNA,,,1997,2014,,,,,pending,,,906,18,33,6,
IND_BIHAR_PURBI_CHAMPARAN,Bihar,PURBI CHAMPARAN,,,1997,2014,,,,,pending,,,1099,18,39,6,
IND_BIHAR_PURNIA,Bihar,PURNIA,,,1997,2014,,,,,pending,,,1092,18,42,6,
IND_BIHAR_RANCHI,Bihar,RANCHI,,,1997,1999,,,,,pending,,,73,3,34,6,
IND_BIHAR_ROHTAS,Bihar,ROHTAS,,,1997,2014,,,,,pending,,,996,18,39,6,
IND_BIHAR_SAHARSA,Bihar,SAHARSA,,,1997,2014,,,,,pending,,,1010,18,39,6,
IND_BIHAR_SAHEBGANJ,Bihar,SAHEBGANJ,,,1997,1999,,,,,pending,,,52,3,23,6,
IND_BIHAR_SAMASTIPUR,Bihar,SAMASTIPUR,,,1997,2014,,,,,pending,,,1154,18,42,6,
IND_BIHAR_SARAN,Bihar,SARAN,,,1997,2014,,,,,pending,,,1010,18,37,6,
IND_BIHAR_SHEIKHPURA,Bihar,SHEIKHPURA,,,1997,2014,,,,,pending,,,592,18,28,6,
IND_BIHAR_SHEOHAR,Bihar,SHEOHAR,,,1997,2014,,,,,pending,,,834,18,35,6,
IND_BIHAR_SITAMARHI,Bihar,SITAMARHI,,,1997,2014,,,,,pending,,,1059,18,41,6,
IND_BIHAR_SIWAN,Bihar,SIWAN,,,1997,2014,,,,,pending,,,1100,18,42,6,
IND_BIHAR_SUPAUL,Bihar,SUPAUL,,,1997,2014,,,,,pending,,,1092,18,41,6,
IND_BIHAR_VAISHALI,Bihar,VAISHALI,,,1997,2014,,,,,pending,,,1144,18,41,6,
IND_BIHAR_WEST_SINGHBHUM,Bihar,WEST SINGHBHUM,,,1997,1999,,,,,pending,,,57,3,25,6,
IND_CHANDIGARH_CHANDIGARH,Chandigarh,CHANDIGARH,,,1998,2014,,,,,pending,,,198,17,12,3,
IND_CHHATTISGARH_BALOD,Chhattisgarh,BALOD,,,2011,2014,,,,,pending,,,264,4,36,3,
IND_CHHATTISGARH_BALODA_BAZAR,Chhattisgarh,BALODA BAZAR,,,2011,2014,,,,,pending,,,296,4,38,3,
IND_CHHATTISGARH_BALRAMPUR,Chhattisgarh,BALRAMPUR,,,2011,2014,,,,,pending,,,320,4,40,4,
IND_CHHATTISGARH_BASTAR,Chhattisgarh,BASTAR,,,2000,2014,,,,,pending,,,1150,15,42,3,
IND_CHHATTISGARH_BEMETARA,Chhattisgarh,BEMETARA,,,2011,2014,,,,,pending,,,276,4,38,3,
IND_CHHATTISGARH_BIJAPUR,Chhattisgarh,BIJAPUR,,,2006,2014,,,,,pending,,,412,9,30,3,
IND_CHHATTISGARH_BILASPUR,Chhattisgarh,BILASPUR,,,2000,2014,,,,,pending,,,1150,15,41,3,
IND_CHHATTISGARH_DANTEWADA,Chhattisgarh,DANTEWADA,,,2000,2014,,,,,pending,,,918,15,38,3,
IND_CHHATTISGARH_DHAMTARI,Chhattisgarh,DHAMTARI,,,2000,2014,,,,,pending,,,1099,15,40,3,
IND_CHHATTISGARH_DURG,Chhattisgarh,DURG,,,2000,2014,,,,,pending,,,1118,15,43,3,
IND_CHHATTISGARH_GARIYABAND,Chhattisgarh,GARIYABAND,,,2011,2014,,,,,pending,,,302,4,39,3,
IND_CHHATTISGARH_JANJGIR_CHAMPA,Chhattisgarh,JANJGIR-CHAMPA,,,2000,2014,,,,,pending,,,1098,15,38,3,
IND_CHHATTISGARH_JASHPUR,Chhattisgarh,JASHPUR,,,2000,2014,,,,,pending,,,1124,15,41,3,
IND_CHHATTISGARH_KABIRDHAM,Chhattisgarh,KABIRDHAM,,,2000,2014,,,,,pending,,,983,15,40,3,
IND_CHHATTISGARH_KANKER,Chhattisgarh,KANKER,,,2000,2014,,,,,pending,,,1084,15,40,3,
IND_CHHATTISGARH_KONDAGAON,Chhattisgarh,KONDAGAON,,,2011,2014,,,,,pending,,,276,4,38,3,
IND_CHHATTISGARH_KORBA,Chhattisgarh,KORBA,,,2000,2014,,,,,pending,,,1074,15,38,3,
IND_CHHATTISGARH_KOREA,Chhattisgarh,KOREA,,,2000,2014,,,,,pending,,,939,15,39,3,
IND_CHHATTISGARH_MAHASAMUND,Chhattisgarh,MAHASAMUND,,,2000,2014,,,,,pending,,,1041,15,41,3,
IND_CHHATTISGARH_MUNGELI,Chhattisgarh,MUNGELI,,,2011,2014,,,,,pending,,,246,4,32,3,
IND_CHHATTISGARH_NARAYANPUR,Chhattisgarh,NARAYANPUR,,,2005,2014,,,,,pending,,,400,10,32,3,
IND_CHHATTISGARH_RAIGARH,Chhattisgarh,RAIGARH,,,2000,2014,,,,,pending,,,1157,15,41,3,
IND_CHHATTISGARH_RAIPUR,Chhattisgarh,RAIPUR,,,2000,2014,,,,,pending,,,1148,15,42,3,
IND_CHHATTISGARH_RAJNANDGAON,Chhattisgarh,RAJNANDGAON,,,2000,2014,,,,,pending,,,1206,15,43,3,
IND_CHHATTISGARH_SUKMA,Chhattisgarh,SUKMA,,,2011,2014,,,,,pending,,,212,4,30,3,
IND_CHHATTISGARH_SURAJPUR,Chhattisgarh,SURAJPUR,,,2011,2014,,,,,pending,,,292,4,38,3,
IND_CHHATTISGARH_SURGUJA,Chhattisgarh,SURGUJA,,,2000,2014,,,,,pending,,,1130,15,43,3,
IND_DADRA_AND_NAGAR_HAVELI_DADRA_AND_NAGAR_HAVELI,Dadra and Nagar Haveli,DADRA AND NAGAR HAVELI,,,1998,2014,,,,,pending,,,526,17,22,3,
IND_DAMAN_AND_DIU_DAMAN,Daman and Diu,DAMAN,,,2013,2014,,,,,pending,,,2,2,1,1,
IND_DAMAN_AND_DIU_DIU,Daman and Diu,DIU,,,2013,2014,,,,,pending,,,2,2,1,1,
IND_DAMAN_AND_DIU_DAMAN_AND_DIU,Daman and Diu,Daman and Diu,,,1998,2012,,,,,pending,,,30,15,2,1,
IND_DELHI_DELHI_TOTAL,Delhi,DELHI_TOTAL,,,2008,2014,,,,,pending,,,62,7,9,3,
IND_DELHI_DELHI,Delhi,Delhi,,,1998,2007,,,,,pending,,,105,10,12,3,
IND_GOA_GOA,Goa,Goa,,,1998,2003,,,,,pending,,,84,6,12,3,
IND_GOA_NORTH_GOA,Goa,NORTH GOA,,,1997,2014,,,,,pending,,,206,12,16,3,
IND_GOA_SOUTH_GOA,Goa,SOUTH GOA,,,1997,2014,,,,,pending,,,192,12,16,3,
IND_GUJARAT_AHMADABAD,Gujarat,AHMADABAD,,,1997,2014,,,,,pending,,,786,18,31,4,
IND_GUJARAT_AMRELI,Gujarat,AMRELI,,,1997,2014,,,,,pending,,,734,18,32,4,
IND_GUJARAT_ANAND,Gujarat,ANAND,,,2003,2014,,,,,pending,,,546,12,29,4,
IND_GUJARAT_ARAVALLI,Gujarat,ARAVALLI,,,2014,2014,,,,,pending,,,27,1,21,4,
IND_GUJARAT_BANAS_KANTHA,Gujarat,BANAS KANTHA,,,1997,2014,,,,,pending,,,843,18,31,4,
IND_GUJARAT_BHARUCH,Gujarat,BHARUCH,,,1997,2014,,,,,pending,,,856,18,33,4,
IND_GUJARAT_BHAVNAGAR,Gujarat,BHAVNAGAR,,,1997,2014,,,,,pending,,,731,18,31,4,
IND_GUJARAT_BOTAD,Gujarat,BOTAD,,,2014,2014,,,,,pending,,,18,1,15,4,
IND_GUJARAT_CHHOTAUDEPUR,Gujarat,CHHOTAUDEPUR,,,2014,2014,,,,,pending,,,30,1,23,4,
IND_GUJARAT_DANG,Gujarat,DANG,,,1997,2014,,,,,pending,,,488,18,26,4,
IND_GUJARAT_DEVBHUMI_DWARKA,Gujarat,DEVBHUMI DWARKA,,,2014,2014,,,,,pending,,,20,1,16,4,
IND_GUJARAT_DOHAD,Gujarat,DOHAD,,,2003,2014,,,,,pending,,,481,12,26,4,
IND_GUJARAT_GANDHINAGAR,Gujarat,GANDHINAGAR,,,1997,2014,,,,,pending,,,698,18,27,4,
IND_GUJARAT_GIR_SOMNATH,Gujarat,GIR SOMNATH,,,2014,2014,,,,,pending,,,23,1,18,4,
IND_GUJARAT_JAMNAGAR,Gujarat,JAMNAGAR,,,1997,2014,,,,,pending,,,773,18,29,4,
IND_GUJARAT_JUNAGADH,Gujarat,JUNAGADH,,,1997,2014,,,,,pending,,,773,18,31,4,
IND_GUJARAT_KACHCHH,Gujarat,KACHCHH,,,1997,2014,,,,,pending,,,670,18,29,4,
IND_GUJARAT_KHEDA,Gujarat,KHEDA,,,1997,2014,,,,,pending,,,968,18,33,4,
IND_GUJARAT_MAHESANA,Gujarat,MAHESANA,,,1997,2014,,,,,pending,,,895,18,31,4,
IND_GUJARAT_MAHISAGAR,Gujarat,MAHISAGAR,,,2014,2014,,,,,pending,,,33,1,25,4,
IND_GUJARAT_MORBI,Gujarat,MORBI,,,2014,2014,,,,,pending,,,23,1,18,4,
IND_GUJARAT_NARMADA,Gujarat,NARMADA,,,2003,2014,,,,,pending,,,460,12,28,4,
IND_GUJARAT_NAVSARI,Gujarat,NAVSARI,,,2003,2014,,,,,pending,,,461,12,27,4,
IND_GUJARAT_PANCH_MAHALS,Gujarat,PANCH MAHALS,,,1997,2014,,,,,pending,,,1014,18,34,4,
IND_GUJARAT_PATAN,Gujarat,PATAN,,,2003,2014,,,,,pending,,,446,12,28,4,
IND_GUJARAT_PORBANDAR,Gujarat,PORBANDAR,,,2003,2014,,,,,pending,,,372,12,24,4,
IND_GUJARAT_RAJKOT,Gujarat,RAJKOT,,,1997,2014,,,,,pending,,,740,18,29,4,
IND_GUJARAT_SABAR_KANTHA,Gujarat,SABAR KANTHA,,,1997,2014,,,,,pending,,,837,18,30,4,
IND_GUJARAT_SURAT,Gujarat,SURAT,,,1997,2014,,,,,pending,,,864,18,34,4,
IND_GUJARAT_SURENDRANAGAR,Gujarat,SURENDRANAGAR,,,1997,2014,,,,,pending,,,708,18,30,4,
IND_GUJARAT_TAPI,Gujarat,TAPI,,,2008,2014,,,,,pending,,,291,7,26,4,
IND_GUJARAT_VADODARA,Gujarat,VADODARA,,,1997,2014,,,,,pending,,,984,18,33,4,
IND_GUJARAT_VALSAD,Gujarat,VALSAD,,,1997,2014,,,,,pending,,,620,18,28,4,
IND_HARYANA_AMBALA,Haryana,AMBALA,,,1997,2014,,,,,pending,,,436,18,33,3,
IND_HARYANA_BHIWANI,Haryana,BHIWANI,,,1997,2014,,,,,pending,,,520,18,30,3,
IND_HARYANA_CHARKI_DADRI,Haryana,CHARKI DADRI,,,2014,2014,,,,,pending,,,2,1,2,1,
IND_HARYANA_FARIDABAD,Haryana,FARIDABAD,,,1997,2014,,,,,pending,,,409,18,32,3,
IND_HARYANA_FATEHABAD,Haryana,FATEHABAD,,,1997,2014,,,,,pending,,,510,18,30,3,
IND_HARYANA_GURGAON,Haryana,GURGAON,,,1997,2014,,,,,pending,,,430,18,31,3,
IND_HARYANA_HISAR,Haryana,HISAR,,,1997,2014,,,,,pending,,,556,18,35,3,
IND_HARYANA_JHAJJAR,Haryana,JHAJJAR,,,1997,2014,,,,,pending,,,453,18,28,3,
IND_HARYANA_JIND,Haryana,JIND,,,1997,2014,,,,,pending,,,411,18,31,3,
IND_HARYANA_KAITHAL,Haryana,KAITHAL,,,1997,2014,,,,,pending,,,424,18,32,3,
IND_HARYANA_KARNAL,Haryana,KARNAL,,,1997,2014,,,,,pending,,,491,18,35,3,
IND_HARYANA_KURUKSHETRA,Haryana,KURUKSHETRA,,,1997,2014,,,,,pending,,,406,18,30,3,
IND_HARYANA_MAHENDRAGARH,Haryana,MAHENDRAGARH,,,1997,2014,,,,,pending,,,349,18,28,3,
IND_HARYANA_MEWAT,Haryana,MEWAT,,,2005,2014,,,,,pending,,,212,10,23,3,
IND_HARYANA_PALWAL,Haryana,PALWAL,,,2008,2014,,,,,pending,,,134,7,20,3,
IND_HARYANA_PANCHKULA,Haryana,PANCHKULA,,,1997,2014,,,,,pending,,,496,18,35,3,
IND_HARYANA_PANIPAT,Haryana,PANIPAT,,,1997,2014,,,,,pending,,,424,18,34,3,
IND_HARYANA_REWARI,Haryana,REWARI,,,1997,2014,,,,,pending,,,407,18,29,3,
IND_HARYANA_ROHTAK,Haryana,ROHTAK,,,1997,2014,,,,,pending,,,450,18,32,3,
IND_HARYANA_SIRSA,Haryana,SIRSA,,,1997,2014,,,,,pending,,,496,18,29,3,
IND_HARYANA_SONIPAT,Haryana,SONIPAT,,,1997,2014,,,,,pending,,,483,18,33,3,
IND_HARYANA_YAMUNANAGAR,Haryana,YAMUNANAGAR,,,1997,2014,,,,,pending,,,483,18,33,3,
IND_HIMACHAL_PRADESH_BILASPUR,Himachal Pradesh,BILASPUR,,,1998,2014,,,,,pending,,,528,17,34,3,
IND_HIMACHAL_PRADESH_CHAMBA,Himachal Pradesh,CHAMBA,,,1998,2014,,,,,pending,,,543,17,32,3,
IND_HIMACHAL_PRADESH_HAMIRPUR,Himachal Pradesh,HAMIRPUR,,,1998,2014,,,,,pending,,,455,17,32,3,
IND_HIMACHAL_PRADESH_KANGRA,Himachal Pradesh,KANGRA,,,1998,2014,,,,,pending,,,649,17,35,3,
IND_HIMACHAL_PRADESH_KINNAUR,Himachal Pradesh,KINNAUR,,,1998,2014,,,,,pending,,,270,17,17,3,
IND_HIMACHAL_PRADESH_KULLU,Himachal Pradesh,KULLU,,,1998,2014,,,,,pending,,,532,17,28,3,
IND_HIMACHAL_PRADESH_LAHUL_AND_SPITI,Himachal Pradesh,LAHUL AND SPITI,,,1998,2014,,,,,pending,,,191,17,10,3,
IND_HIMACHAL_PRADESH_MANDI,Himachal Pradesh,MANDI,,,1998,2014,,,,,pending,,,648,17,33,3,
IND_HIMACHAL_PRADESH_SHIMLA,Himachal Pradesh,SHIMLA,,,1998,2014,,,,,pending,,,633,17,31,3,
IND_HIMACHAL_PRADESH_SIRMAUR,Himachal Pradesh,SIRMAUR,,,1998,2014,,,,,pending,,,650,17,33,3,
IND_HIMACHAL_PRADESH_SOLAN,Himachal Pradesh,SOLAN,,,1998,2014,,,,,pending,,,544,17,30,3,
IND_HIMACHAL_PRADESH_UNA,Himachal Pradesh,UNA,,,1998,2014,,,,,pending,,,503,17,31,3,
IND_JAMMU_AND_KASHMIR_ANANTNAG,Jammu and Kashmir,ANANTNAG,,,1997,2014,,,,,pending,,,240,17,20,3,
IND_JAMMU_AND_KASHMIR_BADGAM,Jammu and Kashmir,BADGAM,,,1997,2014,,,,,pending,,,280,17,22,3,
IND_JAMMU_AND_KASHMIR_BANDIPORA,Jammu and Kashmir,BANDIPORA,,,2007,2014,,,,,pending,,,95,8,17,2,
IND_JAMMU_AND_KASHMIR_BARAMULLA,Jammu and Kashmir,BARAMULLA,,,1997,2014,,,,,pending,,,229,17,26,3,
IND_JAMMU_AND_KASHMIR_DODA,Jammu and Kashmir,DODA,,,1997,2014,,,,,pending,,,300,17,27,3,
IND_JAMMU_AND_KASHMIR_GANDERBAL,Jammu and Kashmir,GANDERBAL,,,2007,2014,,,,,pending,,,60,8,11,2,
IND_JAMMU_AND_KASHMIR_JAMMU,Jammu and Kashmir,JAMMU,,,1997,2014,,,,,pending,,,461,17,40,3,
IND_JAMMU_AND_KASHMIR_KARGIL,Jammu and Kashmir,KARGIL,,,1997,2014,,,,,pending,,,104,16,17,3,
IND_JAMMU_AND_KASHMIR_KATHUA,Jammu and Kashmir,KATHUA,,,1997,2014,,,,,pending,,,459,17,38,3,
IND_JAMMU_AND_KASHMIR_KISHTWAR,Jammu and Kashmir,KISHTWAR,,,2007,2014,,,,,pending,,,118,8,18,2,
IND_JAMMU_AND_KASHMIR_KULGAM,Jammu and Kashmir,KULGAM,,,2007,2014,,,,,pending,,,99,8,15,2,
IND_JAMMU_AND_KASHMIR_KUPWARA,Jammu and Kashmir,KUPWARA,,,1997,2014,,,,,pending,,,112,15,12,3,
IND_JAMMU_AND_KASHMIR_LEH_LADAKH,Jammu and Kashmir,LEH LADAKH,,,1997,2014,,,,,pending,,,190,17,22,3,
IND_JAMMU_AND_KASHMIR_POONCH,Jammu and Kashmir,POONCH,,,1997,2014,,,,,pending,,,189,17,18,3,
IND_JAMMU_AND_KASHMIR_PULWAMA,Jammu and Kashmir,PULWAMA,,,1997,2014,,,,,pending,,,253,17,17,3,
IND_JAMMU_AND_KASHMIR_RAJAURI,Jammu and Kashmir,RAJAURI,,,1997,2014,,,,,pending,,,296,17,35,3,
IND_JAMMU_AND_KASHMIR_RAMBAN,Jammu and Kashmir,RAMBAN,,,2007,2014,,,,,pending,,,46,8,5,2,
IND_JAMMU_AND_KASHMIR_REASI,Jammu and Kashmir,REASI,,,2007,2014,,,,,pending,,,152,8,29,2,
IND_JAMMU_AND_KASHMIR_SAMBA,Jammu and Kashmir,SAMBA,,,2007,2014,,,,,pending,,,154,8,26,2,
IND_JAMMU_AND_KASHMIR_SHOPIAN,Jammu and Kashmir,SHOPIAN,,,2007,2014,,,,,pending,,,58,8,8,2,
IND_JAMMU_AND_KASHMIR_SRINAGAR,Jammu and Kashmir,SRINAGAR,,,1997,2014,,,,,pending,,,277,17,26,3,
IND_JAMMU_AND_KASHMIR_UDHAMPUR,Jammu and Kashmir,UDHAMPUR,,,1997,2014,,,,,pending,,,417,17,34,3,
IND_JHARKHAND_BOKARO,Jharkhand,BOKARO,,,2002,2014,,,,,pending,,,156,13,9,3,
IND_JHARKHAND_CHATRA,Jharkhand,CHATRA,,,2002,2014,,,,,pending,,,196,13,12,5,
IND_JHARKHAND_DEOGHAR,Jharkhand,DEOGHAR,,,2002,2014,,,,,pending,,,166,13,10,3,
IND_JHARKHAND_DHANBAD,Jharkhand,DHANBAD,,,2002,2014,,,,,pending,,,128,13,9,3,
IND_JHARKHAND_DUMKA,Jharkhand,DUMKA,,,2002,2014,,,,,pending,,,190,13,10,4,
IND_JHARKHAND_EAST_SINGHBUM,Jharkhand,EAST SINGHBUM,,,2002,2014,,,,,pending,,,156,13,12,4,
IND_JHARKHAND_GARHWA,Jharkhand,GARHWA,,,2002,2014,,,,,pending,,,209,13,13,5,
IND_JHARKHAND_GIRIDIH,Jharkhand,GIRIDIH,,,2002,2014,,,,,pending,,,184,13,9,4,
IND_JHARKHAND_GODDA,Jharkhand,GODDA,,,2002,2014,,,,,pending,,,212,13,12,5,
IND_JHARKHAND_GUMLA,Jharkhand,GUMLA,,,2002,2014,,,,,pending,,,210,13,12,5,
IND_JHARKHAND_HAZARIBAGH,Jharkhand,HAZARIBAGH,,,2002,2014,,,,,pending,,,232,13,13,5,
IND_JHARKHAND_JAMTARA,Jharkhand,JAMTARA,,,2003,2014,,,,,pending,,,156,12,9,3,
IND_JHARKHAND_KHUNTI,Jharkhand,KHUNTI,,,2008,2014,,,,,pending,,,82,7,11,3,
IND_JHARKHAND_KODERMA,Jharkhand,KODERMA,,,2002,2014,,,,,pending,,,189,13,12,5,
IND_JHARKHAND_LATEHAR,Jharkhand,LATEHAR,,,2003,2014,,,,,pending,,,196,12,12,5,
IND_JHARKHAND_LOHARDAGA,Jharkhand,LOHARDAGA,,,2002,2014,,,,,pending,,,200,13,12,5,
IND_JHARKHAND_PAKUR,Jharkhand,PAKUR,,,2002,2014,,,,,pending,,,176,13,11,5,
IND_JHARKHAND_PALAMU,Jharkhand,PALAMU,,,2002,2014,,,,,pending,,,222,13,13,5,
IND_JHARKHAND_RAMGARH,Jharkhand,RAMGARH,,,2008,2014,,,,,pending,,,79,7,9,3,
IND_JHARKHAND_RANCHI,Jharkhand,RANCHI,,,2002,2014,,,,,pending,,,217,13,11,5,
IND_JHARKHAND_SAHEBGANJ,Jharkhand,SAHEBGANJ,,,2002,2014,,,,,pending,,,170,13,12,5,
IND_JHARKHAND_SARAIKELA_KHARSAWAN,Jharkhand,SARAIKELA KHARSAWAN,,,2003,2014,,,,,pending,,,150,12,12,5,
IND_JHARKHAND_SIMDEGA,Jharkhand,SIMDEGA,,,2003,2014,,,,,pending,,,179,12,12,5,
IND_JHARKHAND_WEST_SINGHBHUM,Jharkhand,WEST SINGHBHUM,,,2002,2014,,,,,pending,,,168,13,11,4,
IND_KARNATAKA_BAGALKOT,Karnataka,BAGALKOT,,,1998,2014,,,,,pending,,,1445,17,52,4,
IND_KARNATAKA_BANGALORE_RURAL,Karnataka,BANGALORE RURAL,,,1997,2014,,,,,pending,,,1556,18,55,4,
IND_KARNATAKA_BELGAUM,Karnataka,BELGAUM,,,1997,2014,,,,,pending,,,1827,18,58,4,
IND_KARNATAKA_BELLARY,Karnataka,BELLARY,,,1997,2014,,,,,pending,,,1752,18,55,4,
IND_KARNATAKA_BENGALURU_URBAN,Karnataka,BENGALURU URBAN,,,1997,2014,,,,,pending,,,1319,18,50,4,
IND_KARNATAKA_BIDAR,Karnataka,BIDAR,,,1997,2014,,,,,pending,,,1541,18,54,4,
IND_KARNATAKA_BIJAPUR,Karnataka,BIJAPUR,,,1997,2014,,,,,pending,,,1380,18,45,4,
IND_KARNATAKA_CHAMARAJANAGAR,Karnataka,CHAMARAJANAGAR,,,1998,2014,,,,,pending,,,1663,17,56,4,
IND_KARNATAKA_CHIKBALLAPUR,Karnataka,CHIKBALLAPUR,,,2007,2014,,,,,pending,,,656,8,34,4,
IND_KARNATAKA_CHIKMAGALUR,Karnataka,CHIKMAGALUR,,,1997,2014,,,,,pending,,,1619,18,58,4,
IND_KARNATAKA_CHITRADURGA,Karnataka,CHITRADURGA,,,1997,2014,,,,,pending,,,1656,18,55,4,
IND_KARNATAKA_DAKSHIN_KANNAD,Karnataka,DAKSHIN KANNAD,,,1997,2014,,,,,pending,,,714,18,37,4,
IND_KARNATAKA_DAVANGERE,Karnataka,DAVANGERE,,,1998,2014,,,,,pending,,,1742,17,58,4,
IND_KARNATAKA_DHARWAD,Karnataka,DHARWAD,,,1997,2014,,,,,pending,,,1624,18,57,4,
IND_KARNATAKA_GADAG,Karnataka,GADAG,,,1998,2014,,,,,pending,,,1493,17,52,4,
IND_KARNATAKA_GULBARGA,Karnataka,GULBARGA,,,1997,2014,,,,,pending,,,1645,18,55,4,
IND_KARNATAKA_HASSAN,Karnataka,HASSAN,,,1997,2014,,,,,pending,,,1767,18,57,4,
IND_KARNATAKA_HAVERI,Karnataka,HAVERI,,,1998,2014,,,,,pending,,,1714,17,57,4,
IND_KARNATAKA_KODAGU,Karnataka,KODAGU,,,1997,2014,,,,,pending,,,825,18,45,4,
IND_KARNATAKA_KOLAR,Karnataka,KOLAR,,,1997,2014,,,,,pending,,,1234,18,49,4,
IND_KARNATAKA_KOPPAL,Karnataka,KOPPAL,,,1998,2014,,,,,pending,,,1341,17,44,4,
IND_KARNATAKA_MANDYA,Karnataka,MANDYA,,,1997,2014,,,,,pending,,,1531,18,55,4,
IND_KARNATAKA_MYSORE,Karnataka,MYSORE,,,1997,2014,,,,,pending,,,1640,18,58,4,
IND_KARNATAKA_RAICHUR,Karnataka,RAICHUR,,,1997,2014,,,,,pending,,,1365,18,47,4,
IND_KARNATAKA_RAMANAGARA,Karnataka,RAMANAGARA,,,2007,2014,,,,,pending,,,620,8,39,4,
IND_KARNATAKA_SHIMOGA,Karnataka,SHIMOGA,,,1997,2014,,,,,pending,,,1625,18,58,4,
IND_KARNATAKA_TUMKUR,Karnataka,TUMKUR,,,1997,2014,,,,,pending,,,1837,18,59,4,
IND_KARNATAKA_UDUPI,Karnataka,UDUPI,,,1998,2014,,,,,pending,,,738,17,37,4,
IND_KARNATAKA_UTTAR_KANNAD,Karnataka,UTTAR KANNAD,,,1997,2014,,,,,pending,,,1325,18,49,4,
IND_KARNATAKA_YADGIR,Karnataka,YADGIR,,,2010,2014,,,,,pending,,,420,5,29,4,
IND_KERALA_ALAPPUZHA,Kerala,ALAPPUZHA,,,1997,2014,,,,,pending,,,526,18,30,5,
IND_KERALA_ERNAKULAM,Kerala,ERNAKULAM,,,1997,2014,,,,,pending,,,507,18,31,5,
IND_KERALA_IDUKKI,Kerala,IDUKKI,,,1997,2014,,,,,pending,,,636,18,40,5,
IND_KERALA_KANNUR,Kerala,KANNUR,,,1997,2014,,,,,pending,,,500,18,31,5,
IND_KERALA_KASARAGOD,Kerala,KASARAGOD,,,1997,2014,,,,,pending,,,558,18,37,5,
IND_KERALA_KOLLAM,Kerala,KOLLAM,,,1997,2014,,,,,pending,,,502,18,33,5,
IND_KERALA_KOTTAYAM,Kerala,KOTTAYAM,,,1997,2014,,,,,pending,,,532,18,32,5,
IND_KERALA_KOZHIKODE,Kerala,KOZHIKODE,,,1997,2014,,,,,pending,,,476,18,29,5,
IND_KERALA_MALAPPURAM,Kerala,MALAPPURAM,,,1997,2014,,,,,pending,,,543,18,34,5,
IND_KERALA_PALAKKAD,Kerala,PALAKKAD,,,1997,2014,,,,,pending,,,710,18,42,5,
IND_KERALA_PATHANAMTHITTA,Kerala,PATHANAMTHITTA,,,1997,2014,,,,,pending,,,515,18,31,5,
IND_KERALA_THIRUVANANTHAPURAM,Kerala,THIRUVANANTHAPURAM,,,1997,2014,,,,,pending,,,481,18,34,5,
IND_KERALA_THRISSUR,Kerala,THRISSUR,,,1997,2014,,,,,pending,,,510,18,34,5,
IND_KERALA_WAYANAD,Kerala,WAYANAD,,,1997,2014,,,,,pending,,,534,18,37,4,
IND_MADHYA_PRADESH_AGAR_MALWA,Madhya Pradesh,AGAR MALWA,,,2013,2014,,,,,pending,,,68,2,30,3,
IND_MADHYA_PRADESH_ALIRAJPUR,Madhya Pradesh,ALIRAJPUR,,,2008,2014,,,,,pending,,,368,7,32,3,
IND_MADHYA_PRADESH_ANUPPUR,Madhya Pradesh,ANUPPUR,,,2002,2014,,,,,pending,,,678,13,50,3,
IND_MADHYA_PRADESH_ASHOKNAGAR,Madhya Pradesh,ASHOKNAGAR,,,2003,2014,,,,,pending,,,580,12,47,3,
IND_MADHYA_PRADESH_BALAGHAT,Madhya Pradesh,BALAGHAT,,,1997,2014,,,,,pending,,,1130,18,58,3,
IND_MADHYA_PRADESH_BARWANI,Madhya Pradesh,BARWANI,,,1998,2014,,,,,pending,,,958,17,55,3,
IND_MADHYA_PRADESH_BASTAR,Madhya Pradesh,BASTAR,,,1997,1999,,,,,pending,,,44,3,25,3,
IND_MADHYA_PRADESH_BETUL,Madhya Pradesh,BETUL,,,1997,2014,,,,,pending,,,1002,18,56,3,
IND_MADHYA_PRADESH_BHIND,Madhya Pradesh,BHIND,,,1997,2014,,,,,pending,,,775,18,50,3,
IND_MADHYA_PRADESH_BHOPAL,Madhya Pradesh,BHOPAL,,,1997,2014,,,,,pending,,,802,18,49,3,
IND_MADHYA_PRADESH_BILASPUR,Madhya Pradesh,BILASPUR,,,1997,1999,,,,,pending,,,44,3,25,3,
IND_MADHYA_PRADESH_BURHANPUR,Madhya Pradesh,BURHANPUR,,,2003,2014,,,,,pending,,,662,12,51,3,
IND_MADHYA_PRADESH_CHHATARPUR,Madhya Pradesh,CHHATARPUR,,,1997,2014,,,,,pending,,,1018,18,54,3,
IND_MADHYA_PRADESH_CHHINDWARA,Madhya Pradesh,CHHINDWARA,,,1997,2014,,,,,pending,,,1131,18,58,3,
IND_MADHYA_PRADESH_DAMOH,Madhya Pradesh,DAMOH,,,1997,2014,,,,,pending,,,975,18,52,3,
IND_MADHYA_PRADESH_DANTEWADA,Madhya Pradesh,DANTEWADA,,,1998,1999,,,,,pending,,,31,2,24,3,
IND_MADHYA_PRADESH_DATIA,Madhya Pradesh,DATIA,,,1997,2014,,,,,pending,,,855,18,50,3,
IND_MADHYA_PRADESH_DEWAS,Madhya Pradesh,DEWAS,,,1997,2014,,,,,pending,,,919,18,55,3,
IND_MADHYA_PRADESH_DHAMTARI,Madhya Pradesh,DHAMTARI,,,1998,1999,,,,,pending,,,28,2,20,3,
IND_MADHYA_PRADESH_DHAR,Madhya Pradesh,DHAR,,,1997,2014,,,,,pending,,,1095,18,59,3,
IND_MADHYA_PRADESH_DINDORI,Madhya Pradesh,DINDORI,,,1998,2014,,,,,pending,,,806,17,43,3,
IND_MADHYA_PRADESH_DURG,Madhya Pradesh,DURG,,,1997,1999,,,,,pending,,,43,3,23,3,
IND_MADHYA_PRADESH_GUNA,Madhya Pradesh,GUNA,,,1997,2014,,,,,pending,,,880,18,50,3,
IND_MADHYA_PRADESH_GWALIOR,Madhya Pradesh,GWALIOR,,,1997,2014,,,,,pending,,,783,18,45,3,
IND_MADHYA_PRADESH_HARDA,Madhya Pradesh,HARDA,,,1998,2014,,,,,pending,,,928,17,55,3,
IND_MADHYA_PRADESH_HOSHANGABAD,Madhya Pradesh,HOSHANGABAD,,,1997,2014,,,,,pending,,,1060,18,60,3,
IND_MADHYA_PRADESH_INDORE,Madhya Pradesh,INDORE,,,1997,2014,,,,,pending,,,810,18,50,3,
IND_MADHYA_PRADESH_JABALPUR,Madhya Pradesh,JABALPUR,,,1997,2014,,,,,pending,,,987,18,54,3,
IND_MADHYA_PRADESH_JANJGIR_CHAMPA,Madhya Pradesh,JANJGIR-CHAMPA,,,1998,1999,,,,,pending,,,29,2,21,3,
IND_MADHYA_PRADESH_JASHPUR,Madhya Pradesh,JASHPUR,,,1998,1999,,,,,pending,,,30,2,22,3,
IND_MADHYA_PRADESH_JHABUA,Madhya Pradesh,JHABUA,,,1997,2014,,,,,pending,,,942,18,54,3,
IND_MADHYA_PRADESH_KABIRDHAM,Madhya Pradesh,KABIRDHAM,,,1998,1998,,,,,pending,,,12,1,12,3,
IND_MADHYA_PRADESH_KANKER,Madhya Pradesh,KANKER,,,1998,1999,,,,,pending,,,31,2,23,3,
IND_MADHYA_PRADESH_KATNI,Madhya Pradesh,KATNI,,,1998,2014,,,,,pending,,,923,17,52,3,
IND_MADHYA_PRADESH_KHANDWA,Madhya Pradesh,KHANDWA,,,1997,2014,,,,,pending,,,1123,18,62,3,
IND_MADHYA_PRADESH_KHARGONE,Madhya Pradesh,KHARGONE,,,1997,2014,,,,,pending,,,1012,18,58,3,
IND_MADHYA_PRADESH_KORBA,Madhya Pradesh,KORBA,,,1998,1999,,,,,pending,,,29,2,21,3,
IND_MADHYA_PRADESH_KOREA,Madhya Pradesh,KOREA,,,1998,1999,,,,,pending,,,29,2,22,3,
IND_MADHYA_PRADESH_MAHASAMUND,Madhya Pradesh,MAHASAMUND,,,1998,1999,,,,,pending,,,29,2,21,3,
IND_MADHYA_PRADESH_MANDLA,Madhya Pradesh,MANDLA,,,1997,2014,,,,,pending,,,953,18,48,3,
IND_MADHYA_PRADESH_MANDSAUR,Madhya Pradesh,MANDSAUR,,,1997,2014,,,,,pending,,,866,18,55,3,
IND_MADHYA_PRADESH_MORENA,Madhya Pradesh,MORENA,,,1997,2014,,,,,pending,,,766,18,43,3,
IND_MADHYA_PRADESH_NARSINGHPUR,Madhya Pradesh,NARSINGHPUR,,,1997,2014,,,,,pending,,,972,18,54,3,
IND_MADHYA_PRADESH_NEEMUCH,Madhya Pradesh,NEEMUCH,,,1998,2014,,,,,pending,,,802,17,51,3,
IND_MADHYA_PRADESH_PANNA,Madhya Pradesh,PANNA,,,1997,2014,,,,,pending,,,956,18,55,3,
IND_MADHYA_PRADESH_RAIPUR,Madhya Pradesh,RAIPUR,,,1997,1999,,,,,pending,,,46,3,25,3,
IND_MADHYA_PRADESH_RAISEN,Madhya Pradesh,RAISEN,,,1997,2014,,,,,pending,,,949,18,54,3,
IND_MADHYA_PRADESH_RAJGARH,Madhya Pradesh,RAJGARH,,,1997,2014,,,,,pending,,,835,18,58,3,
IND_MADHYA_PRADESH_RAJNANDGAON,Madhya Pradesh,RAJNANDGAON,,,1997,1999,,,,,pending,,,45,3,26,3,
IND_MADHYA_PRADESH_RATLAM,Madhya Pradesh,RATLAM,,,1997,2014,,,,,pending,,,976,18,57,3,
IND_MADHYA_PRADESH_REWA,Madhya Pradesh,REWA,,,1997,2014,,,,,pending,,,996,18,56,3,
IND_MADHYA_PRADESH_SAGAR,Madhya Pradesh,SAGAR,,,1997,2014,,,,,pending,,,1036,18,57,3,
IND_MADHYA_PRADESH_SATNA,Madhya Pradesh,SATNA,,,1997,2014,,,,,pending,,,976,18,56,3,
IND_MADHYA_PRADESH_SEHORE,Madhya Pradesh,SEHORE,,,1997,2014,,,,,pending,,,886,18,51,3,
IND_MADHYA_PRADESH_SEONI,Madhya Pradesh,SEONI,,,1997,2014,,,,,pending,,,1067,18,58,3,
IND_MADHYA_PRADESH_SHAHDOL,Madhya Pradesh,SHAHDOL,,,1997,2014,,,,,pending,,,1004,18,58,3,
IND_MADHYA_PRADESH_SHAJAPUR,Madhya Pradesh,SHAJAPUR,,,1997,2014,,,,,pending,,,882,18,54,3,
IND_MADHYA_PRADESH_SHEOPUR,Madhya Pradesh,SHEOPUR,,,1998,2014,,,,,pending,,,736,17,42,3,
IND_MADHYA_PRADESH_SHIVPURI,Madhya Pradesh,SHIVPURI,,,1997,2014,,,,,pending,,,948,18,54,3,
IND_MADHYA_PRADESH_SIDHI,Madhya Pradesh,SIDHI,,,1997,2014,,,,,pending,,,976,18,55,3,
IND_MADHYA_PRADESH_SINGRAULI,Madhya Pradesh,SINGRAULI,,,2008,2014,,,,,pending,,,373,7,35,3,
IND_MADHYA_PRADESH_SURGUJA,Madhya Pradesh,SURGUJA,,,1997,1999,,,,,pending,,,45,3,25,3,
IND_MADHYA_PRADESH_TIKAMGARH,Madhya Pradesh,TIKAMGARH,,,1997,2014,,,,,pending,,,957,18,53,3,
IND_MADHYA_PRADESH_UJJAIN,Madhya Pradesh,UJJAIN,,,1997,2014,,,,,pending,,,888,18,57,3,
IND_MADHYA_PRADESH_UMARIA,Madhya Pradesh,UMARIA,,,1998,2014,,,,,pending,,,866,17,48,3,
IND_MADHYA_PRADESH_VIDISHA,Madhya Pradesh,VIDISHA,,,1997,2014,,,,,pending,,,872,18,52,3,
IND_MAHARASHTRA_AHMEDNAGAR,Maharashtra,AHMEDNAGAR,,,1997,2014,,,,,pending,,,1010,18,35,5,
IND_MAHARASHTRA_AKOLA,Maharashtra,AKOLA,,,1997,2014,,,,,pending,,,722,18,31,4,
IND_MAHARASHTRA_AMRAVATI,Maharashtra,AMRAVATI,,,1997,2014,,,,,pending,,,820,18,34,4,
IND_MAHARASHTRA_AURANGABAD,Maharashtra,AURANGABAD,,,1997,2014,,,,,pending,,,879,18,32,4,
IND_MAHARASHTRA_BEED,Maharashtra,BEED,,,1997,2014,,,,,pending,,,964,18,34,4,
IND_MAHARASHTRA_BHANDARA,Maharashtra,BHANDARA,,,1997,2014,,,,,pending,,,585,18,29,4,
IND_MAHARASHTRA_BULDHANA,Maharashtra,BULDHANA,,,1997,2014,,,,,pending,,,826,18,34,4,
IND_MAHARASHTRA_CHANDRAPUR,Maharashtra,CHANDRAPUR,,,1997,2014,,,,,pending,,,678,18,31,4,
IND_MAHARASHTRA_DHULE,Maharashtra,DHULE,,,1997,2014,,,,,pending,,,868,18,34,5,
IND_MAHARASHTRA_GADCHIROLI,Maharashtra,GADCHIROLI,,,1997,2014,,,,,pending,,,629,18,28,4,
IND_MAHARASHTRA_GONDIA,Maharashtra,GONDIA,,,1999,2014,,,,,pending,,,472,16,25,4,
IND_MAHARASHTRA_HINGOLI,Maharashtra,HINGOLI,,,1999,2014,,,,,pending,,,786,16,30,4,
IND_MAHARASHTRA_JALGAON,Maharashtra,JALGAON,,,1997,2014,,,,,pending,,,828,18,32,5,
IND_MAHARASHTRA_JALNA,Maharashtra,JALNA,,,1997,2014,,,,,pending,,,883,18,34,4,
IND_MAHARASHTRA_KOLHAPUR,Maharashtra,KOLHAPUR,,,1997,2014,,,,,pending,,,855,18,32,4,
IND_MAHARASHTRA_LATUR,Maharashtra,LATUR,,,1997,2014,,,,,pending,,,970,18,32,4,
IND_MAHARASHTRA_MUMBAI,Maharashtra,MUMBAI,,,1997,1997,,,,,pending,,,2,1,1,1,
IND_MAHARASHTRA_NAGPUR,Maharashtra,NAGPUR,,,1997,2014,,,,,pending,,,789,18,32,4,
IND_MAHARASHTRA_NANDED,Maharashtra,NANDED,,,1997,2014,,,,,pending,,,950,18,33,4,
IND_MAHARASHTRA_NANDURBAR,Maharashtra,NANDURBAR,,,1999,2014,,,,,pending,,,786,16,30,4,
IND_MAHARASHTRA_NASHIK,Maharashtra,NASHIK,,,1997,2014,,,,,pending,,,946,18,34,5,
IND_MAHARASHTRA_OSMANABAD,Maharashtra,OSMANABAD,,,1997,2014,,,,,pending,,,962,18,34,5,
IND_MAHARASHTRA_PALGHAR,Maharashtra,PALGHAR,,,2005,2014,,,,,pending,,,23,3,12,3,
IND_MAHARASHTRA_PARBHANI,Maharashtra,PARBHANI,,,1997,2014,,,,,pending,,,971,18,34,4,
IND_MAHARASHTRA_PUNE,Maharashtra,PUNE,,,1997,2014,,,,,pending,,,1013,18,34,5,
IND_MAHARASHTRA_RAIGAD,Maharashtra,RAIGAD,,,1997,2014,,,,,pending,,,492,18,22,4,
IND_MAHARASHTRA_RATNAGIRI,Maharashtra,RATNAGIRI,,,1997,2014,,,,,pending,,,445,18,21,4,
IND_MAHARASHTRA_SANGLI,Maharashtra,SANGLI,,,1997,2014,,,,,pending,,,929,18,33,4,
IND_MAHARASHTRA_SATARA,Maharashtra,SATARA,,,1997,2014,,,,,pending,,,985,18,34,4,
IND_MAHARASHTRA_SINDHUDURG,Maharashtra,SINDHUDURG,,,1997,2014,,,,,pending,,,426,18,20,4,
IND_MAHARASHTRA_SOLAPUR,Maharashtra,SOLAPUR,,,1997,2014,,,,,pending,,,938,18,34,4,
IND_MAHARASHTRA_THANE,Maharashtra,THANE,,,1997,2014,,,,,pending,,,569,18,24,4,
IND_MAHARASHTRA_WARDHA,Maharashtra,WARDHA,,,1997,2014,,,,,pending,,,653,18,33,4,
IND_MAHARASHTRA_WASHIM,Maharashtra,WASHIM,,,1999,2014,,,,,pending,,,616,16,29,4,
IND_MAHARASHTRA_YAVATMAL,Maharashtra,YAVATMAL,,,1997,2014,,,,,pending,,,713,18,34,4,
IND_MANIPUR_BISHNUPUR,Manipur,BISHNUPUR,,,1997,2014,,,,,pending,,,419,18,45,6,
IND_MANIPUR_CHANDEL,Manipur,CHANDEL,,,1997,2014,,,,,pending,,,437,18,45,6,
IND_MANIPUR_CHURACHANDPUR,Manipur,CHURACHANDPUR,,,1997,2014,,,,,pending,,,418,18,47,6,
IND_MANIPUR_IMPHAL_EAST,Manipur,IMPHAL EAST,,,1997,2014,,,,,pending,,,374,18,46,6,
IND_MANIPUR_IMPHAL_WEST,Manipur,IMPHAL WEST,,,1997,2014,,,,,pending,,,367,18,43,6,
IND_MANIPUR_SENAPATI,Manipur,SENAPATI,,,1997,2014,,,,,pending,,,449,18,45,6,
IND_MANIPUR_TAMENGLONG,Manipur,TAMENGLONG,,,1997,2014,,,,,pending,,,349,18,43,6,
IND_MANIPUR_THOUBAL,Manipur,THOUBAL,,,1997,2014,,,,,pending,,,379,18,43,6,
IND_MANIPUR_UKHRUL,Manipur,UKHRUL,,,1997,2014,,,,,pending,,,392,18,43,6,
IND_MEGHALAYA_EAST_GARO_HILLS,Meghalaya,EAST GARO HILLS,,,1997,2014,,,,,pending,,,936,18,39,6,
IND_MEGHALAYA_EAST_JAINTIA_HILLS,Meghalaya,EAST JAINTIA HILLS,,,1997,2014,,,,,pending,,,650,18,30,6,
IND_MEGHALAYA_EAST_KHASI_HILLS,Meghalaya,EAST KHASI HILLS,,,1997,2014,,,,,pending,,,607,18,29,6,
IND_MEGHALAYA_NORTH_GARO_HILLS,Meghalaya,NORTH GARO HILLS,,,2013,2014,,,,,pending,,,117,2,30,6,
IND_MEGHALAYA_RI_BHOI,Meghalaya,RI BHOI,,,1997,2014,,,,,pending,,,603,18,30,6,
IND_MEGHALAYA_SOUTH_GARO_HILLS,Meghalaya,SOUTH GARO HILLS,,,1997,2014,,,,,pending,,,868,18,37,6,
IND_MEGHALAYA_SOUTH_WEST_GARO_HILLS,Meghalaya,SOUTH WEST GARO HILLS,,,2013,2014,,,,,pending,,,121,2,31,6,
IND_MEGHALAYA_SOUTH_WEST_KHASI_HILLS,Meghalaya,SOUTH WEST KHASI HILLS,,,2013,2014,,,,,pending,,,73,2,19,6,
IND_MEGHALAYA_WEST_GARO_HILLS,Meghalaya,WEST GARO HILLS,,,1997,2014,,,,,pending,,,964,18,40,6,
IND_MEGHALAYA_WEST_JAINTIA_HILLS,Meghalaya,WEST JAINTIA HILLS,,,2013,2014,,,,,pending,,,77,2,20,6,
IND_MEGHALAYA_WEST_KHASI_HILLS,Meghalaya,WEST KHASI HILLS,,,1997,2014,,,,,pending,,,683,18,31,6,
IND_MIZORAM_AIZAWL,Mizoram,AIZAWL,,,1997,2014,,,,,pending,,,427,18,26,4,
IND_MIZORAM_CHAMPHAI,Mizoram,CHAMPHAI,,,1997,2014,,,,,pending,,,348,18,21,4,
IND_MIZORAM_KOLASIB,Mizoram,KOLASIB,,,1997,2014,,,,,pending,,,437,18,24,4,
IND_MIZORAM_LAWNGTLAI,Mizoram,LAWNGTLAI,,,2004,2014,,,,,pending,,,184,11,20,4,
IND_MIZORAM_LUNGLEI,Mizoram,LUNGLEI,,,1997,2014,,,,,pending,,,449,18,25,4,
IND_MIZORAM_MAMIT,Mizoram,MAMIT,,,2003,2014,,,,,pending,,,287,12,23,4,
IND_MIZORAM_SAIHA,Mizoram,SAIHA,,,2003,2014,,,,,pending,,,188,12,20,4,
IND_MIZORAM_SERCHHIP,Mizoram,SERCHHIP,,,2004,2014,,,,,pending,,,136,11,14,4,
IND_NAGALAND_DIMAPUR,Nagaland,DIMAPUR,,,2000,2014,,,,,pending,,,822,15,44,3,
IND_NAGALAND_KIPHIRE,Nagaland,KIPHIRE,,,2008,2014,,,,,pending,,,342,7,40,2,
IND_NAGALAND_KOHIMA,Nagaland,KOHIMA,,,1997,2014,,,,,pending,,,848,18,47,3,
IND_NAGALAND_LONGLENG,Nagaland,LONGLENG,,,2008,2014,,,,,pending,,,306,7,39,2,
IND_NAGALAND_MOKOKCHUNG,Nagaland,MOKOKCHUNG,,,1997,2014,,,,,pending,,,856,18,48,3,
IND_NAGALAND_MON,Nagaland,MON,,,1997,2014,,,,,pending,,,867,18,49,3,
IND_NAGALAND_PEREN,Nagaland,PEREN,,,2008,2014,,,,,pending,,,354,7,35,2,
IND_NAGALAND_PHEK,Nagaland,PHEK,,,1997,2014,,,,,pending,,,830,18,46,3,
IND_NAGALAND_TUENSANG,Nagaland,TUENSANG,,,1997,2014,,,,,pending,,,774,18,47,3,
IND_NAGALAND_WOKHA,Nagaland,WOKHA,,,1997,2014,,,,,pending,,,898,18,48,3,
IND_NAGALAND_ZUNHEBOTO,Nagaland,ZUNHEBOTO,,,1997,2014,,,,,pending,,,808,18,45,3,
IND_ODISHA_ANUGUL,Odisha,ANUGUL,,,1997,2014,,,,,pending,,,947,18,35,6,
IND_ODISHA_BALANGIR,Odisha,BALANGIR,,,1997,2014,,,,,pending,,,991,18,38,6,
IND_ODISHA_BALESHWAR,Odisha,BALESHWAR,,,1997,2014,,,,,pending,,,727,18,32,6,
IND_ODISHA_BARGARH,Odisha,BARGARH,,,1997,2014,,,,,pending,,,879,18,34,6,
IND_ODISHA_BHADRAK,Odisha,BHADRAK,,,1997,2014,,,,,pending,,,653,18,28,6,
IND_ODISHA_BOUDH,Odisha,BOUDH,,,1997,2014,,,,,pending,,,909,18,34,6,
IND_ODISHA_CUTTACK,Odisha,CUTTACK,,,1997,2014,,,,,pending,,,927,18,33,6,
IND_ODISHA_DEOGARH,Odisha,DEOGARH,,,1997,2014,,,,,pending,,,891,18,32,6,
IND_ODISHA_DHENKANAL,Odisha,DHENKANAL,,,1997,2014,,,,,pending,,,897,18,32,6,
IND_ODISHA_GAJAPATI,Odisha,GAJAPATI,,,1997,2014,,,,,pending,,,871,18,37,6,
IND_ODISHA_GANJAM,Odisha,GANJAM,,,1997,2014,,,,,pending,,,1001,18,38,6,
IND_ODISHA_JAGATSINGHAPUR,Odisha,JAGATSINGHAPUR,,,1997,2014,,,,,pending,,,673,18,31,6,
IND_ODISHA_JAJAPUR,Odisha,JAJAPUR,,,1997,2014,,,,,pending,,,803,18,32,6,
IND_ODISHA_JHARSUGUDA,Odisha,JHARSUGUDA,,,1997,2014,,,,,pending,,,747,18,30,6,
IND_ODISHA_KALAHANDI,Odisha,KALAHANDI,,,1997,2014,,,,,pending,,,951,18,40,6,
IND_ODISHA_KANDHAMAL,Odisha,KANDHAMAL,,,1997,2014,,,,,pending,,,845,18,36,6,
IND_ODISHA_KENDRAPARA,Odisha,KENDRAPARA,,,1997,2014,,,,,pending,,,653,18,29,6,
IND_ODISHA_KENDUJHAR,Odisha,KENDUJHAR,,,1997,2014,,,,,pending,,,987,18,39,6,
IND_ODISHA_KHORDHA,Odisha,KHORDHA,,,1997,2014,,,,,pending,,,829,18,33,6,
IND_ODISHA_KORAPUT,Odisha,KORAPUT,,,1997,2014,,,,,pending,,,979,18,39,6,
IND_ODISHA_MALKANGIRI,Odisha,MALKANGIRI,,,1997,2014,,,,,pending,,,721,18,35,6,
IND_ODISHA_MAYURBHANJ,Odisha,MAYURBHANJ,,,1997,2014,,,,,pending,,,1009,18,38,6,
IND_ODISHA_NABARANGPUR,Odisha,NABARANGPUR,,,1997,2014,,,,,pending,,,861,18,38,6,
IND_ODISHA_NAYAGARH,Odisha,NAYAGARH,,,1997,2014,,,,,pending,,,881,18,37,6,
IND_ODISHA_NUAPADA,Odisha,NUAPADA,,,1997,2014,,,,,pending,,,913,18,40,6,
IND_ODISHA_PURI,Odisha,PURI,,,1997,2014,,,,,pending,,,649,18,30,6,
IND_ODISHA_RAYAGADA,Odisha,RAYAGADA,,,1997,2014,,,,,pending,,,987,18,35,6,
IND_ODISHA_SAMBALPUR,Odisha,SAMBALPUR,,,1997,2014,,,,,pending,,,919,18,32,6,
IND_ODISHA_SONEPUR,Odisha,SONEPUR,,,1997,2014,,,,,pending,,,833,18,34,6,
IND_ODISHA_SUNDARGARH,Odisha,SUNDARGARH,,,1997,2014,,,,,pending,,,973,18,38,6,
IND_PUDUCHERRY_KARAIKAL,Puducherry,KARAIKAL,,,1998,2014,,,,,pending,,,413,17,24,6,
IND_PUDUCHERRY_MAHE,Puducherry,MAHE,,,1998,2011,,,,,pending,,,174,14,15,3,
IND_PUDUCHERRY_PONDICHERRY,Puducherry,PONDICHERRY,,,1998,2014,,,,,pending,,,864,17,31,6,
IND_PUDUCHERRY_YANAM,Puducherry,YANAM,,,1998,2014,,,,,pending,,,242,17,17,6,
IND_PUNJAB_AMRITSAR,Punjab,AMRITSAR,,,1997,2014,,,,,pending,,,386,18,18,3,
IND_PUNJAB_BARNALA,Punjab,BARNALA,,,2007,2014,,,,,pending,,,132,8,10,3,
IND_PUNJAB_BATHINDA,Punjab,BATHINDA,,,1997,2014,,,,,pending,,,367,18,15,3,
IND_PUNJAB_FARIDKOT,Punjab,FARIDKOT,,,1997,2014,,,,,pending,,,280,18,13,3,
IND_PUNJAB_FATEHGARH_SAHIB,Punjab,FATEHGARH SAHIB,,,1997,2014,,,,,pending,,,223,18,14,3,
IND_PUNJAB_FAZILKA,Punjab,FAZILKA,,,2011,2014,,,,,pending,,,51,4,10,3,
IND_PUNJAB_FIROZEPUR,Punjab,FIROZEPUR,,,1997,2014,,,,,pending,,,384,18,19,3,
IND_PUNJAB_GURDASPUR,Punjab,GURDASPUR,,,1997,2014,,,,,pending,,,333,18,17,3,
IND_PUNJAB_HOSHIARPUR,Punjab,HOSHIARPUR,,,1997,2014,,,,,pending,,,409,18,18,3,
IND_PUNJAB_JALANDHAR,Punjab,JALANDHAR,,,1997,2014,,,,,pending,,,341,18,18,3,
IND_PUNJAB_KAPURTHALA,Punjab,KAPURTHALA,,,1997,2014,,,,,pending,,,238,18,16,3,
IND_PUNJAB_LUDHIANA,Punjab,LUDHIANA,,,1997,2014,,,,,pending,,,368,18,19,3,
IND_PUNJAB_MANSA,Punjab,MANSA,,,1997,2014,,,,,pending,,,358,18,14,3,
IND_PUNJAB_MOGA,Punjab,MOGA,,,1997,2014,,,,,pending,,,295,18,13,3,
IND_PUNJAB_MUKTSAR,Punjab,MUKTSAR,,,1997,2014,,,,,pending,,,360,18,18,3,
IND_PUNJAB_NAWANSHAHR,Punjab,NAWANSHAHR,,,1997,2014,,,,,pending,,,248,18,16,3,
IND_PUNJAB_PATHANKOT,Punjab,PATHANKOT,,,2011,2014,,,,,pending,,,52,4,10,3,
IND_PUNJAB_PATIALA,Punjab,PATIALA,,,1997,2014,,,,,pending,,,369,18,17,3,
IND_PUNJAB_RUPNAGAR,Punjab,RUPNAGAR,,,1997,2014,,,,,pending,,,331,18,18,3,
IND_PUNJAB_S,Punjab,S,,,2006,2014,,,,,pending,,,73,9,12,3,
IND_PUNJAB_S_A_S_NAGAR,Punjab,S.A.S NAGAR,,,2006,2014,,,,,pending,,,73,9,12,3,
IND_PUNJAB_SANGRUR,Punjab,SANGRUR,,,1997,2014,,,,,pending,,,425,18,20,3,
IND_PUNJAB_TARN_TARAN,Punjab,TARN TARAN,,,2006,2014,,,,,pending,,,161,9,14,3,
IND_RAJASTHAN_AJMER,Rajasthan,AJMER,,,1997,2014,,,,,pending,,,887,18,41,3,
IND_RAJASTHAN_ALWAR,Rajasthan,ALWAR,,,1997,2014,,,,,pending,,,924,18,49,3,
IND_RAJASTHAN_BANSWARA,Rajasthan,BANSWARA,,,1997,2014,,,,,pending,,,915,18,43,3,
IND_RAJASTHAN_BARAN,Rajasthan,BARAN,,,1997,2014,,,,,pending,,,900,18,46,3,
IND_RAJASTHAN_BARMER,Rajasthan,BARMER,,,1997,2014,,,,,pending,,,583,18,30,3,
IND_RAJASTHAN_BHARATPUR,Rajasthan,BHARATPUR,,,1997,2014,,,,,pending,,,950,18,45,3,
IND_RAJASTHAN_BHILWARA,Rajasthan,BHILWARA,,,1997,2014,,,,,pending,,,976,18,45,3,
IND_RAJASTHAN_BIKANER,Rajasthan,BIKANER,,,1997,2014,,,,,pending,,,721,18,39,3,
IND_RAJASTHAN_BUNDI,Rajasthan,BUNDI,,,1997,2014,,,,,pending,,,934,18,43,3,
IND_RAJASTHAN_CHITTORGARH,Rajasthan,CHITTORGARH,,,1997,2014,,,,,pending,,,1002,18,46,3,
IND_RAJASTHAN_CHURU,Rajasthan,CHURU,,,1997,2014,,,,,pending,,,571,18,31,3,
IND_RAJASTHAN_DAUSA,Rajasthan,DAUSA,,,1997,2014,,,,,pending,,,849,18,41,3,
IND_RAJASTHAN_DHOLPUR,Rajasthan,DHOLPUR,,,1997,2014,,,,,pending,,,857,18,40,3,
IND_RAJASTHAN_DUNGARPUR,Rajasthan,DUNGARPUR,,,1997,2014,,,,,pending,,,862,18,41,3,
IND_RAJASTHAN_GANGANAGAR,Rajasthan,GANGANAGAR,,,1997,2014,,,,,pending,,,862,18,43,3,
IND_RAJASTHAN_HANUMANGARH,Rajasthan,HANUMANGARH,,,1997,2014,,,,,pending,,,793,18,41,3,
IND_RAJASTHAN_JAIPUR,Rajasthan,JAIPUR,,,1997,2014,,,,,pending,,,898,18,41,3,
IND_RAJASTHAN_JAISALMER,Rajasthan,JAISALMER,,,1997,2014,,,,,pending,,,567,18,32,3,
IND_RAJASTHAN_JALORE,Rajasthan,JALORE,,,1997,2014,,,,,pending,,,806,18,42,3,
IND_RAJASTHAN_JHALAWAR,Rajasthan,JHALAWAR,,,1997,2014,,,,,pending,,,923,18,47,3,
IND_RAJASTHAN_JHUNJHUNU,Rajasthan,JHUNJHUNU,,,1997,2014,,,,,pending,,,726,18,42,3,
IND_RAJASTHAN_JODHPUR,Rajasthan,JODHPUR,,,1997,2014,,,,,pending,,,709,18,40,3,
IND_RAJASTHAN_KARAULI,Rajasthan,KARAULI,,,1997,2014,,,,,pending,,,877,18,41,3,
IND_RAJASTHAN_KOTA,Rajasthan,KOTA,,,1997,2014,,,,,pending,,,861,18,41,3,
IND_RAJASTHAN_NAGAUR,Rajasthan,NAGAUR,,,1997,2014,,,,,pending,,,782,18,42,3,
IND_RAJASTHAN_PALI,Rajasthan,PALI,,,1997,2014,,,,,pending,,,858,18,43,3,
IND_RAJASTHAN_PRATAPGARH,Rajasthan,PRATAPGARH,,,2008,2014,,,,,pending,,,290,7,33,3,
IND_RAJASTHAN_RAJSAMAND,Rajasthan,RAJSAMAND,,,1997,2014,,,,,pending,,,877,18,45,3,
IND_RAJASTHAN_SAWAI_MADHOPUR,Rajasthan,SAWAI MADHOPUR,,,1997,2014,,,,,pending,,,925,18,39,3,
IND_RAJASTHAN_SIKAR,Rajasthan,SIKAR,,,1997,2014,,,,,pending,,,792,18,42,3,
IND_RAJASTHAN_SIROHI,Rajasthan,SIROHI,,,1997,2014,,,,,pending,,,886,18,41,3,
IND_RAJASTHAN_TONK,Rajasthan,TONK,,,1997,2014,,,,,pending,,,932,18,44,3,
IND_RAJASTHAN_UDAIPUR,Rajasthan,UDAIPUR,,,1997,2014,,,,,pending,,,1001,18,43,3,
IND_SIKKIM_EAST_DISTRICT,Sikkim,EAST DISTRICT,,,1997,2014,,,,,pending,,,342,18,20,3,
IND_SIKKIM_NORTH_DISTRICT,Sikkim,NORTH DISTRICT,,,1997,2014,,,,,pending,,,330,18,19,3,
IND_SIKKIM_SOUTH_DISTRICT,Sikkim,SOUTH DISTRICT,,,1997,2014,,,,,pending,,,352,18,20,3,
IND_SIKKIM_WEST_DISTRICT,Sikkim,WEST DISTRICT,,,1997,2014,,,,,pending,,,350,18,20,3,
IND_TAMIL_NADU_ARIYALUR,Tamil Nadu,ARIYALUR,,,2009,2014,,,,,pending,,,254,6,26,3,
IND_TAMIL_NADU_COIMBATORE,Tamil Nadu,COIMBATORE,,,1997,2014,,,,,pending,,,1012,18,76,3,
IND_TAMIL_NADU_CUDDALORE,Tamil Nadu,CUDDALORE,,,1997,2014,,,,,pending,,,890,18,62,3,
IND_TAMIL_NADU_DHARMAPURI,Tamil Nadu,DHARMAPURI,,,1997,2014,,,,,pending,,,1004,18,78,3,
IND_TAMIL_NADU_DINDIGUL,Tamil Nadu,DINDIGUL,,,1997,2014,,,,,pending,,,1123,18,84,3,
IND_TAMIL_NADU_ERODE,Tamil Nadu,ERODE,,,1997,2014,,,,,pending,,,1047,18,77,3,
IND_TAMIL_NADU_KANCHIPURAM,Tamil Nadu,KANCHIPURAM,,,1997,2014,,,,,pending,,,758,18,59,3,
IND_TAMIL_NADU_KANNIYAKUMARI,Tamil Nadu,KANNIYAKUMARI,,,1997,2014,,,,,pending,,,466,18,51,3,
IND_TAMIL_NADU_KARUR,Tamil Nadu,KARUR,,,1997,2014,,,,,pending,,,888,18,61,3,
IND_TAMIL_NADU_KRISHNAGIRI,Tamil Nadu,KRISHNAGIRI,,,2002,2014,,,,,pending,,,665,13,68,3,
IND_TAMIL_NADU_MADURAI,Tamil Nadu,MADURAI,,,1997,2014,,,,,pending,,,930,18,70,3,
IND_TAMIL_NADU_NAGAPATTINAM,Tamil Nadu,NAGAPATTINAM,,,1997,2014,,,,,pending,,,579,18,51,3,
IND_TAMIL_NADU_NAMAKKAL,Tamil Nadu,NAMAKKAL,,,1997,2014,,,,,pending,,,1003,18,76,3,
IND_TAMIL_NADU_PERAMBALUR,Tamil Nadu,PERAMBALUR,,,1997,2014,,,,,pending,,,906,18,58,3,
IND_TAMIL_NADU_PUDUKKOTTAI,Tamil Nadu,PUDUKKOTTAI,,,1997,2014,,,,,pending,,,817,18,58,3,
IND_TAMIL_NADU_RAMANATHAPURAM,Tamil Nadu,RAMANATHAPURAM,,,1997,2014,,,,,pending,,,723,18,46,3,
IND_TAMIL_NADU_SALEM,Tamil Nadu,SALEM,,,1997,2014,,,,,pending,,,1062,18,82,3,
IND_TAMIL_NADU_SIVAGANGA,Tamil Nadu,SIVAGANGA,,,1997,2014,,,,,pending,,,802,18,58,3,
IND_TAMIL_NADU_THANJAVUR,Tamil Nadu,THANJAVUR,,,1997,2014,,,,,pending,,,781,18,60,3,
IND_TAMIL_NADU_THE_NILGIRIS,Tamil Nadu,THE NILGIRIS,,,1997,2014,,,,,pending,,,553,18,68,3,
IND_TAMIL_NADU_THENI,Tamil Nadu,THENI,,,1997,2014,,,,,pending,,,980,18,74,3,
IND_TAMIL_NADU_THIRUVALLUR,Tamil Nadu,THIRUVALLUR,,,1997,2014,,,,,pending,,,762,18,60,3,
IND_TAMIL_NADU_THIRUVARUR,Tamil Nadu,THIRUVARUR,,,1997,2014,,,,,pending,,,534,18,53,3,
IND_TAMIL_NADU_THOOTHUKUDI,Tamil Nadu,THOOTHUKUDI,,,1998,2014,,,,,pending,,,420,17,31,3,
IND_TAMIL_NADU_TIRUCHIRAPPALLI,Tamil Nadu,TIRUCHIRAPPALLI,,,1997,2014,,,,,pending,,,941,18,67,3,
IND_TAMIL_NADU_TIRUNELVELI,Tamil Nadu,TIRUNELVELI,,,1997,2014,,,,,pending,,,1012,18,70,3,
IND_TAMIL_NADU_TIRUPPUR,Tamil Nadu,TIRUPPUR,,,2009,2014,,,,,pending,,,270,6,29,3,
IND_TAMIL_NADU_TIRUVANNAMALAI,Tamil Nadu,TIRUVANNAMALAI,,,1997,2014,,,,,pending,,,936,18,69,3,
IND_TAMIL_NADU_TUTICORIN,Tamil Nadu,TUTICORIN,,,1997,2013,,,,,pending,,,470,17,62,3,
IND_TAMIL_NADU_VELLORE,Tamil Nadu,VELLORE,,,1997,2014,,,,,pending,,,953,18,72,3,
IND_TAMIL_NADU_VILLUPURAM,Tamil Nadu,VILLUPURAM,,,1997,2014,,,,,pending,,,942,18,66,3,
IND_TAMIL_NADU_VIRUDHUNAGAR,Tamil Nadu,VIRUDHUNAGAR,,,1997,2014,,,,,pending,,,936,18,68,3,
IND_TELANGANA_ADILABAD,Telangana,ADILABAD,,,1997,2014,,,,,pending,,,726,17,57,3,
IND_TELANGANA_HYDERABAD,Telangana,HYDERABAD,,,1997,2000,,,,,pending,,,8,4,2,2,
IND_TELANGANA_KARIMNAGAR,Telangana,KARIMNAGAR,,,1997,2014,,,,,pending,,,645,17,49,3,
IND_TELANGANA_KHAMMAM,Telangana,KHAMMAM,,,1997,2014,,,,,pending,,,660,17,52,3,
IND_TELANGANA_MAHBUBNAGAR,Telangana,MAHBUBNAGAR,,,1997,2014,,,,,pending,,,741,17,56,3,
IND_TELANGANA_MEDAK,Telangana,MEDAK,,,1997,2014,,,,,pending,,,796,17,59,3,
IND_TELANGANA_NALGONDA,Telangana,NALGONDA,,,1997,2014,,,,,pending,,,583,17,48,3,
IND_TELANGANA_NIZAMABAD,Telangana,NIZAMABAD,,,1997,2014,,,,,pending,,,709,17,59,3,
IND_TELANGANA_RANGAREDDI,Telangana,RANGAREDDI,,,1997,2014,,,,,pending,,,774,17,60,3,
IND_TELANGANA_WARANGAL,Telangana,WARANGAL,,,1997,2014,,,,,pending,,,637,17,47,3,
IND_TRIPURA_DHALAI,Tripura,DHALAI,,,1998,2014,,,,,pending,,,581,17,23,3,
IND_TRIPURA_GOMATI,Tripura,GOMATI,,,2012,2014,,,,,pending,,,122,3,19,3,
IND_TRIPURA_KHOWAI,Tripura,KHOWAI,,,2012,2014,,,,,pending,,,122,3,19,3,
IND_TRIPURA_NORTH_TRIPURA,Tripura,NORTH TRIPURA,,,1998,2014,,,,,pending,,,583,17,23,3,
IND_TRIPURA_SEPAHIJALA,Tripura,SEPAHIJALA,,,2012,2014,,,,,pending,,,114,3,18,3,
IND_TRIPURA_SOUTH_TRIPURA,Tripura,SOUTH TRIPURA,,,1998,2014,,,,,pending,,,581,17,23,3,
IND_TRIPURA_UNAKOTI,Tripura,UNAKOTI,,,2012,2014,,,,,pending,,,124,3,19,3,
IND_TRIPURA_WEST_TRIPURA,Tripura,WEST TRIPURA,,,1998,2014,,,,,pending,,,577,17,23,3,
IND_UTTAR_PRADESH_AGRA,Uttar Pradesh,AGRA,,,1997,2014,,,,,pending,,,933,18,39,4,
IND_UTTAR_PRADESH_ALIGARH,Uttar Pradesh,ALIGARH,,,1997,2014,,,,,pending,,,955,18,39,4,
IND_UTTAR_PRADESH_ALLAHABAD,Uttar Pradesh,ALLAHABAD,,,1997,2014,,,,,pending,,,939,18,39,4,
IND_UTTAR_PRADESH_ALMORA,Uttar Pradesh,ALMORA,,,1997,1999,,,,,pending,,,48,3,18,3,
IND_UTTAR_PRADESH_AMBEDKAR_NAGAR,Uttar Pradesh,AMBEDKAR NAGAR,,,1997,2014,,,,,pending,,,904,18,35,4,
IND_UTTAR_PRADESH_AMETHI,Uttar Pradesh,AMETHI,,,2010,2014,,,,,pending,,,270,5,28,3,
IND_UTTAR_PRADESH_AMROHA,Uttar Pradesh,AMROHA,,,1997,2014,,,,,pending,,,726,18,34,4,
IND_UTTAR_PRADESH_AURAIYA,Uttar Pradesh,AURAIYA,,,1997,2014,,,,,pending,,,926,18,34,4,
IND_UTTAR_PRADESH_AZAMGARH,Uttar Pradesh,AZAMGARH,,,1997,2014,,,,,pending,,,1045,18,40,4,
IND_UTTAR_PRADESH_BAGESHWAR,Uttar Pradesh,BAGESHWAR,,,1998,1999,,,,,pending,,,17,2,11,3,
IND_UTTAR_PRADESH_BAGHPAT,Uttar Pradesh,BAGHPAT,,,1997,2014,,,,,pending,,,740,18,34,4,
IND_UTTAR_PRADESH_BAHRAICH,Uttar Pradesh,BAHRAICH,,,1997,2014,,,,,pending,,,1062,18,42,4,
IND_UTTAR_PRADESH_BALLIA,Uttar Pradesh,BALLIA,,,1997,2014,,,,,pending,,,933,18,37,4,
IND_UTTAR_PRADESH_BALRAMPUR,Uttar Pradesh,BALRAMPUR,,,1997,2014,,,,,pending,,,840,18,33,4,
IND_UTTAR_PRADESH_BANDA,Uttar Pradesh,BANDA,,,1997,2014,,,,,pending,,,943,18,38,4,
IND_UTTAR_PRADESH_BARABANKI,Uttar Pradesh,BARABANKI,,,1997,2014,,,,,pending,,,1031,18,39,4,
IND_UTTAR_PRADESH_BAREILLY,Uttar Pradesh,BAREILLY,,,1997,2014,,,,,pending,,,983,18,41,4,
IND_UTTAR_PRADESH_BASTI,Uttar Pradesh,BASTI,,,1997,2014,,,,,pending,,,904,18,34,4,
IND_UTTAR_PRADESH_BIJNOR,Uttar Pradesh,BIJNOR,,,1997,2014,,,,,pending,,,861,18,36,4,
IND_UTTAR_PRADESH_BUDAUN,Uttar Pradesh,BUDAUN,,,1997,2014,,,,,pending,,,1043,18,41,4,
IND_UTTAR_PRADESH_BULANDSHAHR,Uttar Pradesh,BULANDSHAHR,,,1997,2014,,,,,pending,,,933,18,37,4,
IND_UTTAR_PRADESH_CHAMOLI,Uttar Pradesh,CHAMOLI,,,1997,1999,,,,,pending,,,45,3,17,3,
IND_UTTAR_PRADESH_CHAMPAWAT,Uttar Pradesh,CHAMPAWAT,,,1998,1999,,,,,pending,,,17,2,11,3,
IND_UTTAR_PRADESH_CHANDAULI,Uttar Pradesh,CHANDAULI,,,1997,2014,,,,,pending,,,862,18,34,4,
IND_UTTAR_PRADESH_CHITRAKOOT,Uttar Pradesh,CHITRAKOOT,,,1997,2014,,,,,pending,,,867,18,33,4,
IND_UTTAR_PRADESH_DEHRADUN,Uttar Pradesh,DEHRADUN,,,1997,1999,,,,,pending,,,70,3,25,4,
IND_UTTAR_PRADESH_DEORIA,Uttar Pradesh,DEORIA,,,1997,2014,,,,,pending,,,941,18,40,4,
IND_UTTAR_PRADESH_ETAH,Uttar Pradesh,ETAH,,,1997,2014,,,,,pending,,,1001,18,38,4,
IND_UTTAR_PRADESH_ETAWAH,Uttar Pradesh,ETAWAH,,,1997,2014,,,,,pending,,,895,18,35,4,
IND_UTTAR_PRADESH_FAIZABAD,Uttar Pradesh,FAIZABAD,,,1997,2014,,,,,pending,,,902,18,35,4,
IND_UTTAR_PRADESH_FARRUKHABAD,Uttar Pradesh,FARRUKHABAD,,,1997,2014,,,,,pending,,,971,18,36,4,
IND_UTTAR_PRADESH_FATEHPUR,Uttar Pradesh,FATEHPUR,,,1997,2014,,,,,pending,,,1047,18,40,4,
IND_UTTAR_PRADESH_FIROZABAD,Uttar Pradesh,FIROZABAD,,,1997,2014,,,,,pending,,,974,18,38,4,
IND_UTTAR_PRADESH_GAUTAM_BUDDHA_NAGAR,Uttar Pradesh,GAUTAM BUDDHA NAGAR,,,1997,2014,,,,,pending,,,681,18,28,4,
IND_UTTAR_PRADESH_GHAZIABAD,Uttar Pradesh,GHAZIABAD,,,1997,2014,,,,,pending,,,757,18,35,4,
IND_UTTAR_PRADESH_GHAZIPUR,Uttar Pradesh,GHAZIPUR,,,1997,2014,,,,,pending,,,967,18,37,4,
IND_UTTAR_PRADESH_GONDA,Uttar Pradesh,GONDA,,,1997,2014,,,,,pending,,,975,18,41,4,
IND_UTTAR_PRADESH_GORAKHPUR,Uttar Pradesh,GORAKHPUR,,,1997,2014,,,,,pending,,,986,18,38,4,
IND_UTTAR_PRADESH_HAMIRPUR,Uttar Pradesh,HAMIRPUR,,,1997,2014,,,,,pending,,,925,18,37,4,
IND_UTTAR_PRADESH_HAPUR,Uttar Pradesh,HAPUR,,,2012,2014,,,,,pending,,,112,3,19,3,
IND_UTTAR_PRADESH_HARDOI,Uttar Pradesh,HARDOI,,,1997,2014,,,,,pending,,,1061,18,42,4,
IND_UTTAR_PRADESH_HARIDWAR,Uttar Pradesh,HARIDWAR,,,1997,1999,,,,,pending,,,70,3,24,4,
IND_UTTAR_PRADESH_HATHRAS,Uttar Pradesh,HATHRAS,,,1997,2014,,,,,pending,,,906,18,35,4,
IND_UTTAR_PRADESH_JALAUN,Uttar Pradesh,JALAUN,,,1997,2014,,,,,pending,,,899,18,39,4,
IND_UTTAR_PRADESH_JAUNPUR,Uttar Pradesh,JAUNPUR,,,1997,2014,,,,,pending,,,967,18,39,4,
IND_UTTAR_PRADESH_JHANSI,Uttar Pradesh,JHANSI,,,1997,2014,,,,,pending,,,972,18,39,4,
IND_UTTAR_PRADESH_KANNAUJ,Uttar Pradesh,KANNAUJ,,,1997,2014,,,,,pending,,,962,18,37,4,
IND_UTTAR_PRADESH_KANPUR_DEHAT,Uttar Pradesh,KANPUR DEHAT,,,1997,2014,,,,,pending,,,812,16,35,4,
IND_UTTAR_PRADESH_KANPUR_NAGAR,Uttar Pradesh,KANPUR NAGAR,,,1997,2014,,,,,pending,,,1063,18,40,4,
IND_UTTAR_PRADESH_KASGANJ,Uttar Pradesh,KASGANJ,,,2009,2014,,,,,pending,,,350,6,27,3,
IND_UTTAR_PRADESH_KAUSHAMBI,Uttar Pradesh,KAUSHAMBI,,,1997,2014,,,,,pending,,,1010,18,33,4,
IND_UTTAR_PRADESH_KHERI,Uttar Pradesh,KHERI,,,1997,2014,,,,,pending,,,1064,18,39,4,
IND_UTTAR_PRADESH_KUSHI_NAGAR,Uttar Pradesh,KUSHI NAGAR,,,1997,2014,,,,,pending,,,1011,18,37,4,
IND_UTTAR_PRADESH_LALITPUR,Uttar Pradesh,LALITPUR,,,1997,2014,,,,,pending,,,923,18,35,4,
IND_UTTAR_PRADESH_LUCKNOW,Uttar Pradesh,LUCKNOW,,,1997,2014,,,,,pending,,,991,18,39,4,
IND_UTTAR_PRADESH_MAHARAJGANJ,Uttar Pradesh,MAHARAJGANJ,,,1997,2014,,,,,pending,,,954,18,37,4,
IND_UTTAR_PRADESH_MAHOBA,Uttar Pradesh,MAHOBA,,,1997,2014,,,,,pending,,,883,18,34,4,
IND_UTTAR_PRADESH_MAINPURI,Uttar Pradesh,MAINPURI,,,1997,2014,,,,,pending,,,938,18,35,4,
IND_UTTAR_PRADESH_MATHURA,Uttar Pradesh,MATHURA,,,1997,2014,,,,,pending,,,853,18,37,4,
IND_UTTAR_PRADESH_MAU,Uttar Pradesh,MAU,,,1997,2014,,,,,pending,,,896,18,37,4,
IND_UTTAR_PRADESH_MEERUT,Uttar Pradesh,MEERUT,,,1997,2014,,,,,pending,,,816,18,35,4,
IND_UTTAR_PRADESH_MIRZAPUR,Uttar Pradesh,MIRZAPUR,,,1997,2014,,,,,pending,,,961,18,40,4,
IND_UTTAR_PRADESH_MORADABAD,Uttar Pradesh,MORADABAD,,,1997,2014,,,,,pending,,,955,18,38,4,
IND_UTTAR_PRADESH_MUZAFFARNAGAR,Uttar Pradesh,MUZAFFARNAGAR,,,1997,2014,,,,,pending,,,865,18,37,4,
IND_UTTAR_PRADESH_NAINITAL,Uttar Pradesh,NAINITAL,,,1997,1999,,,,,pending,,,65,3,22,4,
IND_UTTAR_PRADESH_PAURI_GARHWAL,Uttar Pradesh,PAURI GARHWAL,,,1997,1999,,,,,pending,,,53,3,21,3,
IND_UTTAR_PRADESH_PILIBHIT,Uttar Pradesh,PILIBHIT,,,1997,2014,,,,,pending,,,908,18,40,4,
IND_UTTAR_PRADESH_PITHORAGARH,Uttar Pradesh,PITHORAGARH,,,1997,1999,,,,,pending,,,54,3,20,3,
IND_UTTAR_PRADESH_PRATAPGARH,Uttar Pradesh,PRATAPGARH,,,1997,2014,,,,,pending,,,932,18,35,4,
IND_UTTAR_PRADESH_RAE_BARELI,Uttar Pradesh,RAE BARELI,,,1997,2014,,,,,pending,,,1059,18,40,4,
IND_UTTAR_PRADESH_RAMPUR,Uttar Pradesh,RAMPUR,,,1997,2014,,,,,pending,,,925,18,36,4,
IND_UTTAR_PRADESH_RUDRA_PRAYAG,Uttar Pradesh,RUDRA PRAYAG,,,1998,1999,,,,,pending,,,16,2,10,3,
IND_UTTAR_PRADESH_SAHARANPUR,Uttar Pradesh,SAHARANPUR,,,1997,2014,,,,,pending,,,835,18,37,4,
IND_UTTAR_PRADESH_SAMBHAL,Uttar Pradesh,SAMBHAL,,,2012,2014,,,,,pending,,,166,3,27,3,
IND_UTTAR_PRADESH_SANT_KABEER_NAGAR,Uttar Pradesh,SANT KABEER NAGAR,,,1997,2014,,,,,pending,,,898,18,35,4,
IND_UTTAR_PRADESH_SANT_RAVIDAS_NAGAR,Uttar Pradesh,SANT RAVIDAS NAGAR,,,1997,2014,,,,,pending,,,786,18,33,4,
IND_UTTAR_PRADESH_SHAHJAHANPUR,Uttar Pradesh,SHAHJAHANPUR,,,1997,2014,,,,,pending,,,1053,18,37,4,
IND_UTTAR_PRADESH_SHAMLI,Uttar Pradesh,SHAMLI,,,2012,2014,,,,,pending,,,132,3,20,3,
IND_UTTAR_PRADESH_SHRAVASTI,Uttar Pradesh,SHRAVASTI,,,1997,2014,,,,,pending,,,888,18,36,4,
IND_UTTAR_PRADESH_SIDDHARTH_NAGAR,Uttar Pradesh,SIDDHARTH NAGAR,,,1997,2014,,,,,pending,,,802,18,35,4,
IND_UTTAR_PRADESH_SITAPUR,Uttar Pradesh,SITAPUR,,,1997,2014,,,,,pending,,,1075,18,42,4,
IND_UTTAR_PRADESH_SONBHADRA,Uttar Pradesh,SONBHADRA,,,1997,2014,,,,,pending,,,942,18,33,4,
IND_UTTAR_PRADESH_SULTANPUR,Uttar Pradesh,SULTANPUR,,,1997,2014,,,,,pending,,,1011,18,38,4,
IND_UTTAR_PRADESH_TEHRI_GARHWAL,Uttar Pradesh,TEHRI GARHWAL,,,1997,1999,,,,,pending,,,49,3,19,3,
IND_UTTAR_PRADESH_UDAM_SINGH_NAGAR,Uttar Pradesh,UDAM SINGH NAGAR,,,1997,1999,,,,,pending,,,70,3,22,4,
IND_UTTAR_PRADESH_UNNAO,Uttar Pradesh,UNNAO,,,1997,2014,,,,,pending,,,1047,18,42,4,
IND_UTTAR_PRADESH_UTTAR_KASHI,Uttar Pradesh,UTTAR KASHI,,,1997,1999,,,,,pending,,,51,3,19,3,
IND_UTTAR_PRADESH_VARANASI,Uttar Pradesh,VARANASI,,,1997,2014,,,,,pending,,,900,18,35,4,
IND_UTTARAKHAND_ALMORA,Uttarakhand,ALMORA,,,2000,2014,,,,,pending,,,684,15,31,3,
IND_UTTARAKHAND_BAGESHWAR,Uttarakhand,BAGESHWAR,,,2000,2014,,,,,pending,,,670,15,35,3,
IND_UTTARAKHAND_CHAMOLI,Uttarakhand,CHAMOLI,,,2000,2014,,,,,pending,,,682,15,34,3,
IND_UTTARAKHAND_CHAMPAWAT,Uttarakhand,CHAMPAWAT,,,2000,2014,,,,,pending,,,803,15,37,4,
IND_UTTARAKHAND_DEHRADUN,Uttarakhand,DEHRADUN,,,2000,2014,,,,,pending,,,891,15,40,4,
IND_UTTARAKHAND_HARIDWAR,Uttarakhand,HARIDWAR,,,2000,2014,,,,,pending,,,688,15,32,4,
IND_UTTARAKHAND_NAINITAL,Uttarakhand,NAINITAL,,,2000,2014,,,,,pending,,,859,15,39,4,
IND_UTTARAKHAND_PAURI_GARHWAL,Uttarakhand,PAURI GARHWAL,,,2000,2014,,,,,pending,,,736,15,36,3,
IND_UTTARAKHAND_PITHORAGARH,Uttarakhand,PITHORAGARH,,,2000,2014,,,,,pending,,,738,15,34,4,
IND_UTTARAKHAND_RUDRA_PRAYAG,Uttarakhand,RUDRA PRAYAG,,,2000,2014,,,,,pending,,,612,15,31,3,
IND_UTTARAKHAND_TEHRI_GARHWAL,Uttarakhand,TEHRI GARHWAL,,,2000,2014,,,,,pending,,,710,15,32,3,
IND_UTTARAKHAND_UDAM_SINGH_NAGAR,Uttarakhand,UDAM SINGH NAGAR,,,2000,2014,,,,,pending,,,770,15,36,4,
IND_UTTARAKHAND_UTTAR_KASHI,Uttarakhand,UTTAR KASHI,,,2000,2014,,,,,pending,,,696,15,33,3,
IND_WEST_BENGAL_24_PARAGANAS_NORTH,West Bengal,24 PARAGANAS NORTH,,,1997,2014,,,,,pending,,,925,18,30,6,
IND_WEST_BENGAL_24_PARAGANAS_SOUTH,West Bengal,24 PARAGANAS SOUTH,,,1997,2014,,,,,pending,,,867,18,30,6,
IND_WEST_BENGAL_ALIPURDUAR,West Bengal,ALIPURDUAR,,,2014,2014,,,,,pending,,,1,1,1,1,
IND_WEST_BENGAL_BANKURA,West Bengal,BANKURA,,,1997,2014,,,,,pending,,,1247,18,41,6,
IND_WEST_BENGAL_BARDHAMAN,West Bengal,BARDHAMAN,,,1997,2014,,,,,pending,,,600,18,37,6,
IND_WEST_BENGAL_BIRBHUM,West Bengal,BIRBHUM,,,1997,2014,,,,,pending,,,1141,18,39,6,
IND_WEST_BENGAL_COOCHBEHAR,West Bengal,COOCHBEHAR,,,1997,2014,,,,,pending,,,1151,18,37,6,
IND_WEST_BENGAL_DARJEELING,West Bengal,DARJEELING,,,1997,2014,,,,,pending,,,939,18,37,6,
IND_WEST_BENGAL_DINAJPUR_DAKSHIN,West Bengal,DINAJPUR DAKSHIN,,,1997,2014,,,,,pending,,,402,18,32,6,
IND_WEST_BENGAL_DINAJPUR_UTTAR,West Bengal,DINAJPUR UTTAR,,,1997,2014,,,,,pending,,,602,18,34,6,
IND_WEST_BENGAL_HOOGHLY,West Bengal,HOOGHLY,,,1997,2014,,,,,pending,,,429,18,31,6,
IND_WEST_BENGAL_HOWRAH,West Bengal,HOWRAH,,,1997,2014,,,,,pending,,,376,18,26,6,
IND_WEST_BENGAL_JALPAIGURI,West Bengal,JALPAIGURI,,,1997,2014,,,,,pending,,,637,18,33,6,
IND_WEST_BENGAL_MALDAH,West Bengal,MALDAH,,,1997,2014,,,,,pending,,,566,18,31,6,
IND_WEST_BENGAL_MEDINIPUR_EAST,West Bengal,MEDINIPUR EAST,,,1997,2014,,,,,pending,,,352,18,28,6,
IND_WEST_BENGAL_MEDINIPUR_WEST,West Bengal,MEDINIPUR WEST,,,1997,2014,,,,,pending,,,640,18,38,6,
IND_WEST_BENGAL_MURSHIDABAD,West Bengal,MURSHIDABAD,,,1997,2014,,,,,pending,,,595,18,33,6,
IND_WEST_BENGAL_NADIA,West Bengal,NADIA,,,1997,2014,,,,,pending,,,585,18,32,6,
IND_WEST_BENGAL_PURBA_BARDHAMAN,West Bengal,PURBA BARDHAMAN,,,1997,2014,,,,,pending,,,605,18,36,6,
IND_WEST_BENGAL_PURULIA,West Bengal,PURULIA,,,1997,2014,,,,,pending,,,642,18,39,6,
