State_Name,District_Name,first_year,last_year,crop_rows,unique_years,unique_crops,unique_seasons,district_id
Andaman and Nicobar Islands,Andaman and Nicobar Islands,2007,2009,72,3,20,5,IND_ANDAMAN_AND_NICOBAR_ISLANDS_ANDAMAN_AND_NICOBAR_ISLANDS
Andaman and Nicobar Islands,NICOBARS,2000,2014,209,12,19,4,IND_ANDAMAN_AND_NICOBAR_ISLANDS_NICOBARS
Andaman and Nicobar Islands,NORTH AND MIDDLE ANDAMAN,2000,2014,184,8,25,5,IND_ANDAMAN_AND_NICOBAR_ISLANDS_NORTH_AND_MIDDLE_ANDAMAN
Andaman and Nicobar Islands,SOUTH ANDAMANS,2002,2014,225,10,24,5,IND_ANDAMAN_AND_NICOBAR_ISLANDS_SOUTH_ANDAMANS
Andhra Pradesh,ADILABAD,1997,2012,548,16,38,3,IND_ANDHRA_PRADESH_ADILABAD
Andhra Pradesh,ANANTAPUR,1997,2014,1474,18,60,3,IND_ANDHRA_PRADESH_ANANTAPUR
Andhra Pradesh,CHITTOOR,1997,2014,1469,18,60,3,IND_ANDHRA_PRADESH_CHITTOOR
Andhra Pradesh,EAST GODAVARI,1997,2014,1423,18,63,3,IND_ANDHRA_PRADESH_EAST_GODAVARI
Andhra Pradesh,GUNTUR,1997,2014,1290,18,54,3,IND_ANDHRA_PRADESH_GUNTUR
Andhra Pradesh,HYDERABAD,1997,2000,8,4,2,2,IND_ANDHRA_PRADESH_HYDERABAD
Andhra Pradesh,KADAPA,1997,2014,1542,18,63,3,IND_ANDHRA_PRADESH_KADAPA
Andhra Pradesh,KARIMNAGAR,1997,2012,486,16,32,3,IND_ANDHRA_PRADESH_KARIMNAGAR
Andhra Pradesh,KHAMMAM,1997,2012,506,16,36,3,IND_ANDHRA_PRADESH_KHAMMAM
Andhra Pradesh,KRISHNA,1997,2014,1192,18,57,3,IND_ANDHRA_PRADESH_KRISHNA
Andhra Pradesh,KURNOOL,1997,2014,1553,18,62,3,IND_ANDHRA_PRADESH_KURNOOL
Andhra Pradesh,MAHBUBNAGAR,1997,2012,560,16,36,3,IND_ANDHRA_PRADESH_MAHBUBNAGAR
Andhra Pradesh,MEDAK,1997,2012,597,16,40,3,IND_ANDHRA_PRADESH_MEDAK
Andhra Pradesh,NALGONDA,1997,2012,447,16,32,3,IND_ANDHRA_PRADESH_NALGONDA
Andhra Pradesh,NIZAMABAD,1997,2012,560,16,37,3,IND_ANDHRA_PRADESH_NIZAMABAD
Andhra Pradesh,PRAKASAM,1997,2014,1514,18,60,3,IND_ANDHRA_PRADESH_PRAKASAM
Andhra Pradesh,RANGAREDDI,1997,2012,580,16,39,3,IND_ANDHRA_PRADESH_RANGAREDDI
Andhra Pradesh,SPSR NELLORE,1997,2014,1287,18,54,3,IND_ANDHRA_PRADESH_SPSR_NELLORE
Andhra Pradesh,SRIKAKULAM,1997,2014,1297,18,53,3,IND_ANDHRA_PRADESH_SRIKAKULAM
Andhra Pradesh,VISAKHAPATANAM,1997,2014,1539,18,60,3,IND_ANDHRA_PRADESH_VISAKHAPATANAM
Andhra Pradesh,VIZIANAGARAM,1997,2014,1388,18,57,3,IND_ANDHRA_PRADESH_VIZIANAGARAM
Andhra Pradesh,WARANGAL,1997,2012,485,16,30,3,IND_ANDHRA_PRADESH_WARANGAL
Andhra Pradesh,WEST GODAVARI,1997,2014,1083,18,56,3,IND_ANDHRA_PRADESH_WEST_GODAVARI
Arunachal Pradesh,ANJAW,2004,2014,204,11,11,3,IND_ARUNACHAL_PRADESH_ANJAW
Arunachal Pradesh,CHANGLANG,1997,2014,373,18,17,3,IND_ARUNACHAL_PRADESH_CHANGLANG
Arunachal Pradesh,DIBANG VALLEY,1997,2014,289,18,17,3,IND_ARUNACHAL_PRADESH_DIBANG_VALLEY
Arunachal Pradesh,EAST KAMENG,1997,2014,311,18,17,3,IND_ARUNACHAL_PRADESH_EAST_KAMENG
Arunachal Pradesh,EAST SIANG,1997,2014,375,18,17,3,IND_ARUNACHAL_PRADESH_EAST_SIANG
Arunachal Pradesh,KURUNG KUMEY,2002,2014,197,13,12,3,IND_ARUNACHAL_PRADESH_KURUNG_KUMEY
Arunachal Pradesh,LOHIT,1997,2014,375,18,17,3,IND_ARUNACHAL_PRADESH_LOHIT
Arunachal Pradesh,LONGDING,2013,2014,26,2,8,2,IND_ARUNACHAL_PRADESH_LONGDING
Arunachal Pradesh,LOWER DIBANG VALLEY,2002,2014,259,13,12,3,IND_ARUNACHAL_PRADESH_LOWER_DIBANG_VALLEY
Arunachal Pradesh,LOWER SUBANSIRI,1997,2014,335,18,17,3,IND_ARUNACHAL_PRADESH_LOWER_SUBANSIRI
Arunachal Pradesh,NAMSAI,2014,2014,2,1,1,1,IND_ARUNACHAL_PRADESH_NAMSAI
Arunachal Pradesh,PAPUM PARE,1997,2014,361,18,17,3,IND_ARUNACHAL_PRADESH_PAPUM_PARE
Arunachal Pradesh,TAWANG,1997,2014,313,18,15,3,IND_ARUNACHAL_PRADESH_TAWANG
Arunachal Pradesh,TIRAP,1997,2014,315,18,16,3,IND_ARUNACHAL_PRADESH_TIRAP
Arunachal Pradesh,UPPER SIANG,1997,2014,287,18,16,3,IND_ARUNACHAL_PRADESH_UPPER_SIANG
Arunachal Pradesh,UPPER SUBANSIRI,1997,2014,333,18,17,3,IND_ARUNACHAL_PRADESH_UPPER_SUBANSIRI
Arunachal Pradesh,WEST KAMENG,1997,2014,301,18,14,3,IND_ARUNACHAL_PRADESH_WEST_KAMENG
Arunachal Pradesh,WEST SIANG,1997,2014,367,18,17,3,IND_ARUNACHAL_PRADESH_WEST_SIANG
Assam,BAKSA,2005,2014,678,10,39,6,IND_ASSAM_BAKSA
Assam,BARPETA,1997,2014,1153,18,40,6,IND_ASSAM_BARPETA
Assam,BONGAIGAON,1997,2014,1141,18,40,6,IND_ASSAM_BONGAIGAON
Assam,CACHAR,1997,2014,1118,18,39,6,IND_ASSAM_CACHAR
Assam,CHIRANG,2005,2014,674,10,39,6,IND_ASSAM_CHIRANG
Assam,DARRANG,1997,2014,1127,18,40,6,IND_ASSAM_DARRANG
Assam,DHEMAJI,1997,2014,1149,18,40,6,IND_ASSAM_DHEMAJI
Assam,DHUBRI,1997,2014,1115,18,40,6,IND_ASSAM_DHUBRI
Assam,DIBRUGARH,1997,2014,1047,18,40,6,IND_ASSAM_DIBRUGARH
Assam,DIMA HASAO,1997,2014,1119,18,40,6,IND_ASSAM_DIMA_HASAO
Assam,GOALPARA,1997,2014,1148,18,40,6,IND_ASSAM_GOALPARA
Assam,GOLAGHAT,1997,2014,1129,18,40,6,IND_ASSAM_GOLAGHAT
Assam,HAILAKANDI,1997,2014,1036,18,40,6,IND_ASSAM_HAILAKANDI
Assam,JORHAT,1997,2014,1071,18,40,6,IND_ASSAM_JORHAT
Assam,KAMRUP,1997,2014,1151,18,40,6,IND_ASSAM_KAMRUP
Assam,KAMRUP METRO,2005,2014,670,10,39,6,IND_ASSAM_KAMRUP_METRO
Assam,KARBI ANGLONG,1997,2014,1146,18,39,6,IND_ASSAM_KARBI_ANGLONG
Assam,KARIMGANJ,1997,2014,999,18,40,6,IND_ASSAM_KARIMGANJ
Assam,KOKRAJHAR,1997,2014,1151,18,40,6,IND_ASSAM_KOKRAJHAR
Assam,LAKHIMPUR,1997,2014,1149,18,40,6,IND_ASSAM_LAKHIMPUR
Assam,MARIGAON,1997,2014,1153,18,40,6,IND_ASSAM_MARIGAON
Assam,NAGAON,1997,2014,1151,18,40,6,IND_ASSAM_NAGAON
Assam,NALBARI,1997,2014,1151,18,40,6,IND_ASSAM_NALBARI
Assam,SIVASAGAR,1997,2014,1097,18,40,6,IND_ASSAM_SIVASAGAR
Assam,SONITPUR,1997,2014,1149,18,40,6,IND_ASSAM_SONITPUR
Assam,TINSUKIA,1997,2014,1107,18,40,6,IND_ASSAM_TINSUKIA
Assam,UDALGURI,2005,2014,660,10,39,6,IND_ASSAM_UDALGURI
Bihar,ARARIA,1997,2014,1132,18,41,6,IND_BIHAR_ARARIA
Bihar,ARWAL,2003,2014,594,11,37,6,IND_BIHAR_ARWAL
Bihar,AURANGABAD,1997,2014,892,18,39,6,IND_BIHAR_AURANGABAD
Bihar,BANKA,1997,2014,874,18,38,6,IND_BIHAR_BANKA
Bihar,BEGUSARAI,1997,2014,1180,18,41,6,IND_BIHAR_BEGUSARAI
Bihar,BHAGALPUR,1997,2014,1222,18,41,6,IND_BIHAR_BHAGALPUR
Bihar,BHOJPUR,1997,2014,992,18,33,6,IND_BIHAR_BHOJPUR
Bihar,BOKARO,1997,1999,45,3,21,6,IND_BIHAR_BOKARO
Bihar,BUXAR,1997,2014,826,18,32,6,IND_BIHAR_BUXAR
Bihar,CHATRA,1997,1999,52,3,23,6,IND_BIHAR_CHATRA
Bihar,DARBHANGA,1997,2014,998,18,39,6,IND_BIHAR_DARBHANGA
Bihar,DEOGHAR,1997,1999,44,3,19,6,IND_BIHAR_DEOGHAR
Bihar,DHANBAD,1997,1999,33,3,15,6,IND_BIHAR_DHANBAD
Bihar,DUMKA,1997,1999,59,3,24,6,IND_BIHAR_DUMKA
Bihar,EAST SINGHBUM,1997,1999,38,3,19,6,IND_BIHAR_EAST_SINGHBUM
Bihar,GARHWA,1997,1999,67,3,29,6,IND_BIHAR_GARHWA
Bihar,GAYA,1997,2014,1150,18,41,6,IND_BIHAR_GAYA
Bihar,GIRIDIH,1997,1999,52,3,22,6,IND_BIHAR_GIRIDIH
Bihar,GODDA,1997,1999,61,3,25,6,IND_BIHAR_GODDA
Bihar,GOPALGANJ,1997,2014,1044,18,38,6,IND_BIHAR_GOPALGANJ
Bihar,GUMLA,1997,1999,61,3,26,6,IND_BIHAR_GUMLA
Bihar,HAZARIBAGH,1997,1999,63,3,27,6,IND_BIHAR_HAZARIBAGH
Bihar,JAMUI,1997,2014,754,18,30,6,IND_BIHAR_JAMUI
Bihar,JEHANABAD,1997,2014,952,18,40,6,IND_BIHAR_JEHANABAD
Bihar,KAIMUR (BHABUA),1997,2014,806,18,37,6,IND_BIHAR_KAIMUR_BHABUA
Bihar,KATIHAR,1997,2014,1158,18,43,6,IND_BIHAR_KATIHAR
Bihar,KHAGARIA,1997,2014,1156,18,40,6,IND_BIHAR_KHAGARIA
Bihar,KISHANGANJ,1997,2014,1097,18,42,6,IND_BIHAR_KISHANGANJ
Bihar,KODERMA,1997,1999,49,3,25,5,IND_BIHAR_KODERMA
Bihar,LAKHISARAI,1997,2014,548,18,28,6,IND_BIHAR_LAKHISARAI
Bihar,LOHARDAGA,1997,1999,65,3,28,6,IND_BIHAR_LOHARDAGA
Bihar,MADHEPURA,1997,2014,1078,18,42,6,IND_BIHAR_MADHEPURA
Bihar,MADHUBANI,1997,2014,1174,18,41,6,IND_BIHAR_MADHUBANI
Bihar,MUNGER,1997,2014,816,18,34,6,IND_BIHAR_MUNGER
Bihar,MUZAFFARPUR,1997,2014,1108,18,41,6,IND_BIHAR_MUZAFFARPUR
Bihar,NALANDA,1997,2014,920,18,36,6,IND_BIHAR_NALANDA
Bihar,NAWADA,1997,2014,1036,18,41,6,IND_BIHAR_NAWADA
Bihar,PAKUR,1997,1999,53,3,23,6,IND_BIHAR_PAKUR
Bihar,PALAMU,1997,1999,65,3,27,6,IND_BIHAR_PALAMU
Bihar,PASHCHIM CHAMPARAN,1997,2014,1148,18,40,6,IND_BIHAR_PASHCHIM_CHAMPARAN
Bihar,PATNA,1997,2014,906,18,33,6,IND_BIHAR_PATNA
Bihar,PURBI CHAMPARAN,1997,2014,1099,18,39,6,IND_BIHAR_PURBI_CHAMPARAN
Bihar,PURNIA,1997,2014,1092,18,42,6,IND_BIHAR_PURNIA
Bihar,RANCHI,1997,1999,73,3,34,6,IND_BIHAR_RANCHI
Bihar,ROHTAS,1997,2014,996,18,39,6,IND_BIHAR_ROHTAS
Bihar,SAHARSA,1997,2014,1010,18,39,6,IND_BIHAR_SAHARSA
Bihar,SAHEBGANJ,1997,1999,52,3,23,6,IND_BIHAR_SAHEBGANJ
Bihar,SAMASTIPUR,1997,2014,1154,18,42,6,IND_BIHAR_SAMASTIPUR
Bihar,SARAN,1997,2014,1010,18,37,6,IND_BIHAR_SARAN
Bihar,SHEIKHPURA,1997,2014,592,18,28,6,IND_BIHAR_SHEIKHPURA
Bihar,SHEOHAR,1997,2014,834,18,35,6,IND_BIHAR_SHEOHAR
Bihar,SITAMARHI,1997,2014,1059,18,41,6,IND_BIHAR_SITAMARHI
Bihar,SIWAN,1997,2014,1100,18,42,6,IND_BIHAR_SIWAN
Bihar,SUPAUL,1997,2014,1092,18,41,6,IND_BIHAR_SUPAUL
Bihar,VAISHALI,1997,2014,1144,18,41,6,IND_BIHAR_VAISHALI
Bihar,WEST SINGHBHUM,1997,1999,57,3,25,6,IND_BIHAR_WEST_SINGHBHUM
Chandigarh,CHANDIGARH,1998,2014,198,17,12,3,IND_CHANDIGARH_CHANDIGARH
Chhattisgarh,BALOD,2011,2014,264,4,36,3,IND_CHHATTISGARH_BALOD
Chhattisgarh,BALODA BAZAR,2011,2014,296,4,38,3,IND_CHHATTISGARH_BALODA_BAZAR
Chhattisgarh,BALRAMPUR,2011,2014,320,4,40,4,IND_CHHATTISGARH_BALRAMPUR
Chhattisgarh,BASTAR,2000,2014,1150,15,42,3,IND_CHHATTISGARH_BASTAR
Chhattisgarh,BEMETARA,2011,2014,276,4,38,3,IND_CHHATTISGARH_BEMETARA
Chhattisgarh,BIJAPUR,2006,2014,412,9,30,3,IND_CHHATTISGARH_BIJAPUR
Chhattisgarh,BILASPUR,2000,2014,1150,15,41,3,IND_CHHATTISGARH_BILASPUR
Chhattisgarh,DANTEWADA,2000,2014,918,15,38,3,IND_CHHATTISGARH_DANTEWADA
Chhattisgarh,DHAMTARI,2000,2014,1099,15,40,3,IND_CHHATTISGARH_DHAMTARI
Chhattisgarh,DURG,2000,2014,1118,15,43,3,IND_CHHATTISGARH_DURG
Chhattisgarh,GARIYABAND,2011,2014,302,4,39,3,IND_CHHATTISGARH_GARIYABAND
Chhattisgarh,JANJGIR-CHAMPA,2000,2014,1098,15,38,3,IND_CHHATTISGARH_JANJGIR_CHAMPA
Chhattisgarh,JASHPUR,2000,2014,1124,15,41,3,IND_CHHATTISGARH_JASHPUR
Chhattisgarh,KABIRDHAM,2000,2014,983,15,40,3,IND_CHHATTISGARH_KABIRDHAM
Chhattisgarh,KANKER,2000,2014,1084,15,40,3,IND_CHHATTISGARH_KANKER
Chhattisgarh,KONDAGAON,2011,2014,276,4,38,3,IND_CHHATTISGARH_KONDAGAON
Chhattisgarh,KORBA,2000,2014,1074,15,38,3,IND_CHHATTISGARH_KORBA
Chhattisgarh,KOREA,2000,2014,939,15,39,3,IND_CHHATTISGARH_KOREA
Chhattisgarh,MAHASAMUND,2000,2014,1041,15,41,3,IND_CHHATTISGARH_MAHASAMUND
Chhattisgarh,MUNGELI,2011,2014,246,4,32,3,IND_CHHATTISGARH_MUNGELI
Chhattisgarh,NARAYANPUR,2005,2014,400,10,32,3,IND_CHHATTISGARH_NARAYANPUR
Chhattisgarh,RAIGARH,2000,2014,1157,15,41,3,IND_CHHATTISGARH_RAIGARH
Chhattisgarh,RAIPUR,2000,2014,1148,15,42,3,IND_CHHATTISGARH_RAIPUR
Chhattisgarh,RAJNANDGAON,2000,2014,1206,15,43,3,IND_CHHATTISGARH_RAJNANDGAON
Chhattisgarh,SUKMA,2011,2014,212,4,30,3,IND_CHHATTISGARH_SUKMA
Chhattisgarh,SURAJPUR,2011,2014,292,4,38,3,IND_CHHATTISGARH_SURAJPUR
Chhattisgarh,SURGUJA,2000,2014,1130,15,43,3,IND_CHHATTISGARH_SURGUJA
Dadra and Nagar Haveli,DADRA AND NAGAR HAVELI,1998,2014,526,17,22,3,IND_DADRA_AND_NAGAR_HAVELI_DADRA_AND_NAGAR_HAVELI
Daman and Diu,DAMAN,2013,2014,2,2,1,1,IND_DAMAN_AND_DIU_DAMAN
Daman and Diu,DIU,2013,2014,2,2,1,1,IND_DAMAN_AND_DIU_DIU
Daman and Diu,Daman and Diu,1998,2012,30,15,2,1,IND_DAMAN_AND_DIU_DAMAN_AND_DIU
Delhi,DELHI_TOTAL,2008,2014,62,7,9,3,IND_DELHI_DELHI_TOTAL
Delhi,Delhi,1998,2007,105,10,12,3,IND_DELHI_DELHI
Goa,Goa,1998,2003,84,6,12,3,IND_GOA_GOA
Goa,NORTH GOA,1997,2014,206,12,16,3,IND_GOA_NORTH_GOA
Goa,SOUTH GOA,1997,2014,192,12,16,3,IND_GOA_SOUTH_GOA
Gujarat,AHMADABAD,1997,2014,786,18,31,4,IND_GUJARAT_AHMADABAD
Gujarat,AMRELI,1997,2014,734,18,32,4,IND_GUJARAT_AMRELI
Gujarat,ANAND,2003,2014,546,12,29,4,IND_GUJARAT_ANAND
Gujarat,ARAVALLI,2014,2014,27,1,21,4,IND_GUJARAT_ARAVALLI
Gujarat,BANAS KANTHA,1997,2014,843,18,31,4,IND_GUJARAT_BANAS_KANTHA
Gujarat,BHARUCH,1997,2014,856,18,33,4,IND_GUJARAT_BHARUCH
Gujarat,BHAVNAGAR,1997,2014,731,18,31,4,IND_GUJARAT_BHAVNAGAR
Gujarat,BOTAD,2014,2014,18,1,15,4,IND_GUJARAT_BOTAD
Gujarat,CHHOTAUDEPUR,2014,2014,30,1,23,4,IND_GUJARAT_CHHOTAUDEPUR
Gujarat,DANG,1997,2014,488,18,26,4,IND_GUJARAT_DANG
Gujarat,DEVBHUMI DWARKA,2014,2014,20,1,16,4,IND_GUJARAT_DEVBHUMI_DWARKA
Gujarat,DOHAD,2003,2014,481,12,26,4,IND_GUJARAT_DOHAD
Gujarat,GANDHINAGAR,1997,2014,698,18,27,4,IND_GUJARAT_GANDHINAGAR
Gujarat,GIR SOMNATH,2014,2014,23,1,18,4,IND_GUJARAT_GIR_SOMNATH
Gujarat,JAMNAGAR,1997,2014,773,18,29,4,IND_GUJARAT_JAMNAGAR
Gujarat,JUNAGADH,1997,2014,773,18,31,4,IND_GUJARAT_JUNAGADH
Gujarat,KACHCHH,1997,2014,670,18,29,4,IND_GUJARAT_KACHCHH
Gujarat,KHEDA,1997,2014,968,18,33,4,IND_GUJARAT_KHEDA
Gujarat,MAHESANA,1997,2014,895,18,31,4,IND_GUJARAT_MAHESANA
Gujarat,MAHISAGAR,2014,2014,33,1,25,4,IND_GUJARAT_MAHISAGAR
Gujarat,MORBI,2014,2014,23,1,18,4,IND_GUJARAT_MORBI
Gujarat,NARMADA,2003,2014,460,12,28,4,IND_GUJARAT_NARMADA
Gujarat,NAVSARI,2003,2014,461,12,27,4,IND_GUJARAT_NAVSARI
Gujarat,PANCH MAHALS,1997,2014,1014,18,34,4,IND_GUJARAT_PANCH_MAHALS
Gujarat,PATAN,2003,2014,446,12,28,4,IND_GUJARAT_PATAN
Gujarat,PORBANDAR,2003,2014,372,12,24,4,IND_GUJARAT_PORBANDAR
Gujarat,RAJKOT,1997,2014,740,18,29,4,IND_GUJARAT_RAJKOT
Gujarat,SABAR KANTHA,1997,2014,837,18,30,4,IND_GUJARAT_SABAR_KANTHA
Gujarat,SURAT,1997,2014,864,18,34,4,IND_GUJARAT_SURAT
Gujarat,SURENDRANAGAR,1997,2014,708,18,30,4,IND_GUJARAT_SURENDRANAGAR
Gujarat,TAPI,2008,2014,291,7,26,4,IND_GUJARAT_TAPI
Gujarat,VADODARA,1997,2014,984,18,33,4,IND_GUJARAT_VADODARA
Gujarat,VALSAD,1997,2014,620,18,28,4,IND_GUJARAT_VALSAD
Haryana,AMBALA,1997,2014,436,18,33,3,IND_HARYANA_AMBALA
Haryana,BHIWANI,1997,2014,520,18,30,3,IND_HARYANA_BHIWANI
Haryana,CHARKI DADRI,2014,2014,2,1,2,1,IND_HARYANA_CHARKI_DADRI
Haryana,FARIDABAD,1997,2014,409,18,32,3,IND_HARYANA_FARIDABAD
Haryana,FATEHABAD,1997,2014,510,18,30,3,IND_HARYANA_FATEHABAD
Haryana,GURGAON,1997,2014,430,18,31,3,IND_HARYANA_GURGAON
Haryana,HISAR,1997,2014,556,18,35,3,IND_HARYANA_HISAR
Haryana,JHAJJAR,1997,2014,453,18,28,3,IND_HARYANA_JHAJJAR
Haryana,JIND,1997,2014,411,18,31,3,IND_HARYANA_JIND
Haryana,KAITHAL,1997,2014,424,18,32,3,IND_HARYANA_KAITHAL
Haryana,KARNAL,1997,2014,491,18,35,3,IND_HARYANA_KARNAL
Haryana,KURUKSHETRA,1997,2014,406,18,30,3,IND_HARYANA_KURUKSHETRA
Haryana,MAHENDRAGARH,1997,2014,349,18,28,3,IND_HARYANA_MAHENDRAGARH
Haryana,MEWAT,2005,2014,212,10,23,3,IND_HARYANA_MEWAT
Haryana,PALWAL,2008,2014,134,7,20,3,IND_HARYANA_PALWAL
Haryana,PANCHKULA,1997,2014,496,18,35,3,IND_HARYANA_PANCHKULA
Haryana,PANIPAT,1997,2014,424,18,34,3,IND_HARYANA_PANIPAT
Haryana,REWARI,1997,2014,407,18,29,3,IND_HARYANA_REWARI
Haryana,ROHTAK,1997,2014,450,18,32,3,IND_HARYANA_ROHTAK
Haryana,SIRSA,1997,2014,496,18,29,3,IND_HARYANA_SIRSA
Haryana,SONIPAT,1997,2014,483,18,33,3,IND_HARYANA_SONIPAT
Haryana,YAMUNANAGAR,1997,2014,483,18,33,3,IND_HARYANA_YAMUNANAGAR
Himachal Pradesh,BILASPUR,1998,2014,528,17,34,3,IND_HIMACHAL_PRADESH_BILASPUR
Himachal Pradesh,CHAMBA,1998,2014,543,17,32,3,IND_HIMACHAL_PRADESH_CHAMBA
Himachal Pradesh,HAMIRPUR,1998,2014,455,17,32,3,IND_HIMACHAL_PRADESH_HAMIRPUR
Himachal Pradesh,KANGRA,1998,2014,649,17,35,3,IND_HIMACHAL_PRADESH_KANGRA
Himachal Pradesh,KINNAUR,1998,2014,270,17,17,3,IND_HIMACHAL_PRADESH_KINNAUR
Himachal Pradesh,KULLU,1998,2014,532,17,28,3,IND_HIMACHAL_PRADESH_KULLU
Himachal Pradesh,LAHUL AND SPITI,1998,2014,191,17,10,3,IND_HIMACHAL_PRADESH_LAHUL_AND_SPITI
Himachal Pradesh,MANDI,1998,2014,648,17,33,3,IND_HIMACHAL_PRADESH_MANDI
Himachal Pradesh,SHIMLA,1998,2014,633,17,31,3,IND_HIMACHAL_PRADESH_SHIMLA
Himachal Pradesh,SIRMAUR,1998,2014,650,17,33,3,IND_HIMACHAL_PRADESH_SIRMAUR
Himachal Pradesh,SOLAN,1998,2014,544,17,30,3,IND_HIMACHAL_PRADESH_SOLAN
Himachal Pradesh,UNA,1998,2014,503,17,31,3,IND_HIMACHAL_PRADESH_UNA
Jammu and Kashmir,ANANTNAG,1997,2014,240,17,20,3,IND_JAMMU_AND_KASHMIR_ANANTNAG
Jammu and Kashmir,BADGAM,1997,2014,280,17,22,3,IND_JAMMU_AND_KASHMIR_BADGAM
Jammu and Kashmir,BANDIPORA,2007,2014,95,8,17,2,IND_JAMMU_AND_KASHMIR_BANDIPORA
Jammu and Kashmir,BARAMULLA,1997,2014,229,17,26,3,IND_JAMMU_AND_KASHMIR_BARAMULLA
Jammu and Kashmir,DODA,1997,2014,300,17,27,3,IND_JAMMU_AND_KASHMIR_DODA
Jammu and Kashmir,GANDERBAL,2007,2014,60,8,11,2,IND_JAMMU_AND_KASHMIR_GANDERBAL
Jammu and Kashmir,JAMMU,1997,2014,461,17,40,3,IND_JAMMU_AND_KASHMIR_JAMMU
Jammu and Kashmir,KARGIL,1997,2014,104,16,17,3,IND_JAMMU_AND_KASHMIR_KARGIL
Jammu and Kashmir,KATHUA,1997,2014,459,17,38,3,IND_JAMMU_AND_KASHMIR_KATHUA
Jammu and Kashmir,KISHTWAR,2007,2014,118,8,18,2,IND_JAMMU_AND_KASHMIR_KISHTWAR
Jammu and Kashmir,KULGAM,2007,2014,99,8,15,2,IND_JAMMU_AND_KASHMIR_KULGAM
Jammu and Kashmir,KUPWARA,1997,2014,112,15,12,3,IND_JAMMU_AND_KASHMIR_KUPWARA
Jammu and Kashmir,LEH LADAKH,1997,2014,190,17,22,3,IND_JAMMU_AND_KASHMIR_LEH_LADAKH
Jammu and Kashmir,POONCH,1997,2014,189,17,18,3,IND_JAMMU_AND_KASHMIR_POONCH
Jammu and Kashmir,PULWAMA,1997,2014,253,17,17,3,IND_JAMMU_AND_KASHMIR_PULWAMA
Jammu and Kashmir,RAJAURI,1997,2014,296,17,35,3,IND_JAMMU_AND_KASHMIR_RAJAURI
Jammu and Kashmir,RAMBAN,2007,2014,46,8,5,2,IND_JAMMU_AND_KASHMIR_RAMBAN
Jammu and Kashmir,REASI,2007,2014,152,8,29,2,IND_JAMMU_AND_KASHMIR_REASI
Jammu and Kashmir,SAMBA,2007,2014,154,8,26,2,IND_JAMMU_AND_KASHMIR_SAMBA
Jammu and Kashmir,SHOPIAN,2007,2014,58,8,8,2,IND_JAMMU_AND_KASHMIR_SHOPIAN
Jammu and Kashmir,SRINAGAR,1997,2014,277,17,26,3,IND_JAMMU_AND_KASHMIR_SRINAGAR
Jammu and Kashmir,UDHAMPUR,1997,2014,417,17,34,3,IND_JAMMU_AND_KASHMIR_UDHAMPUR
Jharkhand,BOKARO,2002,2014,156,13,9,3,IND_JHARKHAND_BOKARO
Jharkhand,CHATRA,2002,2014,196,13,12,5,IND_JHARKHAND_CHATRA
Jharkhand,DEOGHAR,2002,2014,166,13,10,3,IND_JHARKHAND_DEOGHAR
Jharkhand,DHANBAD,2002,2014,128,13,9,3,IND_JHARKHAND_DHANBAD
Jharkhand,DUMKA,2002,2014,190,13,10,4,IND_JHARKHAND_DUMKA
Jharkhand,EAST SINGHBUM,2002,2014,156,13,12,4,IND_JHARKHAND_EAST_SINGHBUM
Jharkhand,GARHWA,2002,2014,209,13,13,5,IND_JHARKHAND_GARHWA
Jharkhand,GIRIDIH,2002,2014,184,13,9,4,IND_JHARKHAND_GIRIDIH
Jharkhand,GODDA,2002,2014,212,13,12,5,IND_JHARKHAND_GODDA
Jharkhand,GUMLA,2002,2014,210,13,12,5,IND_JHARKHAND_GUMLA
Jharkhand,HAZARIBAGH,2002,2014,232,13,13,5,IND_JHARKHAND_HAZARIBAGH
Jharkhand,JAMTARA,2003,2014,156,12,9,3,IND_JHARKHAND_JAMTARA
Jharkhand,KHUNTI,2008,2014,82,7,11,3,IND_JHARKHAND_KHUNTI
Jharkhand,KODERMA,2002,2014,189,13,12,5,IND_JHARKHAND_KODERMA
Jharkhand,LATEHAR,2003,2014,196,12,12,5,IND_JHARKHAND_LATEHAR
Jharkhand,LOHARDAGA,2002,2014,200,13,12,5,IND_JHARKHAND_LOHARDAGA
Jharkhand,PAKUR,2002,2014,176,13,11,5,IND_JHARKHAND_PAKUR
Jharkhand,PALAMU,2002,2014,222,13,13,5,IND_JHARKHAND_PALAMU
Jharkhand,RAMGARH,2008,2014,79,7,9,3,IND_JHARKHAND_RAMGARH
Jharkhand,RANCHI,2002,2014,217,13,11,5,IND_JHARKHAND_RANCHI
Jharkhand,SAHEBGANJ,2002,2014,170,13,12,5,IND_JHARKHAND_SAHEBGANJ
Jharkhand,SARAIKELA KHARSAWAN,2003,2014,150,12,12,5,IND_JHARKHAND_SARAIKELA_KHARSAWAN
Jharkhand,SIMDEGA,2003,2014,179,12,12,5,IND_JHARKHAND_SIMDEGA
Jharkhand,WEST SINGHBHUM,2002,2014,168,13,11,4,IND_JHARKHAND_WEST_SINGHBHUM
Karnataka,BAGALKOT,1998,2014,1445,17,52,4,IND_KARNATAKA_BAGALKOT
Karnataka,BANGALORE RURAL,1997,2014,1556,18,55,4,IND_KARNATAKA_BANGALORE_RURAL
Karnataka,BELGAUM,1997,2014,1827,18,58,4,IND_KARNATAKA_BELGAUM
Karnataka,BELLARY,1997,2014,1752,18,55,4,IND_KARNATAKA_BELLARY
Karnataka,BENGALURU URBAN,1997,2014,1319,18,50,4,IND_KARNATAKA_BENGALURU_URBAN
Karnataka,BIDAR,1997,2014,1541,18,54,4,IND_KARNATAKA_BIDAR
Karnataka,BIJAPUR,1997,2014,1380,18,45,4,IND_KARNATAKA_BIJAPUR
Karnataka,CHAMARAJANAGAR,1998,2014,1663,17,56,4,IND_KARNATAKA_CHAMARAJANAGAR
Karnataka,CHIKBALLAPUR,2007,2014,656,8,34,4,IND_KARNATAKA_CHIKBALLAPUR
Karnataka,CHIKMAGALUR,1997,2014,1619,18,58,4,IND_KARNATAKA_CHIKMAGALUR
Karnataka,CHITRADURGA,1997,2014,1656,18,55,4,IND_KARNATAKA_CHITRADURGA
Karnataka,DAKSHIN KANNAD,1997,2014,714,18,37,4,IND_KARNATAKA_DAKSHIN_KANNAD
Karnataka,DAVANGERE,1998,2014,1742,17,58,4,IND_KARNATAKA_DAVANGERE
Karnataka,DHARWAD,1997,2014,1624,18,57,4,IND_KARNATAKA_DHARWAD
Karnataka,GADAG,1998,2014,1493,17,52,4,IND_KARNATAKA_GADAG
Karnataka,GULBARGA,1997,2014,1645,18,55,4,IND_KARNATAKA_GULBARGA
Karnataka,HASSAN,1997,2014,1767,18,57,4,IND_KARNATAKA_HASSAN
Karnataka,HAVERI,1998,2014,1714,17,57,4,IND_KARNATAKA_HAVERI
Karnataka,KODAGU,1997,2014,825,18,45,4,IND_KARNATAKA_KODAGU
Karnataka,KOLAR,1997,2014,1234,18,49,4,IND_KARNATAKA_KOLAR
Karnataka,KOPPAL,1998,2014,1341,17,44,4,IND_KARNATAKA_KOPPAL
Karnataka,MANDYA,1997,2014,1531,18,55,4,IND_KARNATAKA_MANDYA
Karnataka,MYSORE,1997,2014,1640,18,58,4,IND_KARNATAKA_MYSORE
Karnataka,RAICHUR,1997,2014,1365,18,47,4,IND_KARNATAKA_RAICHUR
Karnataka,RAMANAGARA,2007,2014,620,8,39,4,IND_KARNATAKA_RAMANAGARA
Karnataka,SHIMOGA,1997,2014,1625,18,58,4,IND_KARNATAKA_SHIMOGA
Karnataka,TUMKUR,1997,2014,1837,18,59,4,IND_KARNATAKA_TUMKUR
Karnataka,UDUPI,1998,2014,738,17,37,4,IND_KARNATAKA_UDUPI
Karnataka,UTTAR KANNAD,1997,2014,1325,18,49,4,IND_KARNATAKA_UTTAR_KANNAD
Karnataka,YADGIR,2010,2014,420,5,29,4,IND_KARNATAKA_YADGIR
Kerala,ALAPPUZHA,1997,2014,526,18,30,5,IND_KERALA_ALAPPUZHA
Kerala,ERNAKULAM,1997,2014,507,18,31,5,IND_KERALA_ERNAKULAM
Kerala,IDUKKI,1997,2014,636,18,40,5,IND_KERALA_IDUKKI
Kerala,KANNUR,1997,2014,500,18,31,5,IND_KERALA_KANNUR
Kerala,KASARAGOD,1997,2014,558,18,37,5,IND_KERALA_KASARAGOD
Kerala,KOLLAM,1997,2014,502,18,33,5,IND_KERALA_KOLLAM
Kerala,KOTTAYAM,1997,2014,532,18,32,5,IND_KERALA_KOTTAYAM
Kerala,KOZHIKODE,1997,2014,476,18,29,5,IND_KERALA_KOZHIKODE
Kerala,MALAPPURAM,1997,2014,543,18,34,5,IND_KERALA_MALAPPURAM
Kerala,PALAKKAD,1997,2014,710,18,42,5,IND_KERALA_PALAKKAD
Kerala,PATHANAMTHITTA,1997,2014,515,18,31,5,IND_KERALA_PATHANAMTHITTA
Kerala,THIRUVANANTHAPURAM,1997,2014,481,18,34,5,IND_KERALA_THIRUVANANTHAPURAM
Kerala,THRISSUR,1997,2014,510,18,34,5,IND_KERALA_THRISSUR
Kerala,WAYANAD,1997,2014,534,18,37,4,IND_KERALA_WAYANAD
Madhya Pradesh,AGAR MALWA,2013,2014,68,2,30,3,IND_MADHYA_PRADESH_AGAR_MALWA
Madhya Pradesh,ALIRAJPUR,2008,2014,368,7,32,3,IND_MADHYA_PRADESH_ALIRAJPUR
Madhya Pradesh,ANUPPUR,2002,2014,678,13,50,3,IND_MADHYA_PRADESH_ANUPPUR
Madhya Pradesh,ASHOKNAGAR,2003,2014,580,12,47,3,IND_MADHYA_PRADESH_ASHOKNAGAR
Madhya Pradesh,BALAGHAT,1997,2014,1130,18,58,3,IND_MADHYA_PRADESH_BALAGHAT
Madhya Pradesh,BARWANI,1998,2014,958,17,55,3,IND_MADHYA_PRADESH_BARWANI
Madhya Pradesh,BASTAR,1997,1999,44,3,25,3,IND_MADHYA_PRADESH_BASTAR
Madhya Pradesh,BETUL,1997,2014,1002,18,56,3,IND_MADHYA_PRADESH_BETUL
Madhya Pradesh,BHIND,1997,2014,775,18,50,3,IND_MADHYA_PRADESH_BHIND
Madhya Pradesh,BHOPAL,1997,2014,802,18,49,3,IND_MADHYA_PRADESH_BHOPAL
Madhya Pradesh,BILASPUR,1997,1999,44,3,25,3,IND_MADHYA_PRADESH_BILASPUR
Madhya Pradesh,BURHANPUR,2003,2014,662,12,51,3,IND_MADHYA_PRADESH_BURHANPUR
Madhya Pradesh,CHHATARPUR,1997,2014,1018,18,54,3,IND_MADHYA_PRADESH_CHHATARPUR
Madhya Pradesh,CHHINDWARA,1997,2014,1131,18,58,3,IND_MADHYA_PRADESH_CHHINDWARA
Madhya Pradesh,DAMOH,1997,2014,975,18,52,3,IND_MADHYA_PRADESH_DAMOH
Madhya Pradesh,DANTEWADA,1998,1999,31,2,24,3,IND_MADHYA_PRADESH_DANTEWADA
Madhya Pradesh,DATIA,1997,2014,855,18,50,3,IND_MADHYA_PRADESH_DATIA
Madhya Pradesh,DEWAS,1997,2014,919,18,55,3,IND_MADHYA_PRADESH_DEWAS
Madhya Pradesh,DHAMTARI,1998,1999,28,2,20,3,IND_MADHYA_PRADESH_DHAMTARI
Madhya Pradesh,DHAR,1997,2014,1095,18,59,3,IND_MADHYA_PRADESH_DHAR
Madhya Pradesh,DINDORI,1998,2014,806,17,43,3,IND_MADHYA_PRADESH_DINDORI
Madhya Pradesh,DURG,1997,1999,43,3,23,3,IND_MADHYA_PRADESH_DURG
Madhya Pradesh,GUNA,1997,2014,880,18,50,3,IND_MADHYA_PRADESH_GUNA
Madhya Pradesh,GWALIOR,1997,2014,783,18,45,3,IND_MADHYA_PRADESH_GWALIOR
Madhya Pradesh,HARDA,1998,2014,928,17,55,3,IND_MADHYA_PRADESH_HARDA
Madhya Pradesh,HOSHANGABAD,1997,2014,1060,18,60,3,IND_MADHYA_PRADESH_HOSHANGABAD
Madhya Pradesh,INDORE,1997,2014,810,18,50,3,IND_MADHYA_PRADESH_INDORE
Madhya Pradesh,JABALPUR,1997,2014,987,18,54,3,IND_MADHYA_PRADESH_JABALPUR
Madhya Pradesh,JANJGIR-CHAMPA,1998,1999,29,2,21,3,IND_MADHYA_PRADESH_JANJGIR_CHAMPA
Madhya Pradesh,JASHPUR,1998,1999,30,2,22,3,IND_MADHYA_PRADESH_JASHPUR
Madhya Pradesh,JHABUA,1997,2014,942,18,54,3,IND_MADHYA_PRADESH_JHABUA
Madhya Pradesh,KABIRDHAM,1998,1998,12,1,12,3,IND_MADHYA_PRADESH_KABIRDHAM
Madhya Pradesh,KANKER,1998,1999,31,2,23,3,IND_MADHYA_PRADESH_KANKER
Madhya Pradesh,KATNI,1998,2014,923,17,52,3,IND_MADHYA_PRADESH_KATNI
Madhya Pradesh,KHANDWA,1997,2014,1123,18,62,3,IND_MADHYA_PRADESH_KHANDWA
Madhya Pradesh,KHARGONE,1997,2014,1012,18,58,3,IND_MADHYA_PRADESH_KHARGONE
Madhya Pradesh,KORBA,1998,1999,29,2,21,3,IND_MADHYA_PRADESH_KORBA
Madhya Pradesh,KOREA,1998,1999,29,2,22,3,IND_MADHYA_PRADESH_KOREA
Madhya Pradesh,MAHASAMUND,1998,1999,29,2,21,3,IND_MADHYA_PRADESH_MAHASAMUND
Madhya Pradesh,MANDLA,1997,2014,953,18,48,3,IND_MADHYA_PRADESH_MANDLA
Madhya Pradesh,MANDSAUR,1997,2014,866,18,55,3,IND_MADHYA_PRADESH_MANDSAUR
Madhya Pradesh,MORENA,1997,2014,766,18,43,3,IND_MADHYA_PRADESH_MORENA
Madhya Pradesh,NARSINGHPUR,1997,2014,972,18,54,3,IND_MADHYA_PRADESH_NARSINGHPUR
Madhya Pradesh,NEEMUCH,1998,2014,802,17,51,3,IND_MADHYA_PRADESH_NEEMUCH
Madhya Pradesh,PANNA,1997,2014,956,18,55,3,IND_MADHYA_PRADESH_PANNA
Madhya Pradesh,RAIPUR,1997,1999,46,3,25,3,IND_MADHYA_PRADESH_RAIPUR
Madhya Pradesh,RAISEN,1997,2014,949,18,54,3,IND_MADHYA_PRADESH_RAISEN
Madhya Pradesh,RAJGARH,1997,2014,835,18,58,3,IND_MADHYA_PRADESH_RAJGARH
Madhya Pradesh,RAJNANDGAON,1997,1999,45,3,26,3,IND_MADHYA_PRADESH_RAJNANDGAON
Madhya Pradesh,RATLAM,1997,2014,976,18,57,3,IND_MADHYA_PRADESH_RATLAM
Madhya Pradesh,REWA,1997,2014,996,18,56,3,IND_MADHYA_PRADESH_REWA
Madhya Pradesh,SAGAR,1997,2014,1036,18,57,3,IND_MADHYA_PRADESH_SAGAR
Madhya Pradesh,SATNA,1997,2014,976,18,56,3,IND_MADHYA_PRADESH_SATNA
Madhya Pradesh,SEHORE,1997,2014,886,18,51,3,IND_MADHYA_PRADESH_SEHORE
Madhya Pradesh,SEONI,1997,2014,1067,18,58,3,IND_MADHYA_PRADESH_SEONI
Madhya Pradesh,SHAHDOL,1997,2014,1004,18,58,3,IND_MADHYA_PRADESH_SHAHDOL
Madhya Pradesh,SHAJAPUR,1997,2014,882,18,54,3,IND_MADHYA_PRADESH_SHAJAPUR
Madhya Pradesh,SHEOPUR,1998,2014,736,17,42,3,IND_MADHYA_PRADESH_SHEOPUR
Madhya Pradesh,SHIVPURI,1997,2014,948,18,54,3,IND_MADHYA_PRADESH_SHIVPURI
Madhya Pradesh,SIDHI,1997,2014,976,18,55,3,IND_MADHYA_PRADESH_SIDHI
Madhya Pradesh,SINGRAULI,2008,2014,373,7,35,3,IND_MADHYA_PRADESH_SINGRAULI
Madhya Pradesh,SURGUJA,1997,1999,45,3,25,3,IND_MADHYA_PRADESH_SURGUJA
Madhya Pradesh,TIKAMGARH,1997,2014,957,18,53,3,IND_MADHYA_PRADESH_TIKAMGARH
Madhya Pradesh,UJJAIN,1997,2014,888,18,57,3,IND_MADHYA_PRADESH_UJJAIN
Madhya Pradesh,UMARIA,1998,2014,866,17,48,3,IND_MADHYA_PRADESH_UMARIA
Madhya Pradesh,VIDISHA,1997,2014,872,18,52,3,IND_MADHYA_PRADESH_VIDISHA
Maharashtra,AHMEDNAGAR,1997,2014,1010,18,35,5,IND_MAHARASHTRA_AHMEDNAGAR
Maharashtra,AKOLA,1997,2014,722,18,31,4,IND_MAHARASHTRA_AKOLA
Maharashtra,AMRAVATI,1997,2014,820,18,34,4,IND_MAHARASHTRA_AMRAVATI
Maharashtra,AURANGABAD,1997,2014,879,18,32,4,IND_MAHARASHTRA_AURANGABAD
Maharashtra,BEED,1997,2014,964,18,34,4,IND_MAHARASHTRA_BEED
Maharashtra,BHANDARA,1997,2014,585,18,29,4,IND_MAHARASHTRA_BHANDARA
Maharashtra,BULDHANA,1997,2014,826,18,34,4,IND_MAHARASHTRA_BULDHANA
Maharashtra,CHANDRAPUR,1997,2014,678,18,31,4,IND_MAHARASHTRA_CHANDRAPUR
Maharashtra,DHULE,1997,2014,868,18,34,5,IND_MAHARASHTRA_DHULE
Maharashtra,GADCHIROLI,1997,2014,629,18,28,4,IND_MAHARASHTRA_GADCHIROLI
Maharashtra,GONDIA,1999,2014,472,16,25,4,IND_MAHARASHTRA_GONDIA
Maharashtra,HINGOLI,1999,2014,786,16,30,4,IND_MAHARASHTRA_HINGOLI
Maharashtra,JALGAON,1997,2014,828,18,32,5,IND_MAHARASHTRA_JALGAON
Maharashtra,JALNA,1997,2014,883,18,34,4,IND_MAHARASHTRA_JALNA
Maharashtra,KOLHAPUR,1997,2014,855,18,32,4,IND_MAHARASHTRA_KOLHAPUR
Maharashtra,LATUR,1997,2014,970,18,32,4,IND_MAHARASHTRA_LATUR
Maharashtra,MUMBAI,1997,1997,2,1,1,1,IND_MAHARASHTRA_MUMBAI
Maharashtra,NAGPUR,1997,2014,789,18,32,4,IND_MAHARASHTRA_NAGPUR
Maharashtra,NANDED,1997,2014,950,18,33,4,IND_MAHARASHTRA_NANDED
Maharashtra,NANDURBAR,1999,2014,786,16,30,4,IND_MAHARASHTRA_NANDURBAR
Maharashtra,NASHIK,1997,2014,946,18,34,5,IND_MAHARASHTRA_NASHIK
Maharashtra,OSMANABAD,1997,2014,962,18,34,5,IND_MAHARASHTRA_OSMANABAD
Maharashtra,PALGHAR,2005,2014,23,3,12,3,IND_MAHARASHTRA_PALGHAR
Maharashtra,PARBHANI,1997,2014,971,18,34,4,IND_MAHARASHTRA_PARBHANI
Maharashtra,PUNE,1997,2014,1013,18,34,5,IND_MAHARASHTRA_PUNE
Maharashtra,RAIGAD,1997,2014,492,18,22,4,IND_MAHARASHTRA_RAIGAD
Maharashtra,RATNAGIRI,1997,2014,445,18,21,4,IND_MAHARASHTRA_RATNAGIRI
Maharashtra,SANGLI,1997,2014,929,18,33,4,IND_MAHARASHTRA_SANGLI
Maharashtra,SATARA,1997,2014,985,18,34,4,IND_MAHARASHTRA_SATARA
Maharashtra,SINDHUDURG,1997,2014,426,18,20,4,IND_MAHARASHTRA_SINDHUDURG
Maharashtra,SOLAPUR,1997,2014,938,18,34,4,IND_MAHARASHTRA_SOLAPUR
Maharashtra,THANE,1997,2014,569,18,24,4,IND_MAHARASHTRA_THANE
Maharashtra,WARDHA,1997,2014,653,18,33,4,IND_MAHARASHTRA_WARDHA
Maharashtra,WASHIM,1999,2014,616,16,29,4,IND_MAHARASHTRA_WASHIM
Maharashtra,YAVATMAL,1997,2014,713,18,34,4,IND_MAHARASHTRA_YAVATMAL
Manipur,BISHNUPUR,1997,2014,419,18,45,6,IND_MANIPUR_BISHNUPUR
Manipur,CHANDEL,1997,2014,437,18,45,6,IND_MANIPUR_CHANDEL
Manipur,CHURACHANDPUR,1997,2014,418,18,47,6,IND_MANIPUR_CHURACHANDPUR
Manipur,IMPHAL EAST,1997,2014,374,18,46,6,IND_MANIPUR_IMPHAL_EAST
Manipur,IMPHAL WEST,1997,2014,367,18,43,6,IND_MANIPUR_IMPHAL_WEST
Manipur,SENAPATI,1997,2014,449,18,45,6,IND_MANIPUR_SENAPATI
Manipur,TAMENGLONG,1997,2014,349,18,43,6,IND_MANIPUR_TAMENGLONG
Manipur,THOUBAL,1997,2014,379,18,43,6,IND_MANIPUR_THOUBAL
Manipur,UKHRUL,1997,2014,392,18,43,6,IND_MANIPUR_UKHRUL
Meghalaya,EAST GARO HILLS,1997,2014,936,18,39,6,IND_MEGHALAYA_EAST_GARO_HILLS
Meghalaya,EAST JAINTIA HILLS,1997,2014,650,18,30,6,IND_MEGHALAYA_EAST_JAINTIA_HILLS
Meghalaya,EAST KHASI HILLS,1997,2014,607,18,29,6,IND_MEGHALAYA_EAST_KHASI_HILLS
Meghalaya,NORTH GARO HILLS,2013,2014,117,2,30,6,IND_MEGHALAYA_NORTH_GARO_HILLS
Meghalaya,RI BHOI,1997,2014,603,18,30,6,IND_MEGHALAYA_RI_BHOI
Meghalaya,SOUTH GARO HILLS,1997,2014,868,18,37,6,IND_MEGHALAYA_SOUTH_GARO_HILLS
Meghalaya,SOUTH WEST GARO HILLS,2013,2014,121,2,31,6,IND_MEGHALAYA_SOUTH_WEST_GARO_HILLS
Meghalaya,SOUTH WEST KHASI HILLS,2013,2014,73,2,19,6,IND_MEGHALAYA_SOUTH_WEST_KHASI_HILLS
Meghalaya,WEST GARO HILLS,1997,2014,964,18,40,6,IND_MEGHALAYA_WEST_GARO_HILLS
Meghalaya,WEST JAINTIA HILLS,2013,2014,77,2,20,6,IND_MEGHALAYA_WEST_JAINTIA_HILLS
Meghalaya,WEST KHASI HILLS,1997,2014,683,18,31,6,IND_MEGHALAYA_WEST_KHASI_HILLS
Mizoram,AIZAWL,1997,2014,427,18,26,4,IND_MIZORAM_AIZAWL
Mizoram,CHAMPHAI,1997,2014,348,18,21,4,IND_MIZORAM_CHAMPHAI
Mizoram,KOLASIB,1997,2014,437,18,24,4,IND_MIZORAM_KOLASIB
Mizoram,LAWNGTLAI,2004,2014,184,11,20,4,IND_MIZORAM_LAWNGTLAI
Mizoram,LUNGLEI,1997,2014,449,18,25,4,IND_MIZORAM_LUNGLEI
Mizoram,MAMIT,2003,2014,287,12,23,4,IND_MIZORAM_MAMIT
Mizoram,SAIHA,2003,2014,188,12,20,4,IND_MIZORAM_SAIHA
Mizoram,SERCHHIP,2004,2014,136,11,14,4,IND_MIZORAM_SERCHHIP
Nagaland,DIMAPUR,2000,2014,822,15,44,3,IND_NAGALAND_DIMAPUR
Nagaland,KIPHIRE,2008,2014,342,7,40,2,IND_NAGALAND_KIPHIRE
Nagaland,KOHIMA,1997,2014,848,18,47,3,IND_NAGALAND_KOHIMA
Nagaland,LONGLENG,2008,2014,306,7,39,2,IND_NAGALAND_LONGLENG
Nagaland,MOKOKCHUNG,1997,2014,856,18,48,3,IND_NAGALAND_MOKOKCHUNG
Nagaland,MON,1997,2014,867,18,49,3,IND_NAGALAND_MON
Nagaland,PEREN,2008,2014,354,7,35,2,IND_NAGALAND_PEREN
Nagaland,PHEK,1997,2014,830,18,46,3,IND_NAGALAND_PHEK
Nagaland,TUENSANG,1997,2014,774,18,47,3,IND_NAGALAND_TUENSANG
Nagaland,WOKHA,1997,2014,898,18,48,3,IND_NAGALAND_WOKHA
Nagaland,ZUNHEBOTO,1997,2014,808,18,45,3,IND_NAGALAND_ZUNHEBOTO
Odisha,ANUGUL,1997,2014,947,18,35,6,IND_ODISHA_ANUGUL
Odisha,BALANGIR,1997,2014,991,18,38,6,IND_ODISHA_BALANGIR
Odisha,BALESHWAR,1997,2014,727,18,32,6,IND_ODISHA_BALESHWAR
Odisha,BARGARH,1997,2014,879,18,34,6,IND_ODISHA_BARGARH
Odisha,BHADRAK,1997,2014,653,18,28,6,IND_ODISHA_BHADRAK
Odisha,BOUDH,1997,2014,909,18,34,6,IND_ODISHA_BOUDH
Odisha,CUTTACK,1997,2014,927,18,33,6,IND_ODISHA_CUTTACK
Odisha,DEOGARH,1997,2014,891,18,32,6,IND_ODISHA_DEOGARH
Odisha,DHENKANAL,1997,2014,897,18,32,6,IND_ODISHA_DHENKANAL
Odisha,GAJAPATI,1997,2014,871,18,37,6,IND_ODISHA_GAJAPATI
Odisha,GANJAM,1997,2014,1001,18,38,6,IND_ODISHA_GANJAM
Odisha,JAGATSINGHAPUR,1997,2014,673,18,31,6,IND_ODISHA_JAGATSINGHAPUR
Odisha,JAJAPUR,1997,2014,803,18,32,6,IND_ODISHA_JAJAPUR
Odisha,JHARSUGUDA,1997,2014,747,18,30,6,IND_ODISHA_JHARSUGUDA
Odisha,KALAHANDI,1997,2014,951,18,40,6,IND_ODISHA_KALAHANDI
Odisha,KANDHAMAL,1997,2014,845,18,36,6,IND_ODISHA_KANDHAMAL
Odisha,KENDRAPARA,1997,2014,653,18,29,6,IND_ODISHA_KENDRAPARA
Odisha,KENDUJHAR,1997,2014,987,18,39,6,IND_ODISHA_KENDUJHAR
Odisha,KHORDHA,1997,2014,829,18,33,6,IND_ODISHA_KHORDHA
Odisha,KORAPUT,1997,2014,979,18,39,6,IND_ODISHA_KORAPUT
Odisha,MALKANGIRI,1997,2014,721,18,35,6,IND_ODISHA_MALKANGIRI
Odisha,MAYURBHANJ,1997,2014,1009,18,38,6,IND_ODISHA_MAYURBHANJ
Odisha,NABARANGPUR,1997,2014,861,18,38,6,IND_ODISHA_NABARANGPUR
Odisha,NAYAGARH,1997,2014,881,18,37,6,IND_ODISHA_NAYAGARH
Odisha,NUAPADA,1997,2014,913,18,40,6,IND_ODISHA_NUAPADA
Odisha,PURI,1997,2014,649,18,30,6,IND_ODISHA_PURI
Odisha,RAYAGADA,1997,2014,987,18,35,6,IND_ODISHA_RAYAGADA
Odisha,SAMBALPUR,1997,2014,919,18,32,6,IND_ODISHA_SAMBALPUR
Odisha,SONEPUR,1997,2014,833,18,34,6,IND_ODISHA_SONEPUR
Odisha,SUNDARGARH,1997,2014,973,18,38,6,IND_ODISHA_SUNDARGARH
Puducherry,KARAIKAL,1998,2014,413,17,24,6,IND_PUDUCHERRY_KARAIKAL
Puducherry,MAHE,1998,2011,174,14,15,3,IND_PUDUCHERRY_MAHE
Puducherry,PONDICHERRY,1998,2014,864,17,31,6,IND_PUDUCHERRY_PONDICHERRY
Puducherry,YANAM,1998,2014,242,17,17,6,IND_PUDUCHERRY_YANAM
Punjab,AMRITSAR,1997,2014,386,18,18,3,IND_PUNJAB_AMRITSAR
Punjab,BARNALA,2007,2014,132,8,10,3,IND_PUNJAB_BARNALA
Punjab,BATHINDA,1997,2014,367,18,15,3,IND_PUNJAB_BATHINDA
Punjab,FARIDKOT,1997,2014,280,18,13,3,IND_PUNJAB_FARIDKOT
Punjab,FATEHGARH SAHIB,1997,2014,223,18,14,3,IND_PUNJAB_FATEHGARH_SAHIB
Punjab,FAZILKA,2011,2014,51,4,10,3,IND_PUNJAB_FAZILKA
Punjab,FIROZEPUR,1997,2014,384,18,19,3,IND_PUNJAB_FIROZEPUR
Punjab,GURDASPUR,1997,2014,333,18,17,3,IND_PUNJAB_GURDASPUR
Punjab,HOSHIARPUR,1997,2014,409,18,18,3,IND_PUNJAB_HOSHIARPUR
Punjab,JALANDHAR,1997,2014,341,18,18,3,IND_PUNJAB_JALANDHAR
Punjab,KAPURTHALA,1997,2014,238,18,16,3,IND_PUNJAB_KAPURTHALA
Punjab,LUDHIANA,1997,2014,368,18,19,3,IND_PUNJAB_LUDHIANA
Punjab,MANSA,1997,2014,358,18,14,3,IND_PUNJAB_MANSA
Punjab,MOGA,1997,2014,295,18,13,3,IND_PUNJAB_MOGA
Punjab,MUKTSAR,1997,2014,360,18,18,3,IND_PUNJAB_MUKTSAR
Punjab,NAWANSHAHR,1997,2014,248,18,16,3,IND_PUNJAB_NAWANSHAHR
Punjab,PATHANKOT,2011,2014,52,4,10,3,IND_PUNJAB_PATHANKOT
Punjab,PATIALA,1997,2014,369,18,17,3,IND_PUNJAB_PATIALA
Punjab,RUPNAGAR,1997,2014,331,18,18,3,IND_PUNJAB_RUPNAGAR
Punjab,S,2006,2014,73,9,12,3,IND_PUNJAB_S
Punjab,S.A.S NAGAR,2006,2014,73,9,12,3,IND_PUNJAB_S_A_S_NAGAR
Punjab,SANGRUR,1997,2014,425,18,20,3,IND_PUNJAB_SANGRUR
Punjab,TARN TARAN,2006,2014,161,9,14,3,IND_PUNJAB_TARN_TARAN
Rajasthan,AJMER,1997,2014,887,18,41,3,IND_RAJASTHAN_AJMER
Rajasthan,ALWAR,1997,2014,924,18,49,3,IND_RAJASTHAN_ALWAR
Rajasthan,BANSWARA,1997,2014,915,18,43,3,IND_RAJASTHAN_BANSWARA
Rajasthan,BARAN,1997,2014,900,18,46,3,IND_RAJASTHAN_BARAN
Rajasthan,BARMER,1997,2014,583,18,30,3,IND_RAJASTHAN_BARMER
Rajasthan,BHARATPUR,1997,2014,950,18,45,3,IND_RAJASTHAN_BHARATPUR
Rajasthan,BHILWARA,1997,2014,976,18,45,3,IND_RAJASTHAN_BHILWARA
Rajasthan,BIKANER,1997,2014,721,18,39,3,IND_RAJASTHAN_BIKANER
Rajasthan,BUNDI,1997,2014,934,18,43,3,IND_RAJASTHAN_BUNDI
Rajasthan,CHITTORGARH,1997,2014,1002,18,46,3,IND_RAJASTHAN_CHITTORGARH
Rajasthan,CHURU,1997,2014,571,18,31,3,IND_RAJASTHAN_CHURU
Rajasthan,DAUSA,1997,2014,849,18,41,3,IND_RAJASTHAN_DAUSA
Rajasthan,DHOLPUR,1997,2014,857,18,40,3,IND_RAJASTHAN_DHOLPUR
Rajasthan,DUNGARPUR,1997,2014,862,18,41,3,IND_RAJASTHAN_DUNGARPUR
Rajasthan,GANGANAGAR,1997,2014,862,18,43,3,IND_RAJASTHAN_GANGANAGAR
Rajasthan,HANUMANGARH,1997,2014,793,18,41,3,IND_RAJASTHAN_HANUMANGARH
Rajasthan,JAIPUR,1997,2014,898,18,41,3,IND_RAJASTHAN_JAIPUR
Rajasthan,JAISALMER,1997,2014,567,18,32,3,IND_RAJASTHAN_JAISALMER
Rajasthan,JALORE,1997,2014,806,18,42,3,IND_RAJASTHAN_JALORE
Rajasthan,JHALAWAR,1997,2014,923,18,47,3,IND_RAJASTHAN_JHALAWAR
Rajasthan,JHUNJHUNU,1997,2014,726,18,42,3,IND_RAJASTHAN_JHUNJHUNU
Rajasthan,JODHPUR,1997,2014,709,18,40,3,IND_RAJASTHAN_JODHPUR
Rajasthan,KARAULI,1997,2014,877,18,41,3,IND_RAJASTHAN_KARAULI
Rajasthan,KOTA,1997,2014,861,18,41,3,IND_RAJASTHAN_KOTA
Rajasthan,NAGAUR,1997,2014,782,18,42,3,IND_RAJASTHAN_NAGAUR
Rajasthan,PALI,1997,2014,858,18,43,3,IND_RAJASTHAN_PALI
Rajasthan,PRATAPGARH,2008,2014,290,7,33,3,IND_RAJASTHAN_PRATAPGARH
Rajasthan,RAJSAMAND,1997,2014,877,18,45,3,IND_RAJASTHAN_RAJSAMAND
Rajasthan,SAWAI MADHOPUR,1997,2014,925,18,39,3,IND_RAJASTHAN_SAWAI_MADHOPUR
Rajasthan,SIKAR,1997,2014,792,18,42,3,IND_RAJASTHAN_SIKAR
Rajasthan,SIROHI,1997,2014,886,18,41,3,IND_RAJASTHAN_SIROHI
Rajasthan,TONK,1997,2014,932,18,44,3,IND_RAJASTHAN_TONK
Rajasthan,UDAIPUR,1997,2014,1001,18,43,3,IND_RAJASTHAN_UDAIPUR
Sikkim,EAST DISTRICT,1997,2014,342,18,20,3,IND_SIKKIM_EAST_DISTRICT
Sikkim,NORTH DISTRICT,1997,2014,330,18,19,3,IND_SIKKIM_NORTH_DISTRICT
Sikkim,SOUTH DISTRICT,1997,2014,352,18,20,3,IND_SIKKIM_SOUTH_DISTRICT
Sikkim,WEST DISTRICT,1997,2014,350,18,20,3,IND_SIKKIM_WEST_DISTRICT
Tamil Nadu,ARIYALUR,2009,2014,254,6,26,3,IND_TAMIL_NADU_ARIYALUR
Tamil Nadu,COIMBATORE,1997,2014,1012,18,76,3,IND_TAMIL_NADU_COIMBATORE
Tamil Nadu,CUDDALORE,1997,2014,890,18,62,3,IND_TAMIL_NADU_CUDDALORE
Tamil Nadu,DHARMAPURI,1997,2014,1004,18,78,3,IND_TAMIL_NADU_DHARMAPURI
Tamil Nadu,DINDIGUL,1997,2014,1123,18,84,3,IND_TAMIL_NADU_DINDIGUL
Tamil Nadu,ERODE,1997,2014,1047,18,77,3,IND_TAMIL_NADU_ERODE
Tamil Nadu,KANCHIPURAM,1997,2014,758,18,59,3,IND_TAMIL_NADU_KANCHIPURAM
Tamil Nadu,KANNIYAKUMARI,1997,2014,466,18,51,3,IND_TAMIL_NADU_KANNIYAKUMARI
Tamil Nadu,KARUR,1997,2014,888,18,61,3,IND_TAMIL_NADU_KARUR
Tamil Nadu,KRISHNAGIRI,2002,2014,665,13,68,3,IND_TAMIL_NADU_KRISHNAGIRI
Tamil Nadu,MADURAI,1997,2014,930,18,70,3,IND_TAMIL_NADU_MADURAI
Tamil Nadu,NAGAPATTINAM,1997,2014,579,18,51,3,IND_TAMIL_NADU_NAGAPATTINAM
Tamil Nadu,NAMAKKAL,1997,2014,1003,18,76,3,IND_TAMIL_NADU_NAMAKKAL
Tamil Nadu,PERAMBALUR,1997,2014,906,18,58,3,IND_TAMIL_NADU_PERAMBALUR
Tamil Nadu,PUDUKKOTTAI,1997,2014,817,18,58,3,IND_TAMIL_NADU_PUDUKKOTTAI
Tamil Nadu,RAMANATHAPURAM,1997,2014,723,18,46,3,IND_TAMIL_NADU_RAMANATHAPURAM
Tamil Nadu,SALEM,1997,2014,1062,18,82,3,IND_TAMIL_NADU_SALEM
Tamil Nadu,SIVAGANGA,1997,2014,802,18,58,3,IND_TAMIL_NADU_SIVAGANGA
Tamil Nadu,THANJAVUR,1997,2014,781,18,60,3,IND_TAMIL_NADU_THANJAVUR
Tamil Nadu,THE NILGIRIS,1997,2014,553,18,68,3,IND_TAMIL_NADU_THE_NILGIRIS
Tamil Nadu,THENI,1997,2014,980,18,74,3,IND_TAMIL_NADU_THENI
Tamil Nadu,THIRUVALLUR,1997,2014,762,18,60,3,IND_TAMIL_NADU_THIRUVALLUR
Tamil Nadu,THIRUVARUR,1997,2014,534,18,53,3,IND_TAMIL_NADU_THIRUVARUR
Tamil Nadu,THOOTHUKUDI,1998,2014,420,17,31,3,IND_TAMIL_NADU_THOOTHUKUDI
Tamil Nadu,TIRUCHIRAPPALLI,1997,2014,941,18,67,3,IND_TAMIL_NADU_TIRUCHIRAPPALLI
Tamil Nadu,TIRUNELVELI,1997,2014,1012,18,70,3,IND_TAMIL_NADU_TIRUNELVELI
Tamil Nadu,TIRUPPUR,2009,2014,270,6,29,3,IND_TAMIL_NADU_TIRUPPUR
Tamil Nadu,TIRUVANNAMALAI,1997,2014,936,18,69,3,IND_TAMIL_NADU_TIRUVANNAMALAI
Tamil Nadu,TUTICORIN,1997,2013,470,17,62,3,IND_TAMIL_NADU_TUTICORIN
Tamil Nadu,VELLORE,1997,2014,953,18,72,3,IND_TAMIL_NADU_VELLORE
Tamil Nadu,VILLUPURAM,1997,2014,942,18,66,3,IND_TAMIL_NADU_VILLUPURAM
Tamil Nadu,VIRUDHUNAGAR,1997,2014,936,18,68,3,IND_TAMIL_NADU_VIRUDHUNAGAR
Telangana,ADILABAD,1997,2014,726,17,57,3,IND_TELANGANA_ADILABAD
Telangana,HYDERABAD,1997,2000,8,4,2,2,IND_TELANGANA_HYDERABAD
Telangana,KARIMNAGAR,1997,2014,645,17,49,3,IND_TELANGANA_KARIMNAGAR
Telangana,KHAMMAM,1997,2014,660,17,52,3,IND_TELANGANA_KHAMMAM
Telangana,MAHBUBNAGAR,1997,2014,741,17,56,3,IND_TELANGANA_MAHBUBNAGAR
Telangana,MEDAK,1997,2014,796,17,59,3,IND_TELANGANA_MEDAK
Telangana,NALGONDA,1997,2014,583,17,48,3,IND_TELANGANA_NALGONDA
Telangana,NIZAMABAD,1997,2014,709,17,59,3,IND_TELANGANA_NIZAMABAD
Telangana,RANGAREDDI,1997,2014,774,17,60,3,IND_TELANGANA_RANGAREDDI
Telangana,WARANGAL,1997,2014,637,17,47,3,IND_TELANGANA_WARANGAL
Tripura,DHALAI,1998,2014,581,17,23,3,IND_TRIPURA_DHALAI
Tripura,GOMATI,2012,2014,122,3,19,3,IND_TRIPURA_GOMATI
Tripura,KHOWAI,2012,2014,122,3,19,3,IND_TRIPURA_KHOWAI
Tripura,NORTH TRIPURA,1998,2014,583,17,23,3,IND_TRIPURA_NORTH_TRIPURA
Tripura,SEPAHIJALA,2012,2014,114,3,18,3,IND_TRIPURA_SEPAHIJALA
Tripura,SOUTH TRIPURA,1998,2014,581,17,23,3,IND_TRIPURA_SOUTH_TRIPURA
Tripura,UNAKOTI,2012,2014,124,3,19,3,IND_TRIPURA_UNAKOTI
Tripura,WEST TRIPURA,1998,2014,577,17,23,3,IND_TRIPURA_WEST_TRIPURA
Uttar Pradesh,AGRA,1997,2014,933,18,39,4,IND_UTTAR_PRADESH_AGRA
Uttar Pradesh,ALIGARH,1997,2014,955,18,39,4,IND_UTTAR_PRADESH_ALIGARH
Uttar Pradesh,ALLAHABAD,1997,2014,939,18,39,4,IND_UTTAR_PRADESH_ALLAHABAD
Uttar Pradesh,ALMORA,1997,1999,48,3,18,3,IND_UTTAR_PRADESH_ALMORA
Uttar Pradesh,AMBEDKAR NAGAR,1997,2014,904,18,35,4,IND_UTTAR_PRADESH_AMBEDKAR_NAGAR
Uttar Pradesh,AMETHI,2010,2014,270,5,28,3,IND_UTTAR_PRADESH_AMETHI
Uttar Pradesh,AMROHA,1997,2014,726,18,34,4,IND_UTTAR_PRADESH_AMROHA
Uttar Pradesh,AURAIYA,1997,2014,926,18,34,4,IND_UTTAR_PRADESH_AURAIYA
Uttar Pradesh,AZAMGARH,1997,2014,1045,18,40,4,IND_UTTAR_PRADESH_AZAMGARH
Uttar Pradesh,BAGESHWAR,1998,1999,17,2,11,3,IND_UTTAR_PRADESH_BAGESHWAR
Uttar Pradesh,BAGHPAT,1997,2014,740,18,34,4,IND_UTTAR_PRADESH_BAGHPAT
Uttar Pradesh,BAHRAICH,1997,2014,1062,18,42,4,IND_UTTAR_PRADESH_BAHRAICH
Uttar Pradesh,BALLIA,1997,2014,933,18,37,4,IND_UTTAR_PRADESH_BALLIA
Uttar Pradesh,BALRAMPUR,1997,2014,840,18,33,4,IND_UTTAR_PRADESH_BALRAMPUR
Uttar Pradesh,BANDA,1997,2014,943,18,38,4,IND_UTTAR_PRADESH_BANDA
Uttar Pradesh,BARABANKI,1997,2014,1031,18,39,4,IND_UTTAR_PRADESH_BARABANKI
Uttar Pradesh,BAREILLY,1997,2014,983,18,41,4,IND_UTTAR_PRADESH_BAREILLY
Uttar Pradesh,BASTI,1997,2014,904,18,34,4,IND_UTTAR_PRADESH_BASTI
Uttar Pradesh,BIJNOR,1997,2014,861,18,36,4,IND_UTTAR_PRADESH_BIJNOR
Uttar Pradesh,BUDAUN,1997,2014,1043,18,41,4,IND_UTTAR_PRADESH_BUDAUN
Uttar Pradesh,BULANDSHAHR,1997,2014,933,18,37,4,IND_UTTAR_PRADESH_BULANDSHAHR
Uttar Pradesh,CHAMOLI,1997,1999,45,3,17,3,IND_UTTAR_PRADESH_CHAMOLI
Uttar Pradesh,CHAMPAWAT,1998,1999,17,2,11,3,IND_UTTAR_PRADESH_CHAMPAWAT
Uttar Pradesh,CHANDAULI,1997,2014,862,18,34,4,IND_UTTAR_PRADESH_CHANDAULI
Uttar Pradesh,CHITRAKOOT,1997,2014,867,18,33,4,IND_UTTAR_PRADESH_CHITRAKOOT
Uttar Pradesh,DEHRADUN,1997,1999,70,3,25,4,IND_UTTAR_PRADESH_DEHRADUN
Uttar Pradesh,DEORIA,1997,2014,941,18,40,4,IND_UTTAR_PRADESH_DEORIA
Uttar Pradesh,ETAH,1997,2014,1001,18,38,4,IND_UTTAR_PRADESH_ETAH
Uttar Pradesh,ETAWAH,1997,2014,895,18,35,4,IND_UTTAR_PRADESH_ETAWAH
Uttar Pradesh,FAIZABAD,1997,2014,902,18,35,4,IND_UTTAR_PRADESH_FAIZABAD
Uttar Pradesh,FARRUKHABAD,1997,2014,971,18,36,4,IND_UTTAR_PRADESH_FARRUKHABAD
Uttar Pradesh,FATEHPUR,1997,2014,1047,18,40,4,IND_UTTAR_PRADESH_FATEHPUR
Uttar Pradesh,FIROZABAD,1997,2014,974,18,38,4,IND_UTTAR_PRADESH_FIROZABAD
Uttar Pradesh,GAUTAM BUDDHA NAGAR,1997,2014,681,18,28,4,IND_UTTAR_PRADESH_GAUTAM_BUDDHA_NAGAR
Uttar Pradesh,GHAZIABAD,1997,2014,757,18,35,4,IND_UTTAR_PRADESH_GHAZIABAD
Uttar Pradesh,GHAZIPUR,1997,2014,967,18,37,4,IND_UTTAR_PRADESH_GHAZIPUR
Uttar Pradesh,GONDA,1997,2014,975,18,41,4,IND_UTTAR_PRADESH_GONDA
Uttar Pradesh,GORAKHPUR,1997,2014,986,18,38,4,IND_UTTAR_PRADESH_GORAKHPUR
Uttar Pradesh,HAMIRPUR,1997,2014,925,18,37,4,IND_UTTAR_PRADESH_HAMIRPUR
Uttar Pradesh,HAPUR,2012,2014,112,3,19,3,IND_UTTAR_PRADESH_HAPUR
Uttar Pradesh,HARDOI,1997,2014,1061,18,42,4,IND_UTTAR_PRADESH_HARDOI
Uttar Pradesh,HARIDWAR,1997,1999,70,3,24,4,IND_UTTAR_PRADESH_HARIDWAR
Uttar Pradesh,HATHRAS,1997,2014,906,18,35,4,IND_UTTAR_PRADESH_HATHRAS
Uttar Pradesh,JALAUN,1997,2014,899,18,39,4,IND_UTTAR_PRADESH_JALAUN
Uttar Pradesh,JAUNPUR,1997,2014,967,18,39,4,IND_UTTAR_PRADESH_JAUNPUR
Uttar Pradesh,JHANSI,1997,2014,972,18,39,4,IND_UTTAR_PRADESH_JHANSI
Uttar Pradesh,KANNAUJ,1997,2014,962,18,37,4,IND_UTTAR_PRADESH_KANNAUJ
Uttar Pradesh,KANPUR DEHAT,1997,2014,812,16,35,4,IND_UTTAR_PRADESH_KANPUR_DEHAT
Uttar Pradesh,KANPUR NAGAR,1997,2014,1063,18,40,4,IND_UTTAR_PRADESH_KANPUR_NAGAR
Uttar Pradesh,KASGANJ,2009,2014,350,6,27,3,IND_UTTAR_PRADESH_KASGANJ
Uttar Pradesh,KAUSHAMBI,1997,2014,1010,18,33,4,IND_UTTAR_PRADESH_KAUSHAMBI
Uttar Pradesh,KHERI,1997,2014,1064,18,39,4,IND_UTTAR_PRADESH_KHERI
Uttar Pradesh,KUSHI NAGAR,1997,2014,1011,18,37,4,IND_UTTAR_PRADESH_KUSHI_NAGAR
Uttar Pradesh,LALITPUR,1997,2014,923,18,35,4,IND_UTTAR_PRADESH_LALITPUR
Uttar Pradesh,LUCKNOW,1997,2014,991,18,39,4,IND_UTTAR_PRADESH_LUCKNOW
Uttar Pradesh,MAHARAJGANJ,1997,2014,954,18,37,4,IND_UTTAR_PRADESH_MAHARAJGANJ
Uttar Pradesh,MAHOBA,1997,2014,883,18,34,4,IND_UTTAR_PRADESH_MAHOBA
Uttar Pradesh,MAINPURI,1997,2014,938,18,35,4,IND_UTTAR_PRADESH_MAINPURI
Uttar Pradesh,MATHURA,1997,2014,853,18,37,4,IND_UTTAR_PRADESH_MATHURA
Uttar Pradesh,MAU,1997,2014,896,18,37,4,IND_UTTAR_PRADESH_MAU
Uttar Pradesh,MEERUT,1997,2014,816,18,35,4,IND_UTTAR_PRADESH_MEERUT
Uttar Pradesh,MIRZAPUR,1997,2014,961,18,40,4,IND_UTTAR_PRADESH_MIRZAPUR
Uttar Pradesh,MORADABAD,1997,2014,955,18,38,4,IND_UTTAR_PRADESH_MORADABAD
Uttar Pradesh,MUZAFFARNAGAR,1997,2014,865,18,37,4,IND_UTTAR_PRADESH_MUZAFFARNAGAR
Uttar Pradesh,NAINITAL,1997,1999,65,3,22,4,IND_UTTAR_PRADESH_NAINITAL
Uttar Pradesh,PAURI GARHWAL,1997,1999,53,3,21,3,IND_UTTAR_PRADESH_PAURI_GARHWAL
Uttar Pradesh,PILIBHIT,1997,2014,908,18,40,4,IND_UTTAR_PRADESH_PILIBHIT
Uttar Pradesh,PITHORAGARH,1997,1999,54,3,20,3,IND_UTTAR_PRADESH_PITHORAGARH
Uttar Pradesh,PRATAPGARH,1997,2014,932,18,35,4,IND_UTTAR_PRADESH_PRATAPGARH
Uttar Pradesh,RAE BARELI,1997,2014,1059,18,40,4,IND_UTTAR_PRADESH_RAE_BARELI
Uttar Pradesh,RAMPUR,1997,2014,925,18,36,4,IND_UTTAR_PRADESH_RAMPUR
Uttar Pradesh,RUDRA PRAYAG,1998,1999,16,2,10,3,IND_UTTAR_PRADESH_RUDRA_PRAYAG
Uttar Pradesh,SAHARANPUR,1997,2014,835,18,37,4,IND_UTTAR_PRADESH_SAHARANPUR
Uttar Pradesh,SAMBHAL,2012,2014,166,3,27,3,IND_UTTAR_PRADESH_SAMBHAL
Uttar Pradesh,SANT KABEER NAGAR,1997,2014,898,18,35,4,IND_UTTAR_PRADESH_SANT_KABEER_NAGAR
Uttar Pradesh,SANT RAVIDAS NAGAR,1997,2014,786,18,33,4,IND_UTTAR_PRADESH_SANT_RAVIDAS_NAGAR
Uttar Pradesh,SHAHJAHANPUR,1997,2014,1053,18,37,4,IND_UTTAR_PRADESH_SHAHJAHANPUR
Uttar Pradesh,SHAMLI,2012,2014,132,3,20,3,IND_UTTAR_PRADESH_SHAMLI
Uttar Pradesh,SHRAVASTI,1997,2014,888,18,36,4,IND_UTTAR_PRADESH_SHRAVASTI
Uttar Pradesh,SIDDHARTH NAGAR,1997,2014,802,18,35,4,IND_UTTAR_PRADESH_SIDDHARTH_NAGAR
Uttar Pradesh,SITAPUR,1997,2014,1075,18,42,4,IND_UTTAR_PRADESH_SITAPUR
Uttar Pradesh,SONBHADRA,1997,2014,942,18,33,4,IND_UTTAR_PRADESH_SONBHADRA
Uttar Pradesh,SULTANPUR,1997,2014,1011,18,38,4,IND_UTTAR_PRADESH_SULTANPUR
Uttar Pradesh,TEHRI GARHWAL,1997,1999,49,3,19,3,IND_UTTAR_PRADESH_TEHRI_GARHWAL
Uttar Pradesh,UDAM SINGH NAGAR,1997,1999,70,3,22,4,IND_UTTAR_PRADESH_UDAM_SINGH_NAGAR
Uttar Pradesh,UNNAO,1997,2014,1047,18,42,4,IND_UTTAR_PRADESH_UNNAO
Uttar Pradesh,UTTAR KASHI,1997,1999,51,3,19,3,IND_UTTAR_PRADESH_UTTAR_KASHI
Uttar Pradesh,VARANASI,1997,2014,900,18,35,4,IND_UTTAR_PRADESH_VARANASI
Uttarakhand,ALMORA,2000,2014,684,15,31,3,IND_UTTARAKHAND_ALMORA
Uttarakhand,BAGESHWAR,2000,2014,670,15,35,3,IND_UTTARAKHAND_BAGESHWAR
Uttarakhand,CHAMOLI,2000,2014,682,15,34,3,IND_UTTARAKHAND_CHAMOLI
Uttarakhand,CHAMPAWAT,2000,2014,803,15,37,4,IND_UTTARAKHAND_CHAMPAWAT
Uttarakhand,DEHRADUN,2000,2014,891,15,40,4,IND_UTTARAKHAND_DEHRADUN
Uttarakhand,HARIDWAR,2000,2014,688,15,32,4,IND_UTTARAKHAND_HARIDWAR
Uttarakhand,NAINITAL,2000,2014,859,15,39,4,IND_UTTARAKHAND_NAINITAL
Uttarakhand,PAURI GARHWAL,2000,2014,736,15,36,3,IND_UTTARAKHAND_PAURI_GARHWAL
Uttarakhand,PITHORAGARH,2000,2014,738,15,34,4,IND_UTTARAKHAND_PITHORAGARH
Uttarakhand,RUDRA PRAYAG,2000,2014,612,15,31,3,IND_UTTARAKHAND_RUDRA_PRAYAG
Uttarakhand,TEHRI GARHWAL,2000,2014,710,15,32,3,IND_UTTARAKHAND_TEHRI_GARHWAL
Uttarakhand,UDAM SINGH NAGAR,2000,2014,770,15,36,4,IND_UTTARAKHAND_UDAM_SINGH_NAGAR
Uttarakhand,UTTAR KASHI,2000,2014,696,15,33,3,IND_UTTARAKHAND_UTTAR_KASHI
West Bengal,24 PARAGANAS NORTH,1997,2014,925,18,30,6,IND_WEST_BENGAL_24_PARAGANAS_NORTH
West Bengal,24 PARAGANAS SOUTH,1997,2014,867,18,30,6,IND_WEST_BENGAL_24_PARAGANAS_SOUTH
West Bengal,ALIPURDUAR,2014,2014,1,1,1,1,IND_WEST_BENGAL_ALIPURDUAR
West Bengal,BANKURA,1997,2014,1247,18,41,6,IND_WEST_BENGAL_BANKURA
West Bengal,BARDHAMAN,1997,2014,600,18,37,6,IND_WEST_BENGAL_BARDHAMAN
West Bengal,BIRBHUM,1997,2014,1141,18,39,6,IND_WEST_BENGAL_BIRBHUM
West Bengal,COOCHBEHAR,1997,2014,1151,18,37,6,IND_WEST_BENGAL_COOCHBEHAR
West Bengal,DARJEELING,1997,2014,939,18,37,6,IND_WEST_BENGAL_DARJEELING
West Bengal,DINAJPUR DAKSHIN,1997,2014,402,18,32,6,IND_WEST_BENGAL_DINAJPUR_DAKSHIN
West Bengal,DINAJPUR UTTAR,1997,2014,602,18,34,6,IND_WEST_BENGAL_DINAJPUR_UTTAR
West Bengal,HOOGHLY,1997,2014,429,18,31,6,IND_WEST_BENGAL_HOOGHLY
West Bengal,HOWRAH,1997,2014,376,18,26,6,IND_WEST_BENGAL_HOWRAH
West Bengal,JALPAIGURI,1997,2014,637,18,33,6,IND_WEST_BENGAL_JALPAIGURI
West Bengal,MALDAH,1997,2014,566,18,31,6,IND_WEST_BENGAL_MALDAH
West Bengal,MEDINIPUR EAST,1997,2014,352,18,28,6,IND_WEST_BENGAL_MEDINIPUR_EAST
West Bengal,MEDINIPUR WEST,1997,2014,640,18,38,6,IND_WEST_BENGAL_MEDINIPUR_WEST
West Bengal,MURSHIDABAD,1997,2014,595,18,33,6,IND_WEST_BENGAL_MURSHIDABAD
West Bengal,NADIA,1997,2014,585,18,32,6,IND_WEST_BENGAL_NADIA
West Bengal,PURBA BARDHAMAN,1997,2014,605,18,36,6,IND_WEST_BENGAL_PURBA_BARDHAMAN
West Bengal,PURULIA,1997,2014,642,18,39,6,IND_WEST_BENGAL_PURULIA
