weather_point_id,latitude,longitude,district_point_versions_count,district_ids_count,first_crop_year,last_crop_year
WPT_003AD3840DF18826D6B1,27.44737828,82.40371527,2,1,1997,2014
WPT_015E81DED88E7F83F58B,12.73303259,78.81318614,2,1,1997,2014
WPT_0163A4F1013790968CFE,21.14427311,80.2695251,2,1,1997,2014
WPT_01CF3B44622E055534C2,25.74671303,76.92610042,4,2,1997,2014
WPT_020D96BEC2F2888EE03F,27.05198206,84.33381319,2,1,1997,2014
WPT_0254264E124EF69FBF16,27.36418623,88.188754,2,1,1997,2014
WPT_025ACDAEC10A2492E4A9,26.2567217,91.60095449,2,2,1997,2005
WPT_02B6FF1D8243F3DC9C6B,25.2145712,85.4532958,2,1,1997,2014
WPT_02EA04238BFC859225B5,26.94132707,81.38446535,2,1,1997,2014
WPT_0339A2ED09281F2860EB,22.46864466,72.73464709,1,1,2006,2014
WPT_03C939AE3DA5678BF3EA,28.29741878,94.6497667,2,1,1997,2014
WPT_04AC8F0EEB337EEC65CF,26.47741477,94.51038541,2,1,1997,2014
WPT_05859939BB82D5AC82BF,23.42793388,82.31884711,2,1,1997,2014
WPT_0614E33ECF903E7C5168,16.16330302,74.88938778,2,1,1997,2014
WPT_06CE402DBA08A89A4004,27.26853481,96.06218313,4,2,1997,2014
WPT_06E5BDC43C39F6EC2EEF,10.04471139,76.49757527,2,1,1997,2014
WPT_072B90332CED524082AC,31.1273902,76.1623325,2,1,1997,2014
WPT_07CE0D6B69F2CE29608C,19.15693604,74.85524049,2,1,1997,2014
WPT_07DDB35B934FCD92D204,22.91782639,74.13667396,2,2,2006,2014
WPT_082B2831D1DC8F2D603F,22.91320402,88.01658812,2,1,1997,2014
WPT_084B6CF3FA2F6648159C,20.225704,74.10044106,2,1,1997,2014
WPT_0930BEB22719B7D88ECF,22.77008367,83.97470143,2,1,1997,2014
WPT_09FF6C0A0EF0A66F4A13,27.17881753,83.49097998,3,2,1997,2014
WPT_0A0E539113BA87F62576,11.64459349,78.21081616,2,1,1997,2014
WPT_0A7D264EE079400A48CD,21.58796117,85.67113324,2,1,1997,2014
WPT_0AAF4CF8AD971F76EEEB,15.57612597,76.31220857,2,1,1997,2014
WPT_0B0E5696590A71696857,17.63856076,74.30011997,2,1,1997,2014
WPT_0B23E8D6EB34679F8D80,20.06397214,78.3554211,2,1,1997,2014
WPT_0C15841A704B73C8A925,11.97581652,79.17168448,2,1,1997,2014
WPT_0C2CFEE83B413A15F566,23.29381271,75.6296585,2,1,1997,2014
WPT_0CBD491BD5F46FF164FA,27.26139907,82.86966612,3,2,1997,2014
WPT_0D65D99E9470FD8905DD,25.52861002,78.65033899,2,1,1997,2014
WPT_0E2BDBE4CECAA3939A47,14.30426857,76.53278022,2,1,1997,2014
WPT_0EB3571FB1CC38FE1643,28.11896608,73.11310759,1,1,2006,2014
WPT_0ED55D5C07F58C8DEC14,27.60715373,81.86206908,4,2,1997,2014
WPT_10F2CF30FE3AAF95835B,19.44467817,81.47732379,3,3,1997,2005
WPT_110D4731CEAFE6C856CD,30.05323484,76.81356397,1,1,1997,2005
WPT_11184A2BB214D8D4C60A,28.96817262,95.72266254,1,1,2006,2014
WPT_114D51998474E4ED2A2D,15.1978239,76.70988428,2,1,1997,2014
WPT_11624669B14D15ABFB95,26.51520223,90.12364133,1,1,2006,2014
WPT_120B2E42329DD0DD359B,26.45405827,91.03469171,1,1,1997,2005
WPT_125A4622FA412029A0E6,20.83475771,85.60419553,2,1,1997,2014
WPT_127C05430DC14B5B3B2E,23.86806932,76.77555253,6,3,1997,2014
WPT_12B75A65A5F391B35005,26.20539331,92.61105585,2,1,1997,2014
WPT_1385D4DDB84804CEBAB4,30.55395577,74.24085142,2,1,1997,2014
WPT_13CD02430844C5A2C871,25.10313637,93.96492562,2,1,1997,2014
WPT_140C4F0A26E4A6142680,25.12500657,85.81389786,2,1,1997,2014
WPT_14C1C6529C80218406B9,24.97521311,83.57853063,2,1,1997,2014
WPT_14E98038338F447E3969,22.24469779,77.10233892,6,3,1997,2014
WPT_1607B88CED7A3C0FCF3C,20.71944809,70.93083381,2,1,1997,2014
WPT_16089D50027105CD6B75,26.64772222,91.45653128,2,1,1997,2014
WPT_163328C08105AD0E06AD,26.7568496,83.04405115,3,2,1997,2014
WPT_16E7570934DB063C1C8F,14.05458584,75.23806597,2,1,1997,2014
WPT_17424EF9CE6FD10A76B4,26.65614937,79.51565728,4,2,1997,2014
WPT_175960BE57FB9E477E9C,11.28587383,78.93232562,2,1,1997,2014
WPT_1759BF5336E8C8CA1DE2,26.43969078,80.27020712,1,1,2006,2014
WPT_1763593094160A70DB21,29.85674424,76.46695503,1,1,2006,2014
WPT_17EAB0D4D3D0532877DB,33.86556233,74.64895965,3,2,1997,2014
WPT_186030A419156963E5E0,25.46663672,85.1931215,2,1,1997,2014
WPT_18FBFC6908B45DADE1ED,23.82750339,91.96925796,10,5,1997,2014
WPT_194856BF2349CC38AAB9,9.62963529,76.6485794,2,1,1997,2014
WPT_1988A8D44D267A147937,21.879919,77.87552077,2,1,1997,2014
WPT_198B607317856F96215F,24.50635071,92.63171415,2,1,1997,2014
WPT_19BE57AD00142C9A98DA,26.20736522,81.22061558,2,1,1997,2014
WPT_1A199EB93AAA02F8754E,32.7509815,74.90479526,1,1,2006,2014
WPT_1A5549B23E8E9DB37E5B,30.79738667,75.16208996,1,1,2006,2014
WPT_1A60D7C444103989E252,26.59873656,90.11777428,1,1,1997,2005
WPT_1ADFA46E1A43C5E45CD5,23.46431107,81.63029497,1,1,1997,2005
WPT_1B006D8F6F99CFD9DD9F,18.59746051,81.24444131,2,1,1997,2014
WPT_1B1491D90CEF0D095C7F,29.87605798,75.48874358,2,1,1997,2014
WPT_1BE8F7F5EF8D991439DB,29.03963043,77.3146877,4,2,1997,2014
WPT_1C0701233ED9DADFBDA4,26.32681754,94.00622198,1,1,2006,2014
WPT_1C3051B1772C8B896A0B,26.48479467,91.41561118,1,1,1997,2005
WPT_1C6092B001976C3DFA4E,23.40808257,87.89987069,3,2,1997,2014
WPT_1CA43FC068FF66ADEEFC,30.46609776,78.48927856,2,1,1997,2014
WPT_1CC9FC37EC32D7C47271,31.60597364,75.86035056,2,1,1997,2014
WPT_1D54504FEC503FBCCD41,28.08005261,75.53672113,2,1,1997,2014
WPT_1D759F4A421723A0075B,22.56218001,85.55523308,1,1,1997,2005
WPT_1E33FD7F6158244E30C3,27.06026018,74.20587262,2,1,1997,2014
WPT_1E7D24AAE71FAF3B81A4,34.12547523,74.53149264,1,1,2006,2014
WPT_1F5DB2AE54F3B8EF2BD7,24.49858476,77.2593085,2,2,2006,2014
WPT_1F99EF4B5151FA73ABC9,28.39069984,77.98819474,2,1,1997,2014
WPT_1FD16269A75AC19460E4,17.17172707,74.59237298,2,1,1997,2014
WPT_20A46ACE6F64423F0F46,25.93191784,89.98934268,1,1,2006,2014
WPT_20B04FC6B0141E1E72DC,22.9740802,84.66221144,1,1,1997,2005
WPT_21A26A4E03C0AA57FA13,34.16622266,78.07686805,2,1,1997,2014
WPT_21B6408C46B8524CD860,13.58892266,77.78175694,1,1,2006,2014
WPT_22336BE5C0269F3E751B,33.61542576,75.89976531,2,1,1997,2014
WPT_22715EB02CDB991C64DE,25.44474234,80.56212682,2,1,1997,2014
WPT_236B0E84B4D0CB9CB5F1,24.75551964,92.88223491,2,1,1997,2014
WPT_23EBE914D6C3D00F1CE3,23.98202836,86.93219854,2,1,1997,2014
WPT_24206BCC0816A9F30DB6,23.49124874,74.35322758,2,1,1997,2014
WPT_2455BA69AB0E10E0670D,28.73540428,77.70319773,2,1,1997,2014
WPT_249A865ABF8FA6483701,24.93442169,82.64706842,2,1,1997,2014
WPT_24B180ABE03CE3831C6B,26.99375921,79.69375219,3,2,1997,2014
WPT_2505009A0E6B1D86E030,18.35226656,76.75648855,2,1,1997,2014
WPT_25A0811BFE06A48D6B19,26.91835632,83.83367677,2,1,1997,2014
WPT_25A6F8CE21036F9F7911,20.82482986,78.61572885,2,1,1997,2014
WPT_265055CBA34A5879A2A3,24.62004301,77.87635408,2,1,1997,2014
WPT_26B843CA153EF8A69223,18.54018049,78.11836768,4,2,1997,2014
WPT_26F25F34DB2D8803ACDA,23.67808567,85.5183243,2,1,1997,2014
WPT_273280F9637B51C937ED,21.68511514,73.69403995,1,1,1997,2005
WPT_27DAB0D32943A8947B17,8.84528108,77.99485639,2,1,1997,2014
WPT_28089551954C69F1C7B0,14.72477026,74.64368043,2,1,1997,2014
WPT_2880BC77DC6FC5C2B12E,21.12111048,79.7937224,2,1,1997,2014
WPT_2898308207F4421DDB9A,25.87834862,91.86299227,2,1,1997,2014
WPT_28FD2024D6465DD14114,27.67632943,78.82035676,2,2,1997,2005
WPT_29748E53B265B7237A3D,24.2365176,94.09215085,2,1,1997,2014
WPT_298B92AA3D09D7FAB3CA,23.64450283,80.94129516,2,1,1997,2014
WPT_2A0C3760007C8C8436B7,24.26994421,72.17097773,2,1,1997,2014
WPT_2A3A301634CA7769031F,27.59979408,77.59106401,2,1,1997,2014
WPT_2A50E6962FC9BE286F1B,24.6788321,85.00904234,7,4,1997,2014
WPT_2A596A4566C75E91C0BE,22.31456391,73.35609199,4,2,1997,2014
WPT_2B1E0897C22EE6B9AC9B,21.91430598,86.39833515,2,1,1997,2014
WPT_2B8132E0867D8DB12726,33.783419,75.291321,1,1,2006,2014
WPT_2BA5C39593F363E417E0,26.76610116,92.99724954,1,1,1997,2005
WPT_2BC2E8AAF15521E31FD0,23.75328186,91.40005466,2,1,1997,2014
WPT_2BF0CA516C330A4843EF,18.53056102,79.39247751,4,2,1997,2014
WPT_2C99B953F5E27B254AF3,29.04936935,76.93430629,1,1,2006,2014
WPT_2D6F32B3D6185E6839E8,25.3901192,92.40334427,4,2,1997,2014
WPT_2D7F14C71C9FE73F2B55,28.20390733,74.69278527,1,1,2006,2014
WPT_2E624E0C5788CDFA02AB,30.38769429,75.48860757,2,1,1997,2014
WPT_2F009B5AE326F623E238,22.11344116,81.24475992,2,1,1997,2014
WPT_2F7484204942FC9D0D85,22.42815934,85.53234635,1,1,2006,2014
WPT_2F7CCBB6D5E7835B7A6F,22.90593527,80.9050964,2,1,1997,2014
WPT_302709777415CA5D868B,16.05353001,76.90300114,2,1,1997,2014
WPT_30B5E91D9CF53A646D58,28.1359037,76.17076395,2,1,1997,2014
WPT_31ACDE772B12194729C7,8.57693071,77.05267701,2,1,1997,2014
WPT_31E2F760B54516B546EC,12.87253349,77.24183345,2,2,1997,2005
WPT_32B84AE7992DE27D87A6,25.74636393,85.39903564,2,1,1997,2014
WPT_3368F1108E13507AE676,31.29317009,75.56872207,2,1,1997,2014
WPT_33BEB233C4D6C6C77C8E,25.80442131,93.80985999,2,1,1997,2014
WPT_33E4CAE92AAADBAAAF60,24.25954188,75.37097573,4,2,1997,2014
WPT_3693B233A75BE3777FC1,32.07807187,76.27011261,2,1,1997,2014
WPT_36B03F2926113023DF53,28.66893513,95.92175318,1,1,1997,2005
WPT_36E9187D4F528582994A,25.44793995,93.61878787,2,1,1997,2014
WPT_3796E1FC6523EB28D2BF,30.96787511,78.63394275,2,1,1997,2014
WPT_393A49D6E4FC33FD6955,17.83424459,75.29654723,2,1,1997,2014
WPT_398F74F3274939736507,20.13524905,84.07955999,2,1,1997,2014
WPT_3993D2609EC59AEB2D39,25.20951013,72.31507066,2,1,1997,2014
WPT_39FC95258C13158B4B94,25.83800504,86.61287504,4,2,1997,2014
WPT_3A6EC11A4F4CED7EEFF6,25.77175166,94.12446803,1,1,2006,2014
WPT_3A92C4583D8C9CF790FC,23.68511247,84.49789231,2,1,1997,2014
WPT_3ACCE6B916350183920B,21.83361363,72.88294922,2,1,1997,2014
WPT_3B29C3D613865BC47BBA,27.99289994,77.00275708,2,1,1997,2014
WPT_3BDB832A01157CB030B3,32.8949519,75.33495678,1,1,2006,2014
WPT_3C0EB3B2693EF1E1FBE1,16.73219999,82.20690696,2,1,1997,2014
WPT_3C21F222257C4D28F40A,24.33222062,86.71466121,2,1,1997,2014
WPT_3D95209D147C3126CC24,29.05150975,76.90573773,1,1,1997,2005
WPT_3E34FBDA5EB2E5760276,25.09773387,88.11555105,2,1,1997,2014
WPT_3E59ECEDF030B71927AF,25.5124452,86.09008151,2,1,1997,2014
WPT_3F01667BA2645A9F9394,19.44091878,83.58804835,2,1,1997,2014
WPT_3FB5F7DBC14F5775EDD7,21.55242989,84.15904316,2,1,1997,2014
WPT_3FD803E9BF70A72CBAC8,23.03383633,81.75339193,2,1,1997,2014
WPT_3FF51868540E7F721CE8,26.73779455,95.02062182,2,1,1997,2014
WPT_4073F127F1E347213F09,26.76540437,93.00138216,1,1,2006,2014
WPT_40C353BFDD9003DB6A2C,30.25161461,77.33237831,1,1,1997,2005
WPT_40D81EEB5D946D85A917,22.9549136,74.12188899,2,2,1997,2005
WPT_413D15BC6528661660B2,25.18041929,84.67337327,3,2,1997,2014
WPT_4151AD03D93752D69459,30.51235903,79.04737693,2,1,1997,2014
WPT_41530FBA3FF1BF955DCC,11.1503867,79.26156603,2,1,1997,2014
WPT_41891775FF582EB3EBD8,28.80549833,78.7776163,2,1,1997,2014
WPT_4197A8199FDD5A0F6F0F,33.86052766,75.01073221,1,1,1997,2005
WPT_41BDC09703245E3FCAA5,24.33459276,86.16477749,2,1,1997,2014
WPT_41C6277C7AF324004C80,22.34700446,70.76919663,2,1,1997,2014
WPT_42029FF631BAB351E2C7,14.71657094,75.38918416,2,1,1997,2014
WPT_4218E1A1D5CCAAA3CC0C,30.50075146,79.6193996,2,1,1997,2014
WPT_4219AA165140BFBC8206,25.71297931,90.69747511,2,1,1997,2014
WPT_4275F03D0FC1AAA5EDE7,19.29892001,79.08081669,6,3,1997,2014
WPT_4281D55DC145ACF00F6E,12.14298373,78.12649633,1,1,2006,2014
WPT_42BD897012F173115C1F,26.35614781,86.22500125,2,1,1997,2014
WPT_42C29C3CA8F3A5BD649F,28.89334741,76.55388921,1,1,1997,2005
WPT_431223C3F3F765CD9755,20.78543572,73.71011945,2,1,1997,2014
WPT_43A965ECDE90F54B157F,28.06715766,79.04623999,4,2,1997,2014
WPT_43E0EE3D3C986C42B247,17.96498909,79.59454073,4,2,1997,2014
WPT_4455251325BC2684C0A8,18.01913929,77.25614391,2,1,1997,2014
WPT_45050D6B69935AE84787,26.04113004,83.44561876,1,1,1997,2005
WPT_45F185715E4261E59F3D,31.76795847,74.83372808,1,1,2006,2014
WPT_4633248A212FD60EA4CA,23.98100402,84.25904532,1,1,1997,2005
WPT_46B15D9D8CD1BB6CC225,23.13349235,87.20649381,2,1,1997,2014
WPT_46CACE81CD5415E9F4E7,27.4026802,94.9976177,2,1,1997,2014
WPT_471AB9CECAC3519A8429,26.64808311,90.64239191,2,1,1997,2014
WPT_472184566CAE5F60D81A,28.21598936,76.58394596,1,1,2006,2014
WPT_484189494F438D37B8D8,12.6863732,79.97762112,2,1,1997,2014
WPT_48E0EC919F29C610566F,17.89685606,82.56573335,2,1,1997,2014
WPT_4954545AFB0F01DB1E0E,26.70909974,92.05234176,2,1,1997,2014
WPT_4A00F04CDD0248CE3B1E,26.24015467,94.19311727,2,1,1997,2014
WPT_4A3A0DE575FDDB27A7A1,26.43225564,90.60211154,1,1,1997,2005
WPT_4A57BBE371A3BBABE257,24.58484921,92.37110377,2,1,1997,2014
WPT_4AFB13DEB4CC9447D67E,19.54142552,77.21867772,2,1,1997,2014
WPT_4BCEB1EF46D3E5FD94D9,13.40559989,75.64002332,3,2,1997,2014
WPT_4BF492789DC3D7BA1998,27.54678227,78.08423789,2,1,1997,2014
WPT_4C007844382FF8BC1BB0,24.91834081,76.69216741,2,1,1997,2014
WPT_4C17DF617AACF396E75E,8.78081794,77.5325929,2,1,1997,2014
WPT_4C40730E4B7E66A2CF58,12.6355364,76.72992286,2,1,1997,2014
WPT_4D6563AD6C0792169522,21.96870199,82.66605779,2,1,1997,2014
WPT_4D6969DF2FE6D2063C5D,22.74294176,72.29638338,2,1,1997,2014
WPT_4E05B7A96BD6AAE692C6,23.7961668,79.54318394,2,1,1997,2014
WPT_4E649E8EDF2B2BE6802E,24.3775091,74.58009759,1,1,1997,2005
WPT_4E64FD8EA0384D845296,20.97174325,80.69723449,4,2,1997,2014
WPT_4F0257B468C379909C4B,26.67639752,83.36909054,2,1,1997,2014
WPT_4F33FD2CFCA1898AB11E,23.56467961,72.38284274,2,2,1997,2005
WPT_50027BC88D2E52516F71,23.12283343,77.08665086,2,1,1997,2014
WPT_504240EB2A01853F37B4,23.21989665,79.98112367,4,2,1997,2014
WPT_5089409512829522643C,25.28177028,87.13536741,2,1,1997,2014
WPT_50C32E6110A015F1A343,22.13879569,78.8127718,2,1,1997,2014
WPT_50C89412B4EFD509ABCE,14.45698852,77.50944784,2,1,1997,2014
WPT_50DD4A14BBCDC07197F4,22.6853126,80.58210788,2,1,1997,2014
WPT_5125C995BF9878B018DE,11.98696238,75.56282357,2,1,1997,2014
WPT_5129BB35C21621D0B495,31.88059408,77.45361363,2,1,1997,2014
WPT_525349A0C304083CFB5D,30.730184,76.78051176,2,1,1997,2014
WPT_52D02D967D16381FDA3A,28.368637,76.94237038,1,1,2006,2014
WPT_52D6CC79A15F0F8FD7E2,20.18658602,86.35001228,2,1,1997,2014
WPT_52F8C9EE65ADA4DD3F71,33.3204704,74.40097044,2,1,1997,2014
WPT_5347D8844928C91E09FC,32.0861219,75.40096217,2,1,1997,2014
WPT_534C1D4ED96B7103B7E7,25.5799052,71.6186746,2,1,1997,2014
WPT_537ECD179B1DA598F413,26.28678771,92.29154579,2,1,1997,2014
WPT_5402D57E61778EC47D53,26.1303125,84.39164383,2,1,1997,2014
WPT_54323B48A9CB07F678DF,20.05228889,85.50436065,2,1,1997,2014
WPT_549D190D4E620BA4916C,26.03990941,83.50777784,1,1,2006,2014
WPT_5534C5530F0B6BCA8FBD,23.21736861,72.66512748,1,1,1997,2005
WPT_558F585A1C819DED2EA9,24.31396995,76.52877795,2,1,1997,2014
WPT_55BE5E6190CF5AEC0478,26.35928234,91.40155336,1,1,2006,2014
WPT_56018EEB439B04988D7D,23.89296496,85.32181596,1,1,1997,2005
WPT_565426AEDF223E7A2BA6,19.30734333,76.55331638,2,1,1997,2014
WPT_56925867A2952B4D56FB,23.30019308,85.38861268,1,1,2006,2014
WPT_5705963E4F90E0BF6E60,20.87273926,86.12144638,2,1,1997,2014
WPT_573173D1FE21C1E4EE4B,26.37037993,94.01190873,1,1,1997,2005
WPT_57CA0AF213BE8065CF26,28.7313109,75.96808271,1,1,2006,2014
WPT_57DB65C98A2D1456661C,26.02150643,78.15212072,2,1,1997,2014
WPT_58EBFF9C541EFBFC334D,22.8244256,71.48951361,2,1,1997,2014
WPT_59475B5D5979FAB78788,25.12326181,83.24789899,4,2,1997,2014
WPT_5B2651ACF7808F39A2AD,24.99806886,78.98873434,2,1,1997,2014
WPT_5BA1FE9E6CDFDC2E2F94,11.51861135,79.34104019,2,1,1997,2014
WPT_5BA328349E64C0E3CBE1,33.33269082,75.20476778,2,1,1997,2014
WPT_5C0FE7DCADC9F699FA3A,10.78821307,76.47467255,2,1,1997,2014
WPT_5C5764BA094BFAEA4E01,17.23821715,76.76971663,1,1,2006,2014
WPT_5D38416F9ABFB195125B,17.28169077,73.44559196,2,1,1997,2014
WPT_5D9DB4F981617C838EBC,24.10375673,84.87250146,2,1,1997,2014
WPT_5DFF73CB787349F45093,21.75205924,74.89403073,2,1,1997,2014
WPT_5E56567D58C4DFE3B954,9.93588338,78.01117666,2,1,1997,2014
WPT_5E7EAD1D626D94F17D42,34.32123272,75.11471537,2,1,1997,2014
WPT_5F5F972ADA6D187B28C4,24.93869055,84.02214777,2,1,1997,2014
WPT_5FC85E5310BBB351B2A2,24.51229152,93.80484992,2,1,1997,2014
WPT_600ED8F3CB6D58DC39E6,21.42383879,71.09261474,3,3,1997,2005
WPT_6032BA49BFDCDC733727,9.96339157,78.72186316,2,1,1997,2014
WPT_6085C453ACB1D0DAFE3C,26.58557415,94.81155814,2,1,1997,2014
WPT_6092CF003F0BE9F53B86,22.58692178,84.54992015,2,1,1997,2014
WPT_6159022CE4CEE55C6A31,32.56849241,75.60002522,2,1,1997,2014
WPT_61B45E7661DFFB166583,28.11807892,72.78483631,1,1,1997,2005
WPT_61F89D6C471CC0554A88,24.22053679,87.34837599,1,1,1997,2005
WPT_620CDA50BD2916A87DB1,25.94572285,89.97155025,1,1,1997,2005
WPT_6278A24CD93288952B3C,22.81923128,85.9189332,2,1,1997,2014
WPT_6309F1564A5B25A3D7E9,23.36670433,83.34016943,4,2,1997,2014
WPT_632C5C198E5E802A00DC,26.95802477,95.44780629,2,1,1997,2014
WPT_64DEF6AEF08AB271FF42,25.8518521,92.59295603,2,1,1997,2014
WPT_650F7F2555DA7EF80065,16.28965398,75.5804741,2,1,1997,2014
WPT_653E9FF442E863108571,26.15621394,86.03356759,2,1,1997,2014
WPT_6563D9BCF3D844083C55,29.04451331,79.43667719,2,1,1997,2014
WPT_662DE9C0A470DB5BA5BE,22.89324428,73.03977696,1,1,2006,2014
WPT_666B3FB2BF3CC1D1B952,23.83774239,86.46854258,2,1,1997,2014
WPT_66FB3A38C05C9E77958A,30.21456677,77.3253886,1,1,2006,2014
WPT_677A120421663C8966DF,19.75328358,80.16984697,2,1,1997,2014
WPT_67A8B875ED5F0BAB738A,25.48838018,74.70237019,2,1,1997,2014
WPT_67FAA237B44DAD9213B1,24.81798941,85.52408519,2,1,1997,2014
WPT_67FDD21F2B3B5EAFC198,25.54288974,87.64436251,2,1,1997,2014
WPT_681294813AA73E0D9D28,26.63977478,84.90254561,2,1,1997,2014
WPT_688B3C5C01522BFCC394,27.02995099,70.78629677,2,1,1997,2014
WPT_68E798D3B92087A283AF,25.49128644,86.70221498,8,4,1997,2014
WPT_68E7CFBF1F2165413E66,32.69525849,76.17201046,2,1,1997,2014
WPT_68FEB011E01798C4ABA6,28.00142641,96.6909314,1,1,1997,2005
WPT_693993D36E37F54ACBF2,26.76495747,94.26247555,2,1,1997,2014
WPT_695D2B89A415CC6C947C,24.8121622,93.93918757,2,1,1997,2014
WPT_69E3B01FE73EA8898FD3,18.73805157,82.6568259,2,1,1997,2014
WPT_6A2A96D46FC278BC2CE3,22.177779,88.38815296,2,1,1997,2014
WPT_6ADD62441BB5162A4445,28.61128927,77.22112098,4,2,1997,2014
WPT_6AE8829CC37B70BFAAB6,26.516922,77.06045426,2,1,1997,2014
WPT_6B3F7AABE114710369FE,15.53377424,74.01877772,4,2,1997,2014
WPT_6B5194983FE7B485BB38,20.82778499,73.03194919,2,1,1997,2014
WPT_6B8AD0BACB692E102E62,21.14934933,79.01814778,2,1,1997,2014
WPT_6BE9FD72291693F3CC16,28.67568349,75.97731165,1,1,1997,2005
WPT_6D545B42BC137EAB1E6C,22.36946824,92.73515342,2,1,1997,2014
WPT_6D6B2B632113938BE2B2,26.47130906,79.8663634,1,1,2006,2014
WPT_6DBDF16DA007A20E9B4D,24.24392788,82.38202681,2,1,1997,2014
WPT_6E1FA61FC5C9E433E3AE,23.26783532,78.17708537,2,1,1997,2014
WPT_6E616C5040F32E289AF3,21.19027901,72.95148526,2,2,2006,2014
WPT_6E829C8F9ADCCC157FF0,26.32642751,74.71542023,2,1,1997,2014
WPT_6EF894D0E656A9639A58,15.19620041,74.12209146,2,1,1997,2014
WPT_6FD4A3779FF4DBAB2AEC,26.65419511,77.63582094,2,1,1997,2014
WPT_6FDA0CC991DE39334742,23.48754398,88.56320019,2,1,1997,2014
WPT_70E1A3B1715A153B0CE5,29.40940453,78.4830162,2,1,1997,2014
WPT_710A18B24C50EF4BC22C,27.17219802,94.19983182,2,1,1997,2014
WPT_7136EDABFA4A56D4EBA7,20.23888887,85.05251631,2,1,1997,2014
WPT_720077AA9968C31DF712,23.75660626,92.45167704,2,1,1997,2014
WPT_723BF9CE07567678C98C,29.88472353,76.36361848,1,1,1997,2005
WPT_7251BD41DDC367AC2495,12.42739369,75.19226225,2,1,1997,2014
WPT_72ACB3A32A282AE4B919,21.13148217,74.47873852,2,1,1997,2014
WPT_72B2CFD2A2156736CE5A,33.783419,75.29234602,1,1,1997,2005
WPT_72CE5B7011809DD5BC59,31.58506662,76.23626961,2,1,1997,2014
WPT_72F181720542ACE8205A,26.66301475,81.97470759,1,1,2006,2014
WPT_735B2D09A6D9B3EE03E4,28.03733239,96.84616526,2,1,1997,2014
WPT_736CA0FD0A610267E555,11.93305918,79.79807056,2,1,1997,2014
WPT_73B87B8421E2B44BB7D4,24.76410844,79.68167088,2,1,1997,2014
WPT_741ABDF31CD14B976251,13.30744112,78.98230736,2,1,1997,2014
WPT_7471CB2DBB1E87888616,25.53915993,81.45761198,6,3,1997,2014
WPT_74999722B4EDF04A42E4,26.73731869,72.87259206,2,1,1997,2014
WPT_74B5AC4147E5F3930D5B,25.45261364,84.56465984,2,1,1997,2014
WPT_74C9CD2868F2C0709E78,23.84677504,77.83644951,2,1,1997,2014
WPT_7512FDB3144671548AF1,16.53450806,78.02633081,4,2,1997,2014
WPT_751CC387A45C4BDF4E76,24.01683142,74.65742618,2,1,1997,2014
WPT_75248792C58DF0C6B655,11.7129786,76.12660127,2,1,1997,2014
WPT_754DF591966B409F5880,16.90195707,81.35204003,2,1,1997,2014
WPT_757A2CC185E79F78FD62,28.23225778,94.10779256,2,1,1997,2014
WPT_757D4BA312034B40EF74,11.94752132,77.10167859,2,1,1997,2014
WPT_759F6017405E85702E4D,16.28679727,80.18361384,2,1,1997,2014
WPT_75B171C2959DFA2B038F,26.10628357,79.38623672,2,1,1997,2014
WPT_765929410A0108A57DC2,24.72115634,74.47751482,1,1,2006,2014
WPT_768C9C67ADDD3D224028,24.31207254,87.31150712,1,1,2006,2014
WPT_76D49E47AECD335B9C18,25.38616507,91.82698789,2,1,1997,2014
WPT_76FB9579A503E7EAE752,27.59787306,95.57034234,2,1,1997,2014
WPT_771DA3BDA0EC854FF8E9,24.27444412,93.44181106,2,1,1997,2014
WPT_772001F90B978C7C393B,23.80930903,78.75867437,4,2,1997,2014
WPT_777F96205959D144B8A7,18.27669022,81.95891099,2,1,1997,2014
WPT_78705A1E1722BCF48FF1,23.70708466,69.80496867,2,1,1997,2014
WPT_78BC5F105D881E1F4165,17.09139675,79.41555129,4,2,1997,2014
WPT_78EE24DBF76C69720A56,26.83133191,80.91733391,2,1,1997,2014
WPT_79DED15C0F78299F1113,22.88392044,74.72745748,1,1,2006,2014
WPT_7A2D020BDBA56D32A814,13.18092163,77.33959745,2,2,2006,2014
WPT_7A7FB5FEDF11E8B21545,10.70434741,92.48893577,1,1,2006,2014
WPT_7AECE5D9919A8C913601,23.65325391,81.43123453,1,1,2006,2014
WPT_7B222D368E5F32EE52E5,30.70123949,77.44689245,2,1,1997,2014
WPT_7B3BB59ADF7A7FD8F42E,26.35819103,90.62965165,1,1,2006,2014
WPT_7B6F0D4EF9BF2C6B23F3,22.058472,87.74863262,3,3,2006,2014
WPT_7BB4D1644FDB51BA996C,29.32849443,76.90184241,2,1,1997,2014
WPT_7C474261137F01BFBAEA,24.47800414,93.92432083,2,1,1997,2014
WPT_7C6E929A7562E34B49C1,12.19647628,76.61206062,2,1,1997,2014
WPT_7CA7D3C1A1BEC1996ADD,13.02934532,76.17354835,2,1,1997,2014
WPT_7CC2D8059222672117E4,10.8197409,78.38403844,2,1,1997,2014
WPT_7CF6D7673A2FA3C417D2,24.83144052,86.81810273,4,2,1997,2014
WPT_7D4D5FE3B2A43E411B74,18.77128065,80.74167338,2,1,1997,2014
WPT_7D6397D1CBEDAA90BB43,19.63113358,84.7095894,2,1,1997,2014
WPT_7D901192731FA69A4B7B,19.19340222,84.18065883,2,1,1997,2014
WPT_7DA7C8AF5CCC99FB9384,26.14560981,91.22567625,2,2,2006,2014
WPT_7E2C31DB9ECD00D64E03,29.29386731,79.41607,2,1,1997,2014
WPT_7E48C0EDCE410DD8C839,30.7243963,76.97827374,1,1,1997,2005
WPT_7E49D0D3251996DA3003,22.41333587,81.83751297,2,1,1997,2014
WPT_7E6FD66EB01DADDB84C8,13.41892189,76.88210216,2,1,1997,2014
WPT_7EEF126DBAB0A151F198,11.30239581,78.11969603,2,1,1997,2014
WPT_7EFCD8AA470CB483F4B8,19.09634639,77.48432926,2,1,1997,2014
WPT_7F1E7E11931DB1617660,28.45375726,79.38984074,2,1,1997,2014
WPT_7F824148A10822B1615A,28.1553194,95.40060673,2,1,1997,2014
WPT_7FD4F6A3FC1980B7A057,30.64660734,76.75115241,4,2,1997,2014
WPT_803A22E3B7EBB2463081,17.70196913,80.81262778,4,2,1997,2014
WPT_803DB8A1D3C0E097B6D5,28.99451688,77.78020786,2,1,1997,2014
WPT_808517FE327AC0217E81,28.20413959,74.37560689,1,1,1997,2005
WPT_80BEC28BDE2D5DDEC6B1,25.87022591,87.96743925,2,1,1997,2014
WPT_814AC48E25596EA8B535,26.6284492,89.14119926,2,1,1997,2014
WPT_815CA8B12B81383CFFAF,21.801134,84.01764766,2,1,1997,2014
WPT_81681DED9F42CB89B6F0,21.97770958,76.65511577,1,1,2006,2014
WPT_817363FEBE141B6EA5F9,26.28049586,86.78308319,2,1,1997,2014
WPT_818DA67F23365AF771E0,25.8737489,81.83344568,4,2,1997,2014
WPT_81AFD0E942AC87A996F3,31.38447645,75.34373396,2,1,1997,2014
WPT_82208F8F6E4E1D6BF3B7,25.35988201,79.70535131,2,1,1997,2014
WPT_82FD1030A1E5717711F5,18.16965331,76.11922163,2,1,1997,2014
WPT_834524DB991B29E514CA,25.87349349,84.12913195,2,1,1997,2014
WPT_83906F18919526FDAD65,34.57757902,74.28903286,2,1,1997,2014
WPT_83B427621952A8F31BDF,20.36941582,85.46821523,2,1,1997,2014
WPT_8483A9A6BE86ABB084B3,21.18853849,73.55636945,2,1,1997,2014
WPT_849660C059FCADFDCE3C,31.32543504,74.84309528,2,1,1997,2014
WPT_84AA1203B07C896F57BA,34.24787064,75.13559326,2,2,1997,2005
WPT_85FC1FC991915A02627B,15.41612631,75.68206133,2,1,1997,2014
WPT_8639C8894D32281A23C1,28.17770049,77.37283828,2,2,1997,2005
WPT_863DD2CC834AEF427CDD,26.25598297,89.42403132,2,1,1997,2014
WPT_864EAE55648608790206,26.38600517,77.85952991,6,3,1997,2014
WPT_86872E2A6CB924D87F99,33.53852332,76.06263154,1,1,1997,2005
WPT_86B374A8B448BCB2E25F,20.43150277,73.14462255,2,1,1997,2014
WPT_873812A34FB7C5A963AB,28.61467312,76.66848007,1,1,2006,2014
WPT_873D75E2A4837F3F8B3D,8.32891437,77.35528593,2,1,1997,2014
WPT_8757A40EFEE0F308A133,18.94734431,75.67090176,2,1,1997,2014
WPT_877605F1AD3744B4CD3E,27.44485355,93.06611291,2,1,1997,2014
WPT_88BD1D5952D60AA1E9A5,24.24235916,82.1197437,1,1,1997,2005
WPT_890F70E694F5254303F9,25.27805016,81.90352757,2,1,1997,2014
WPT_8919C306BD2C6A6F4CFC,29.69495371,76.92456047,1,1,2006,2014
WPT_898307B3B898B307C73D,10.81145276,77.07841209,2,1,1997,2014
WPT_89AD388FA31FDAEA1A21,28.89260654,76.57576909,1,1,2006,2014
WPT_89EAFC231CD2975BFB99,31.59423903,78.3328222,2,1,1997,2014
WPT_8A44DF1F40CF2A0AE4A2,25.5123393,91.17047705,4,2,1997,2014
WPT_8B02F95C969C6925B12D,19.66006508,81.07947345,2,1,1997,2014
WPT_8B0F63DF2EF5428F5C58,20.56305174,76.41063666,2,1,1997,2014
WPT_8BD53AA4B659BCA7E2A6,19.44551038,81.79192811,3,3,2006,2014
WPT_8BE50CE14B92A55433D2,34.59507875,74.73265345,1,1,2006,2014
WPT_8C06DC7816AFFC26EC15,25.83324979,80.91458187,2,1,1997,2014
WPT_8CAA25E1B7D6D3B5C4D0,30.17742439,75.04886689,2,1,1997,2014
WPT_8CB8350CA06D6C5BC85F,29.44351085,77.58954087,2,1,1997,2014
WPT_8CEC152E51981F241F13,26.06275219,90.57993687,2,1,1997,2014
WPT_8DC19EF0EEC3620A4B82,26.40599189,82.5686519,3,2,1997,2014
WPT_8DDF9411F98340D83E5D,33.07943426,74.96781792,1,1,1997,2005
WPT_8E7E7E784E68BF73096F,23.67762265,73.81874773,2,1,1997,2014
WPT_8F44377ACEB71843D97B,27.27976104,88.67833632,2,1,1997,2014
WPT_902CE9B1285EB6AC2F7F,18.94999639,72.86511951,2,1,1997,2014
WPT_904ABD9303BA3DC13C9A,16.98699301,76.95975243,1,1,1997,2005
WPT_913CA4837517163F1FD6,28.33923111,95.83026023,2,1,1997,2014
WPT_9194B4760541B432AC80,25.37642448,77.82812949,2,1,1997,2014
WPT_923E792053FDA34E93C7,21.23482,83.56890027,2,1,1997,2014
WPT_9277B374E2E4324ED3E6,24.80685453,84.41479438,2,1,1997,2014
WPT_931BCB4C58ACE29B76B4,20.76176928,77.19123502,2,1,1997,2014
WPT_936CB993E71F5EA28C33,21.18541253,82.61607387,2,1,1997,2014
WPT_93C9B67DB1E9AA182112,25.15527831,85.02813,2,2,2006,2014
WPT_9525EF377573B3C2FE47,29.45107204,76.23531587,1,1,2006,2014
WPT_953840677511A0B47EB8,25.19273162,76.01436243,2,1,1997,2014
WPT_95450922AF2D35432761,19.81689603,83.04218646,2,1,1997,2014
WPT_95463542074AA6D26B5D,28.74708781,95.02841971,2,1,1997,2014
WPT_95ED6CB08E39A1338C76,23.54504016,93.2403817,2,1,1997,2014
WPT_95F6D0906B890F974C39,9.51968675,78.52016194,2,1,1997,2014
WPT_96AFC7161D1354C08307,27.73029062,81.47683743,2,1,1997,2014
WPT_96BF3936D3A38A9330D7,27.64468433,93.95910463,1,1,2006,2014
WPT_98403B1CDDD470A52EBC,26.71394073,79.08577273,2,1,1997,2014
WPT_994F4946E9F5A55888DC,27.20047866,79.07664668,4,2,1997,2014
WPT_99BBF0131E0A684B2F33,28.50080932,80.09029695,2,1,1997,2014
WPT_99BC59CE92149EF66EF6,9.4907163,76.41464279,2,1,1997,2014
WPT_9A6F7493C964FD500F3B,23.76932814,71.6781533,1,1,2006,2014
WPT_9A7D7B7C258F89A446D4,17.16205937,82.05657923,2,1,1997,2014
WPT_9B634E9DD0C01CC34254,30.28347818,74.52589237,2,1,1997,2014
WPT_9B6452E809036C204F4B,16.13407402,73.66240281,2,1,1997,2014
WPT_9BCD783CAF239DC09710,27.75507328,88.52373978,2,1,1997,2014
WPT_9CCCCC3FCCB59759A859,24.45773145,85.49906669,2,1,1997,2014
WPT_9D6A3EDF8858550916E6,29.98453594,77.50547685,2,1,1997,2014
WPT_9DA04011336ACF950538,29.53471915,75.57484121,2,1,1997,2014
WPT_9E292FA1B60EED2D6148,23.50186536,74.95629801,2,1,1997,2014
WPT_9E7F783AEA5D4A2B0B3A,26.26518751,87.36299295,4,2,1997,2014
WPT_9EB5A287B1CD8F2009B5,22.33059693,70.0626959,2,1,1997,2014
WPT_9ECE05D24BC0AB8C4A42,24.86621143,87.30662611,2,1,1997,2014
WPT_9EFE530148566BF7C0BF,29.60896376,74.90390267,2,1,1997,2014
WPT_9F24A508F9538071B4FE,26.37760271,91.05437484,1,1,2006,2014
WPT_9F60A9E150C2E7469A12,20.11752602,80.97943368,2,1,1997,2014
WPT_9FC65160E7DE64E61887,29.28762783,80.06273653,2,1,1997,2014
WPT_A035D9F1F58727B0553E,26.02306465,94.51876734,2,1,1997,2014
WPT_A0B0779085935E4F2754,20.84184742,75.52866576,4,2,1997,2014
WPT_A1E3B3CA02F00BC3A82F,9.4918435,77.86576378,2,1,1997,2014
WPT_A201659A311A434962B6,25.91801677,78.56743495,4,2,1997,2014
WPT_A23AEF650878CB32821A,26.57224672,85.58554953,2,1,1997,2014
WPT_A23FCF09F7B80E33DCDE,30.59820581,74.79702076,2,1,1997,2014
WPT_A2AD7CDC30E644EE69C6,12.38268612,75.66189233,2,1,1997,2014
WPT_A2F8842D48CDC78FC473,20.55126208,86.54083273,2,1,1997,2014
WPT_A45A84483F2789D9D803,26.80757859,76.42895503,2,1,1997,2014
WPT_A5C0EC66195F3C39B081,30.20793874,75.7305651,1,1,1997,2005
WPT_A6A2F3D4C5DFC0B0CDCF,10.28966116,78.81913125,2,1,1997,2014
WPT_A6A9DF92E37BC7C33CE1,27.4369249,79.49775619,2,1,1997,2014
WPT_A6F1558B341C3E45FF28,10.78993164,77.53556051,2,1,1997,2014
WPT_A7ACE54228FD2A440191,16.4282665,81.06260897,2,1,1997,2014
WPT_A7DB5CA2F5AA32A6BC1C,27.33399854,92.43738929,2,1,1997,2014
WPT_A820282B3550DAC894F5,10.8492909,78.7249069,4,2,1997,2014
WPT_A835CA368E07EA434354,21.73708993,73.62631193,1,1,2006,2014
WPT_A95D692AF3FA9C5BF9FE,31.23991214,77.71693474,2,1,1997,2014
WPT_A9B19330BEF51B7D097A,25.60897377,73.41436304,2,1,1997,2014
WPT_A9C28572E7D4532027CB,29.44972995,76.37333978,1,1,1997,2005
WPT_AA317405E51046770DEC,33.63932666,74.64477373,2,1,1997,2014
WPT_AAD2F3C205CA85655514,20.8533255,83.85143471,2,1,1997,2014
WPT_AAE756C6DFEF2EC7A870,23.14324619,85.37987153,1,1,1997,2005
WPT_AAFF22ABDF5F1396D4CD,27.30380652,93.63551522,4,2,1997,2014
WPT_AB4E488CC9BE63579631,25.08825029,94.43459837,2,1,1997,2014
WPT_ABFED97310CAB6C84C78,12.42507189,79.00149051,2,1,1997,2014
WPT_AC259FEEDB9741BCF1F9,23.72120655,80.2530282,4,2,1997,2014
WPT_AC32CE509C1434B209F8,26.22829469,76.30654661,2,1,1997,2014
WPT_AC55F0C0036607CA34C2,20.82895036,82.12689562,6,3,1997,2014
WPT_AC7A734246C360BDFCEE,21.20277977,70.41316599,2,1,1997,2014
WPT_AD0328389F9D1C96CDE6,32.58903515,75.13964641,2,1,1997,2014
WPT_AD27862F43F2C40A4720,8.96804796,76.85851249,2,1,1997,2014
WPT_AD2E96235D1ED8A93561,25.3727812,82.94484048,4,2,1997,2014
WPT_AE05BE728814C1726755,15.36933595,75.13538371,2,1,1997,2014
WPT_AEE5A548256AC0C4B592,26.19131612,94.9091281,1,1,1997,2005
WPT_AEECA0959748F8013125,18.64254052,73.921461,2,1,1997,2014
WPT_AF58EC24A175DCC32D7D,31.56854278,74.99028331,1,1,1997,2005
WPT_AF62507C758FABF44A02,29.89216611,78.00122398,2,1,1997,2014
WPT_AF7E046CE9F5551FC8E1,13.18046203,78.26858167,1,1,2006,2014
WPT_AF9E86B8135FE6EE55E3,17.38931282,78.45656472,4,2,1997,2014
WPT_B05BD48C95D8BD476A3A,30.3776803,77.10395165,1,1,1997,2005
WPT_B0976019F68C52481DAE,31.6548033,76.53953735,2,1,1997,2014
WPT_B0B17E0219744B58B993,26.31491609,81.99119399,2,1,1997,2014
WPT_B0BD7CEA8C987833D41A,25.03448819,87.69246537,2,1,1997,2014
WPT_B11FE35FC73071A2174A,20.02493199,75.15614356,2,1,1997,2014
WPT_B12E79086BF2055A1D87,27.87291139,78.13922832,6,3,1997,2014
WPT_B1E3CCC60AD84E5F23C0,15.63552072,79.51129157,2,1,1997,2014
WPT_B21229084C107585D27C,9.81351166,77.00182843,2,1,1997,2014
WPT_B21FFFC353F8383C5497,30.78768886,75.82469117,1,1,2006,2014
WPT_B2699A520F6D188499E7,29.27632165,75.76212622,1,1,1997,2005
WPT_B28FCF8C3115A756EB92,27.19457838,78.48684902,2,1,1997,2014
WPT_B2AD19CDA845B7639F29,9.28095938,76.9752027,2,1,1997,2014
WPT_B2CFD8FEAE5F6ABB2B08,19.83080139,85.65627798,2,1,1997,2014
WPT_B34202762F9554BDD5DB,11.28027022,77.58781922,1,1,1997,2005
WPT_B34CF5E1F6108A969EB2,22.58131447,74.50183694,1,1,1997,2005
WPT_B3B009E162868EB67799,25.68663191,94.39444283,2,1,1997,2014
WPT_B3E1B306071CDAB1AE45,10.47835393,76.27307208,2,1,1997,2014
WPT_B3F91A929BEA32E1099B,26.83249952,88.30980082,2,1,1997,2014
WPT_B4B708B412976E8A3C96,26.34976016,78.68685742,2,1,1997,2014
WPT_B4F5AA73BDD333B3CEBF,31.00446911,76.56582402,1,1,1997,2005
WPT_B596231EB8543F770E04,30.34714379,76.95924471,1,1,2006,2014
WPT_B5B4643AD86619AAFDF7,29.88235011,78.68295038,2,1,1997,2014
WPT_B668A7A6DDB1E10582BE,10.64391987,79.50714296,2,1,1997,2014
WPT_B67B215750BD2505DC4B,25.77653118,86.0079087,6,3,1997,2014
WPT_B6D974EAC6DC6E3D24D7,21.67472649,71.93543587,2,1,1997,2014
WPT_B6E01401FEC9C80620C1,17.28330467,78.1083152,4,2,1997,2014
WPT_B70E51310D89CB3E248E,23.26566992,92.85285523,2,1,1997,2014
WPT_B74FF055671887C41159,22.27156845,79.72012054,2,1,1997,2014
WPT_B7E2D04C0AAA92098280,13.48284445,74.89500301,2,1,1997,2014
WPT_B8A8AAACC652F35DC563,21.60221672,69.85310909,4,2,1997,2014
WPT_B8B36580A3C4D8C2A2DC,27.50287144,80.83480692,2,1,1997,2014
WPT_B923DEAECB2D30CE0450,25.22218707,86.51793494,2,1,1997,2014
WPT_B9442E3859814B48DA1A,30.23443918,76.33568835,3,3,2006,2014
WPT_B97DC7BBC25C573EA1FA,26.62059398,82.11308828,1,1,1997,2005
WPT_B9D70D3E9BCD1C279DE8,31.0569854,76.8516568,2,1,1997,2014
WPT_BA197CB481E1A627B3A9,22.2769435,87.41468998,2,2,1997,2005
WPT_BA609B28426D1DDB471F,24.69782498,78.51819988,2,1,1997,2014
WPT_BAB92648A04F9A598A15,30.20769845,75.82031268,1,1,2006,2014
WPT_BABD9EE89B7AA1D10753,24.01450945,85.56028446,1,1,2006,2014
WPT_BBC4D0C19BC57CA76753,24.09044357,92.19976889,2,1,1997,2014
WPT_BC02675399BD2BD17D1F,26.04338762,82.95637678,1,1,1997,2005
WPT_BC02AFE16BD10B6240A7,24.75632579,81.65502924,2,1,1997,2014
WPT_BC42B4BCF71D351281FC,20.09837238,79.50505417,2,1,1997,2014
WPT_BCC3507FDA5F9FC194A9,27.26316294,77.37140123,2,1,1997,2014
WPT_BD25B8C61AC275CB0B1D,25.77861975,87.41351072,4,2,1997,2014
WPT_BDEB3FC4D0656E62C0B3,25.39337176,93.08365733,2,1,1997,2014
WPT_BE8C3DA726E7361C718A,27.15140552,75.75400956,2,1,1997,2014
WPT_BEC301B35BEE167822C7,23.77072966,71.74370871,1,1,1997,2005
WPT_BF2F74486CA4CEB0F4A6,25.34565581,90.56656039,6,3,1997,2014
WPT_BF3104DC4515AE33EE3C,29.45348325,73.56347753,2,1,1997,2014
WPT_C065D8556F356A9F5823,26.43995343,79.85379151,1,1,1997,2005
WPT_C09910C59EF3090B17F5,25.6012181,83.5101016,4,2,1997,2014
WPT_C0CBAAA161A4792DF4E7,33.12460975,75.55291054,1,1,2006,2014
WPT_C0E0EF0C26E93CB621CA,24.64646223,75.1872927,2,1,1997,2014
WPT_C0E103CF6BAECDEAC4B5,31.40462561,76.64011783,2,1,1997,2014
WPT_C0F697D9CD6DAFB10737,29.23995086,75.8136749,1,1,2006,2014
WPT_C11DCD2028E887AABE20,30.78695226,75.90440695,1,1,1997,2005
WPT_C1706B2447EC56064E26,22.71141259,75.80593603,2,1,1997,2014
WPT_C2626E305172C7BE8AAF,25.44044841,75.75016171,2,1,1997,2014
WPT_C2F2142CEABC86E527C1,25.15215344,84.82672881,2,2,1997,2005
WPT_C3ECF26C96234CA1A769,28.77637315,79.1739705,2,1,1997,2014
WPT_C4019B5A71BF5AFEA73D,19.62605355,82.29424866,2,1,1997,2014
WPT_C4059F477B5586BB9D4B,21.74423496,76.58980897,1,1,1997,2005
WPT_C4176DF08420C2871958,10.9151089,79.79832557,2,1,1997,2014
WPT_C5C3379B58680F308941,33.93500862,75.05762316,1,1,2006,2014
WPT_C5E644306F48025F91F2,23.56652056,72.30356522,2,2,2006,2014
WPT_C5E7CEF04A178DBF71DA,9.8679935,77.42469436,2,1,1997,2014
WPT_C65A8CF08AF4A5DBB26A,21.42160884,71.27913161,3,3,2006,2014
WPT_C67704AD42C7447BF2A9,30.586609,76.34220088,1,1,1997,2005
WPT_C686C00D9B1EB279A951,32.73389998,74.92349952,1,1,1997,2005
WPT_C72F77592F320889CBB6,23.15856343,84.46453183,1,1,2006,2014
WPT_C76C5DC98E3FCEEFF092,24.21219993,81.70038629,1,1,2006,2014
WPT_C78C9251B8D3F0A0F86B,30.45943342,77.9297903,2,1,1997,2014
WPT_C7AB249CEB1CAD7665C9,27.54616533,94.55728349,2,1,1997,2014
WPT_C8AA2C74D2B482F02DA3,23.47990624,84.70266256,2,1,1997,2014
WPT_C92F03AB3B8FA2231450,22.51368705,72.77509947,1,1,1997,2005
WPT_CA67EA2043D0BD5EF5F0,17.85932596,78.22147265,4,2,1997,2014
WPT_CB1970C22C463E59C863,27.99138404,93.34244991,2,1,1997,2014
WPT_CB6FDF4AD0620CF4340A,30.12447176,80.47918929,2,1,1997,2014
WPT_CB80DBD30910F7AE5982,26.57296671,80.61588466,2,1,1997,2014
WPT_CC1ED26C57F3AA025BF3,7.00040199,93.81029172,3,2,1997,2014
WPT_CC25A96E8BC78F56CE10,20.64371963,84.00204696,2,1,1997,2014
WPT_CC2CEDE9A35202059D35,33.19498699,74.77430059,2,1,1997,2014
WPT_CD748550672F0857F1A5,26.14815036,85.3339574,2,1,1997,2014
WPT_CDDCB2474320FBAF71DD,24.23627333,92.7131071,2,1,1997,2014
WPT_CE07699D54F5DA571741,27.65934351,91.94462756,2,1,1997,2014
WPT_CE0BF18EBEDFF3B0A726,22.06612472,83.30930504,2,1,1997,2014
WPT_CE140DE405ED4261E06D,22.28636951,74.35613683,3,2,1997,2014
WPT_CED3487B540B242C517B,24.75742689,86.30374068,4,2,1997,2014
WPT_CEDE07DE49427D6DA028,27.33760274,80.10007773,4,2,1997,2014
WPT_CF15C385EE8567C53905,23.49310186,77.39676167,2,1,1997,2014
WPT_CF6AC0AA7DFEE0606FE9,18.62325902,83.97164116,2,1,1997,2014
WPT_CF9CFB18432FD84C425A,22.92379469,85.3054066,2,1,1997,2014
WPT_CFBDEB054D3C4AA28D96,26.56542677,92.06900424,1,1,1997,2005
WPT_D02034B2BA961C1C174B,12.51477591,78.00564536,2,1,1997,2014
WPT_D026C8187D10EA8CEC30,26.83204435,82.55055578,2,1,1997,2014
WPT_D04BDB22F6F87F1F3C1E,25.57919374,90.19292431,2,1,1997,2014
WPT_D0F6264719334B4FA6AD,26.42365132,84.37305829,2,1,1997,2014
WPT_D10AC6529C7CA6C1B679,29.9994601,79.81679317,2,1,1997,2014
WPT_D120F98EE3D8C398AFF5,23.71750893,76.1308341,2,1,1997,2014
WPT_D18240FDF86790614BA7,21.858344,80.32445482,2,1,1997,2014
WPT_D1D0BCD7DE588970DB2A,28.19670236,76.56112328,1,1,1997,2005
WPT_D20CECF6196F557A1A0F,14.29261723,79.78248572,2,1,1997,2014
WPT_D2246FE138CE3EF4BFF2,24.57975889,80.812026,2,1,1997,2014
WPT_D27AA3B1637974A82DBC,26.42435243,83.7645509,2,1,1997,2014
WPT_D2944A565FF6E6A462BC,27.30390403,88.38276134,2,1,1997,2014
WPT_D2AE6E8BFDC6702EADD5,23.69435147,85.99736319,2,1,1997,2014
WPT_D33062BABEF6949D0CFC,27.07456089,77.89157835,6,3,1997,2014
WPT_D4252160762E094A7833,21.51289641,74.54391555,2,1,1997,2014
WPT_D4B899F1647975643055,33.69950849,74.18135961,2,1,1997,2014
WPT_D4FA33823C21859EE814,27.11084139,81.92726867,2,1,1997,2014
WPT_D5D1C34085E128B88BCC,12.72041546,77.31948451,2,1,1997,2014
WPT_D5F3793EB6D12152D052,24.9764841,93.5271177,2,1,1997,2014
WPT_D62E54B470F20E4ED5C8,26.12022483,75.66522329,2,1,1997,2014
WPT_D65A6C89A04B1CC4F249,11.19178163,79.69706054,2,1,1997,2014
WPT_D6F2D282C8B37D1CAC4A,23.35301184,91.61051847,2,1,1997,2014
WPT_D7223FC70CBC5316AD74,28.38213737,77.58387131,2,1,1997,2014
WPT_D7FB0107E54BFC840486,33.88298234,76.44696732,2,1,1997,2014
WPT_D8A293DD21B8F86B3A65,20.98599471,86.59808108,2,1,1997,2014
WPT_D8E7AC9E48A79074A0A2,21.33467343,76.37249413,2,1,1997,2014
WPT_D93D0B712BEB6ABD4E2A,25.35808763,82.50269596,1,1,1997,2005
WPT_D9401D5C198252BA345C,24.4482924,80.14764435,2,1,1997,2014
WPT_D95B23E0A3BFE1DE56CD,13.2538646,80.05375471,2,1,1997,2014
WPT_D98E20936FB32813AE18,11.70192492,75.53767266,2,1,1997,2014
WPT_D9E07F19BC8D712CA004,10.42583614,77.81640244,2,1,1997,2014
WPT_DA663A7DAB429EC8B7EB,14.36795745,75.88788461,2,1,1997,2014
WPT_DD15EBE1E043133ACA17,21.18916893,73.22301694,2,2,1997,2005
WPT_DD1A88C3FFF3DF4B18B1,20.30283389,77.24386708,2,1,1997,2014
WPT_DD2F81E5530540476951,24.53309861,87.59718672,2,1,1997,2014
WPT_DD5B002194D586554E34,22.37490754,93.07586744,2,1,1997,2014
WPT_DDFE2FD40164B43BE3D5,26.40850085,80.29412127,1,1,1997,2005
WPT_DE0AB0B3706E73D0A228,16.46099639,74.08879291,2,1,1997,2014
WPT_DE68FD6AA14BDC25B31B,11.44676152,76.69780405,2,1,1997,2014
WPT_DEDB0BFB636F9E99FF6A,25.38249556,88.54532742,2,1,1997,2014
WPT_DF63000DEA3095CCB0D7,24.80013644,72.82814729,2,1,1997,2014
WPT_DF6C9120A35435B654C6,22.80629809,88.66042493,2,1,1997,2014
WPT_DFB16617AEA1C3B35C42,25.50694084,84.10871511,2,1,1997,2014
WPT_DFBC7FA5A2090F8B7C56,19.96326512,75.82790979,2,1,1997,2014
WPT_DFC78F2500F1317BDA01,31.0867689,76.52860663,1,1,2006,2014
WPT_E035C4846E235F5F845D,26.04324938,83.02068871,1,1,2006,2014
WPT_E08D99244BD5290CABC0,24.04801514,83.65594103,2,1,1997,2014
WPT_E09979C2A0BD56BD5521,20.53814041,82.53022013,2,1,1997,2014
WPT_E0A9E83DB70007B8471A,32.50053069,77.58365346,2,1,1997,2014
WPT_E161BC0BF6E18EBCC65A,25.15326029,86.17839075,2,1,1997,2014
WPT_E17AF629DEB389EC2DBE,26.24477423,87.90650722,4,2,1997,2014
WPT_E20F488665B701742748,22.93486522,73.11332708,1,1,1997,2005
WPT_E2B1F241324A2BF68938,22.95172535,92.76221654,2,1,1997,2014
WPT_E2BE68413AF7672D6941,28.18241909,80.71695395,2,1,1997,2014
WPT_E33E74789520498EE3C0,12.33003515,78.09199043,1,1,1997,2005
WPT_E340893A176E137DEB07,21.201069,81.40199312,4,2,1997,2014
WPT_E3AF2776F9292FC11915,27.96489098,79.78709859,2,1,1997,2014
WPT_E402FA91B7F144ECB234,30.05257077,76.7611614,1,1,2006,2014
WPT_E4239B30C78E2A8A8446,21.10414198,84.9581085,2,1,1997,2014
WPT_E433853406C831B3D622,25.21364586,81.15810525,2,1,1997,2014
WPT_E5E11843B3063491A40B,25.8110179,94.84913717,2,1,1997,2014
WPT_E6475908FDDF6BC814E9,25.78275795,86.93719968,4,2,1997,2014
WPT_E665E30C07B13FA8F728,21.51860072,86.89378119,2,1,1997,2014
WPT_E6A700D0D2AB0F9190CA,22.87002463,73.62799306,2,1,1997,2014
WPT_E6BE06245A15D752B603,24.70378331,93.13851249,2,1,1997,2014
WPT_E6E0521FE4AD1A04E297,29.70373111,79.42696182,2,1,1997,2014
WPT_E723864AE3A878FF63BB,27.63807448,76.61628743,2,1,1997,2014
WPT_E7B8C84966BA8B4D2DC0,12.61158497,92.83153129,4,3,1997,2014
WPT_E7ECC93F9F065D5634A0,22.60145707,77.92627589,2,1,1997,2014
WPT_E83EE9DB4EC003A8950A,21.43534608,84.74568765,2,1,1997,2014
WPT_E8557EB9AC2F9AAEB87F,24.21425116,84.17590555,1,1,2006,2014
WPT_E8EA534BC1C8BE97CCBC,29.36672565,74.27252266,2,1,1997,2014
WPT_E9062B76450D58372E83,26.43825096,92.00812713,1,1,2006,2014
WPT_E914B63D84A380E5F050,10.6609086,79.19259968,2,1,1997,2014
WPT_E94A799002D063031021,22.80719411,76.28621055,2,1,1997,2014
WPT_EAF85F39703F8494E220,16.57364249,76.9258538,2,1,1997,2014
WPT_EB410C7018F19A8AE038,13.36064134,78.0620827,1,1,1997,2005
WPT_ED0056052A672A93DEF5,24.28758717,88.37513518,2,1,1997,2014
WPT_ED9476449D8117DD734F,29.71636643,76.92161335,1,1,1997,2005
WPT_EE0C8EB3DF8EF8ABB2EE,22.49949292,88.03561374,2,1,1997,2014
WPT_EEBADBB52F89FAE8270F,34.1583282,74.93774205,1,1,2006,2014
WPT_EFB74009F33137C336A3,22.61576422,86.38657291,2,1,1997,2014
WPT_F04E94EDFF379C571EC5,11.4886732,77.35306788,1,1,2006,2014
WPT_F064E963D49E29C7E208,27.9599009,96.18799094,1,1,2006,2014
WPT_F0BED572EFBA3570D08F,28.33034951,77.31252602,2,2,2006,2014
WPT_F0F878C664BF307F39E3,21.15417928,77.6430775,2,1,1997,2014
WPT_F113060053A7CA65A743,23.27990145,72.66814953,1,1,2006,2014
WPT_F1344C5866864E613F98,30.23735823,76.33658745,3,3,1997,2005
WPT_F1B501A827166859618E,27.85026085,93.51198409,1,1,1997,2005
WPT_F27FEEE94CBA6DC4518C,20.53732615,81.71683013,2,1,1997,2014
WPT_F2B1E58D08158C5F442C,20.42215379,72.84016816,4,2,1997,2014
WPT_F2C041E3DBD4DBCC99CA,28.59365153,76.65978106,1,1,1997,2005
WPT_F2DBCDB9477FDFA919A9,26.17853827,94.91189166,1,1,2006,2014
WPT_F38DD9937B7640F6162A,24.49844491,77.63778888,2,2,1997,2005
WPT_F3C035FDB35B810DE4A6,33.72250046,74.79818064,1,1,2006,2014
WPT_F40F0DC986ECCB368228,16.81567952,75.88233434,2,1,1997,2014
WPT_F44D6C7AE3DD4A927BC8,28.06013572,77.29633592,2,1,1997,2014
WPT_F4841FB8A5111F70DEE0,20.60826785,83.16912656,2,1,1997,2014
WPT_F4A7E3662F4B4BB4CEFB,30.64391314,76.34106754,1,1,2006,2014
WPT_F4A98EC11D06752529E2,30.6999932,76.99169809,1,1,2006,2014
WPT_F4E1DD6FA7774CDE099C,23.77619697,73.08373271,2,1,1997,2014
WPT_F4E84A6062D43C9C3AF6,23.84386332,92.91097645,2,1,1997,2014
WPT_F58371EE1E408067A865,26.99392213,94.80716378,2,1,1997,2014
WPT_F5CA466F94231CAC932B,24.4623004,73.65490925,2,1,1997,2014
WPT_F5DD576968AFC3ADB30D,25.79440608,82.48867983,2,1,1997,2014
WPT_F6527BDE799B975C15C0,24.38874957,83.08023902,2,1,1997,2014
WPT_F6C6D72D0914CD9EBB86,24.06244859,87.69794411,2,1,1997,2014
WPT_F6D35F3334626B996F35,30.69245588,75.14133954,1,1,1997,2005
WPT_F7DB3825045ED26E548B,25.61063209,93.81464248,1,1,1997,2005
WPT_F8095F101310F3FA6925,22.51609621,82.63613812,6,3,1997,2014
WPT_F82BB33B81B8F61FB6C7,27.66193239,75.0299805,2,1,1997,2014
WPT_F8CC8CDFB1BCD9AE42B9,22.9347916,79.08568471,3,2,1997,2014
WPT_F92A3ADECA3D49616A8C,28.09413579,77.10249905,1,1,1997,2005
WPT_F98415CA471D5FCE221D,19.6060669,73.1522371,2,1,1997,2014
WPT_F9D8ED0A4949BA0ECB92,22.06044027,83.9336781,2,1,1997,2014
WPT_F9FC9684EA7647013AF5,18.4945892,83.3118534,2,1,1997,2014
WPT_FAA862028876149FC1DD,34.36298543,74.63154436,1,1,1997,2005
WPT_FABF87C21FDB9A20FF53,31.64200074,77.01024864,2,1,1997,2014
WPT_FAD9CA0DD0484D3AB904,18.49292855,73.14132669,2,1,1997,2014
WPT_FAE469011C26E70D6B6A,25.29923675,73.82820425,2,1,1997,2014
WPT_FB50095F4E23EE08CE42,27.54643563,78.77236057,2,2,2006,2014
WPT_FBD6665BF58939EE104D,23.20209523,86.30092764,4,2,1997,2014
WPT_FBEBF82900BCB63CEF1D,25.92342485,84.7737912,4,2,1997,2014
WPT_FC88B1799E7DAF5F81E0,15.55488248,77.90436643,2,1,1997,2014
WPT_FCFCF93684CF507815CB,12.82225976,75.22560111,2,1,1997,2014
WPT_FD22E67E6FE37A388641,11.46419044,75.88005799,2,1,1997,2014
WPT_FDBEF9CE3D2A9B630F43,20.20650782,73.00811326,2,1,1997,2014
WPT_FDC11B9D912C39C54E50,26.52150197,85.30547137,4,2,1997,2014
WPT_FEC1ED1D366027F83841,25.78180531,79.83330617,2,1,1997,2014
WPT_FEF3ACCBB23F84CD0A7D,22.57751665,75.22557271,8,4,1997,2014
WPT_FFE7D790ACE02044E014,11.10532599,76.11484024,2,1,1997,2014
